variable,group,level,text,cond,reader,x90,at90,x50,at50,first,last,min
soft,splat,L,all,front,jsqr,0.595,crossed,0.775,crossed,1,0,0
soft,splat,L,all,front,zxing,0.61,crossed,0.813,crossed,1,0,0
soft,splat,L,all,front,zxingcpp,0.775,crossed,0.875,crossed,1,0,0
soft,splat,L,all,front,any,0.775,crossed,0.875,crossed,1,0,0
soft,splat,L,all,phone,jsqr,0.576,crossed,0.679,crossed,1,0,0
soft,splat,L,all,phone,zxing,0.57,crossed,0.65,crossed,1,0,0
soft,splat,L,all,phone,zxingcpp,0.57,crossed,0.65,crossed,1,0,0
soft,splat,L,all,phone,any,0.576,crossed,0.679,crossed,1,0,0
soft,splat,L,all,hard,jsqr,0.55,start,0.55,start,0.333,0,0
soft,splat,L,all,hard,zxing,0.55,start,0.55,start,0,0,0
soft,splat,L,all,hard,zxingcpp,0.55,start,0.621,crossed,0.778,0,0
soft,splat,L,all,hard,any,0.55,start,0.638,crossed,0.889,0,0
soft,splat,M,all,front,jsqr,0.55,start,0.69,crossed,0.889,0,0
soft,splat,M,all,front,zxing,0.55,start,0.69,crossed,0.889,0,0
soft,splat,M,all,front,zxingcpp,0.775,crossed,0.875,crossed,1,0,0
soft,splat,M,all,front,any,0.775,crossed,0.875,crossed,1,0,0
soft,splat,M,all,phone,jsqr,0.55,start,0.65,crossed,0.667,0,0
soft,splat,M,all,phone,zxing,0.55,start,0.6,crossed,0.667,0,0
soft,splat,M,all,phone,zxingcpp,0.64,crossed,0.839,crossed,1,0,0
soft,splat,M,all,phone,any,0.64,crossed,0.839,crossed,1,0,0
soft,splat,M,all,hard,jsqr,0.55,start,0.57,crossed,0.556,0,0
soft,splat,M,all,hard,zxing,0.55,start,0.55,start,0.111,0,0
soft,splat,M,all,hard,zxingcpp,0.57,crossed,0.65,crossed,1,0,0
soft,splat,M,all,hard,any,0.57,crossed,0.65,crossed,1,0,0
soft,splat,Q,all,front,jsqr,0.55,start,0.69,crossed,0.889,0,0
soft,splat,Q,all,front,zxing,0.55,start,0.65,crossed,0.667,0,0
soft,splat,Q,all,front,zxingcpp,0.775,crossed,0.875,crossed,1,0,0
soft,splat,Q,all,front,any,0.775,crossed,0.875,crossed,1,0,0
soft,splat,Q,all,phone,jsqr,0.55,start,0.65,crossed,0.667,0,0
soft,splat,Q,all,phone,zxing,0.55,start,0.57,crossed,0.556,0,0
soft,splat,Q,all,phone,zxingcpp,0.73,crossed,0.859,crossed,1,0,0
soft,splat,Q,all,phone,any,0.73,crossed,0.859,crossed,1,0,0
soft,splat,Q,all,hard,jsqr,0.55,start,0.6,crossed,0.667,0,0
soft,splat,Q,all,hard,zxing,0.55,start,0.55,start,0.111,0,0
soft,splat,Q,all,hard,zxingcpp,0.57,crossed,0.65,crossed,1,0,0
soft,splat,Q,all,hard,any,0.57,crossed,0.65,crossed,1,0,0
soft,splat,H,all,front,jsqr,0.55,start,0.65,crossed,0.667,0,0
soft,splat,H,all,front,zxing,0.55,start,0.65,crossed,0.667,0,0
soft,splat,H,all,front,zxingcpp,0.775,crossed,0.875,crossed,1,0,0
soft,splat,H,all,front,any,0.775,crossed,0.875,crossed,1,0,0
soft,splat,H,all,phone,jsqr,0.55,start,0.625,crossed,0.667,0,0
soft,splat,H,all,phone,zxing,0.55,start,0.6,crossed,0.667,0,0
soft,splat,H,all,phone,zxingcpp,0.595,crossed,0.775,crossed,1,0,0
soft,splat,H,all,phone,any,0.61,crossed,0.813,crossed,1,0,0
soft,splat,H,all,hard,jsqr,0.55,start,0.6,crossed,0.667,0,0
soft,splat,H,all,hard,zxing,0.55,start,0.55,start,0.111,0,0
soft,splat,H,all,hard,zxingcpp,0.57,crossed,0.65,crossed,1,0,0
soft,splat,H,all,hard,any,0.57,crossed,0.65,crossed,1,0,0
soft,splat,L,short,front,jsqr,0.61,crossed,0.813,crossed,1,0,0
soft,splat,L,short,front,zxing,0.775,crossed,0.875,crossed,1,0,0
soft,splat,L,short,front,zxingcpp,0.775,crossed,0.875,crossed,1,0,0
soft,splat,L,short,front,any,0.775,crossed,0.875,crossed,1,0,0
soft,splat,L,short,phone,jsqr,0.58,crossed,0.7,crossed,1,0,0
soft,splat,L,short,phone,zxing,0.57,crossed,0.65,crossed,1,0,0
soft,splat,L,short,phone,zxingcpp,0.57,crossed,0.65,crossed,1,0,0
soft,splat,L,short,phone,any,0.58,crossed,0.7,crossed,1,0,0
soft,splat,L,short,hard,jsqr,0.55,start,0.55,start,0.333,0,0
soft,splat,L,short,hard,zxing,0.55,start,0.55,start,0,0,0
soft,splat,L,short,hard,zxingcpp,0.57,crossed,0.65,crossed,1,0,0
soft,splat,L,short,hard,any,0.57,crossed,0.65,crossed,1,0,0
soft,splat,M,short,front,jsqr,0.775,crossed,0.875,crossed,1,0,0
soft,splat,M,short,front,zxing,0.775,crossed,0.875,crossed,1,0,0
soft,splat,M,short,front,zxingcpp,0.775,crossed,0.875,crossed,1,0,0
soft,splat,M,short,front,any,0.775,crossed,0.875,crossed,1,0,0
soft,splat,M,short,phone,jsqr,0.775,crossed,0.875,crossed,1,0,0
soft,splat,M,short,phone,zxing,0.57,crossed,0.65,crossed,1,0,0
soft,splat,M,short,phone,zxingcpp,0.775,crossed,0.875,crossed,1,0,0
soft,splat,M,short,phone,any,0.775,crossed,0.875,crossed,1,0,0
soft,splat,M,short,hard,jsqr,0.55,start,0.6,crossed,0.667,0,0
soft,splat,M,short,hard,zxing,0.55,start,0.55,start,0,0,0
soft,splat,M,short,hard,zxingcpp,0.57,crossed,0.65,crossed,1,0,0
soft,splat,M,short,hard,any,0.57,crossed,0.65,crossed,1,0,0
soft,splat,Q,short,front,jsqr,0.775,crossed,0.875,crossed,1,0,0
soft,splat,Q,short,front,zxing,0.55,start,0.55,start,0.333,0,0
soft,splat,Q,short,front,zxingcpp,0.775,crossed,0.875,crossed,1,0,0
soft,splat,Q,short,front,any,0.775,crossed,0.875,crossed,1,0,0
soft,splat,Q,short,phone,jsqr,0.775,crossed,0.875,crossed,1,0,0
soft,splat,Q,short,phone,zxing,0.55,start,0.6,crossed,0.667,0,0
soft,splat,Q,short,phone,zxingcpp,0.775,crossed,0.875,crossed,1,0,0
soft,splat,Q,short,phone,any,0.775,crossed,0.875,crossed,1,0,0
soft,splat,Q,short,hard,jsqr,0.57,crossed,0.65,crossed,1,0,0
soft,splat,Q,short,hard,zxing,0.55,start,0.55,start,0,0,0
soft,splat,Q,short,hard,zxingcpp,0.57,crossed,0.65,crossed,1,0,0
soft,splat,Q,short,hard,any,0.57,crossed,0.65,crossed,1,0,0
soft,splat,H,short,front,jsqr,0.775,crossed,0.875,crossed,1,0,0
soft,splat,H,short,front,zxing,0.775,crossed,0.875,crossed,1,0,0
soft,splat,H,short,front,zxingcpp,0.775,crossed,0.875,crossed,1,0,0
soft,splat,H,short,front,any,0.775,crossed,0.875,crossed,1,0,0
soft,splat,H,short,phone,jsqr,0.61,crossed,0.813,crossed,1,0,0
soft,splat,H,short,phone,zxing,0.57,crossed,0.65,crossed,1,0,0
soft,splat,H,short,phone,zxingcpp,0.61,crossed,0.813,crossed,1,0,0
soft,splat,H,short,phone,any,0.775,crossed,0.875,crossed,1,0,0
soft,splat,H,short,hard,jsqr,0.57,crossed,0.65,crossed,1,0,0
soft,splat,H,short,hard,zxing,0.55,start,0.55,start,0,0,0
soft,splat,H,short,hard,zxingcpp,0.57,crossed,0.65,crossed,1,0,0
soft,splat,H,short,hard,any,0.57,crossed,0.65,crossed,1,0,0
soft,splat,L,url,front,jsqr,0.775,crossed,0.875,crossed,1,0,0
soft,splat,L,url,front,zxing,0.775,crossed,0.875,crossed,1,0,0
soft,splat,L,url,front,zxingcpp,0.775,crossed,0.875,crossed,1,0,0
soft,splat,L,url,front,any,0.775,crossed,0.875,crossed,1,0,0
soft,splat,L,url,phone,jsqr,0.58,crossed,0.7,crossed,1,0,0
soft,splat,L,url,phone,zxing,0.57,crossed,0.65,crossed,1,0,0
soft,splat,L,url,phone,zxingcpp,0.57,crossed,0.65,crossed,1,0,0
soft,splat,L,url,phone,any,0.58,crossed,0.7,crossed,1,0,0
soft,splat,L,url,hard,jsqr,0.55,start,0.6,crossed,0.667,0,0
soft,splat,L,url,hard,zxing,0.55,start,0.55,start,0,0,0
soft,splat,L,url,hard,zxingcpp,0.55,start,0.55,start,0.333,0,0
soft,splat,L,url,hard,any,0.55,start,0.6,crossed,0.667,0,0
soft,splat,M,url,front,jsqr,0.57,crossed,0.65,crossed,1,0,0
soft,splat,M,url,front,zxing,0.57,crossed,0.65,crossed,1,0,0
soft,splat,M,url,front,zxingcpp,0.775,crossed,0.875,crossed,1,0,0
soft,splat,M,url,front,any,0.775,crossed,0.875,crossed,1,0,0
soft,splat,M,url,phone,jsqr,0.57,crossed,0.65,crossed,1,0,0
soft,splat,M,url,phone,zxing,0.57,crossed,0.65,crossed,1,0,0
soft,splat,M,url,phone,zxingcpp,0.775,crossed,0.875,crossed,1,0,0
soft,splat,M,url,phone,any,0.775,crossed,0.875,crossed,1,0,0
soft,splat,M,url,hard,jsqr,0.57,crossed,0.65,crossed,1,0,0
soft,splat,M,url,hard,zxing,0.55,start,0.55,start,0.333,0,0
soft,splat,M,url,hard,zxingcpp,0.57,crossed,0.65,crossed,1,0,0
soft,splat,M,url,hard,any,0.57,crossed,0.65,crossed,1,0,0
soft,splat,Q,url,front,jsqr,0.57,crossed,0.65,crossed,1,0,0
soft,splat,Q,url,front,zxing,0.57,crossed,0.65,crossed,1,0,0
soft,splat,Q,url,front,zxingcpp,0.775,crossed,0.875,crossed,1,0,0
soft,splat,Q,url,front,any,0.775,crossed,0.875,crossed,1,0,0
soft,splat,Q,url,phone,jsqr,0.57,crossed,0.65,crossed,1,0,0
soft,splat,Q,url,phone,zxing,0.57,crossed,0.65,crossed,1,0,0
soft,splat,Q,url,phone,zxingcpp,0.775,crossed,0.875,crossed,1,0,0
soft,splat,Q,url,phone,any,0.775,crossed,0.875,crossed,1,0,0
soft,splat,Q,url,hard,jsqr,0.57,crossed,0.65,crossed,1,0,0
soft,splat,Q,url,hard,zxing,0.55,start,0.55,start,0.333,0,0
soft,splat,Q,url,hard,zxingcpp,0.57,crossed,0.65,crossed,1,0,0
soft,splat,Q,url,hard,any,0.57,crossed,0.65,crossed,1,0,0
soft,splat,H,url,front,jsqr,0.55,start,0.6,crossed,0.667,0,0
soft,splat,H,url,front,zxing,0.55,start,0.6,crossed,0.667,0,0
soft,splat,H,url,front,zxingcpp,0.775,crossed,0.875,crossed,1,0,0
soft,splat,H,url,front,any,0.775,crossed,0.875,crossed,1,0,0
soft,splat,H,url,phone,jsqr,0.57,crossed,0.65,crossed,1,0,0
soft,splat,H,url,phone,zxing,0.57,crossed,0.65,crossed,1,0,0
soft,splat,H,url,phone,zxingcpp,0.775,crossed,0.875,crossed,1,0,0
soft,splat,H,url,phone,any,0.775,crossed,0.875,crossed,1,0,0
soft,splat,H,url,hard,jsqr,0.57,crossed,0.65,crossed,1,0,0
soft,splat,H,url,hard,zxing,0.55,start,0.55,start,0.333,0,0
soft,splat,H,url,hard,zxingcpp,0.57,crossed,0.65,crossed,1,0,0
soft,splat,H,url,hard,any,0.57,crossed,0.65,crossed,1,0,0
soft,splat,L,long,front,jsqr,0.57,crossed,0.65,crossed,1,0,0
soft,splat,L,long,front,zxing,0.57,crossed,0.65,crossed,1,0,0
soft,splat,L,long,front,zxingcpp,0.775,crossed,0.875,crossed,1,0,0
soft,splat,L,long,front,any,0.775,crossed,0.875,crossed,1,0,0
soft,splat,L,long,phone,jsqr,0.57,crossed,0.65,crossed,1,0,0
soft,splat,L,long,phone,zxing,0.57,crossed,0.65,crossed,1,0,0
soft,splat,L,long,phone,zxingcpp,0.57,crossed,0.65,crossed,1,0,0
soft,splat,L,long,phone,any,0.57,crossed,0.65,crossed,1,0,0
soft,splat,L,long,hard,jsqr,0.55,start,0.55,start,0,0,0
soft,splat,L,long,hard,zxing,0.55,start,0.55,start,0,0,0
soft,splat,L,long,hard,zxingcpp,0.57,crossed,0.65,crossed,1,0,0
soft,splat,L,long,hard,any,0.57,crossed,0.65,crossed,1,0,0
soft,splat,M,long,front,jsqr,0.55,start,0.6,crossed,0.667,0,0
soft,splat,M,long,front,zxing,0.55,start,0.6,crossed,0.667,0,0
soft,splat,M,long,front,zxingcpp,0.775,crossed,0.875,crossed,1,0,0
soft,splat,M,long,front,any,0.775,crossed,0.875,crossed,1,0,0
soft,splat,M,long,phone,jsqr,0.55,start,0.55,start,0,0,0
soft,splat,M,long,phone,zxing,0.55,start,0.55,start,0,0,0
soft,splat,M,long,phone,zxingcpp,0.58,crossed,0.7,crossed,1,0,0
soft,splat,M,long,phone,any,0.58,crossed,0.7,crossed,1,0,0
soft,splat,M,long,hard,jsqr,0.55,start,0.55,start,0,0,0
soft,splat,M,long,hard,zxing,0.55,start,0.55,start,0,0,0
soft,splat,M,long,hard,zxingcpp,0.57,crossed,0.65,crossed,1,0,0
soft,splat,M,long,hard,any,0.57,crossed,0.65,crossed,1,0,0
soft,splat,Q,long,front,jsqr,0.55,start,0.6,crossed,0.667,0,0
soft,splat,Q,long,front,zxing,0.55,start,0.6,crossed,0.667,0,0
soft,splat,Q,long,front,zxingcpp,0.775,crossed,0.875,crossed,1,0,0
soft,splat,Q,long,front,any,0.775,crossed,0.875,crossed,1,0,0
soft,splat,Q,long,phone,jsqr,0.55,start,0.55,start,0,0,0
soft,splat,Q,long,phone,zxing,0.55,start,0.55,start,0,0,0
soft,splat,Q,long,phone,zxingcpp,0.61,crossed,0.813,crossed,1,0,0
soft,splat,Q,long,phone,any,0.61,crossed,0.813,crossed,1,0,0
soft,splat,Q,long,hard,jsqr,0.55,start,0.55,start,0,0,0
soft,splat,Q,long,hard,zxing,0.55,start,0.55,start,0,0,0
soft,splat,Q,long,hard,zxingcpp,0.57,crossed,0.65,crossed,1,0,0
soft,splat,Q,long,hard,any,0.57,crossed,0.65,crossed,1,0,0
soft,splat,H,long,front,jsqr,0.55,start,0.55,start,0.333,0,0
soft,splat,H,long,front,zxing,0.55,start,0.55,start,0.333,0,0
soft,splat,H,long,front,zxingcpp,0.775,crossed,0.875,crossed,1,0,0
soft,splat,H,long,front,any,0.775,crossed,0.875,crossed,1,0,0
soft,splat,H,long,phone,jsqr,0.55,start,0.55,start,0,0,0
soft,splat,H,long,phone,zxing,0.55,start,0.55,start,0,0,0
soft,splat,H,long,phone,zxingcpp,0.57,crossed,0.65,crossed,1,0,0
soft,splat,H,long,phone,any,0.57,crossed,0.65,crossed,1,0,0
soft,splat,H,long,hard,jsqr,0.55,start,0.55,start,0,0,0
soft,splat,H,long,hard,zxing,0.55,start,0.55,start,0,0,0
soft,splat,H,long,hard,zxingcpp,0.57,crossed,0.65,crossed,1,0,0
soft,splat,H,long,hard,any,0.57,crossed,0.65,crossed,1,0,0
sparse,splat,L,all,front,jsqr,0.255,crossed,0.125,crossed,1,0.333,0.111
sparse,splat,L,all,front,zxing,0.155,crossed,0.088,crossed,1,0.333,0.333
sparse,splat,L,all,front,zxingcpp,0.135,crossed,,never,1,0.667,0.667
sparse,splat,L,all,front,any,0.128,crossed,,never,1,0.778,0.778
sparse,splat,L,all,phone,jsqr,,never,,never,1,1,1
sparse,splat,L,all,phone,zxing,0.155,crossed,0.063,crossed,1,0.444,0.444
sparse,splat,L,all,phone,zxingcpp,,never,,never,1,1,1
sparse,splat,L,all,phone,any,,never,,never,1,1,1
sparse,splat,L,all,hard,jsqr,0.55,start,0.55,start,0.333,0.556,0.333
sparse,splat,L,all,hard,zxing,0.55,start,0.55,start,0,0,0
sparse,splat,L,all,hard,zxingcpp,0.55,start,,never,0.778,0.778,0.778
sparse,splat,L,all,hard,any,0.55,start,,never,0.889,1,0.889
sparse,splat,M,all,front,jsqr,0.55,start,0.085,crossed,0.889,0.111,0.111
sparse,splat,M,all,front,zxing,0.55,start,0.094,crossed,0.889,0.111,0.111
sparse,splat,M,all,front,zxingcpp,0.135,crossed,,never,1,0.667,0.667
sparse,splat,M,all,front,any,0.128,crossed,,never,1,0.778,0.778
sparse,splat,M,all,phone,jsqr,0.55,start,,never,0.667,0.889,0.667
sparse,splat,M,all,phone,zxing,0.55,start,0.088,crossed,0.667,0.333,0.333
sparse,splat,M,all,phone,zxingcpp,,never,,never,1,1,1
sparse,splat,M,all,phone,any,,never,,never,1,1,1
sparse,splat,M,all,hard,jsqr,0.55,start,,never,0.556,0.667,0.556
sparse,splat,M,all,hard,zxing,0.55,start,0.55,start,0.111,0,0
sparse,splat,M,all,hard,zxingcpp,0.128,crossed,,never,1,0.667,0.667
sparse,splat,M,all,hard,any,0.105,crossed,,never,1,0.889,0.889
sparse,splat,Q,all,front,jsqr,0.55,start,0.119,crossed,0.889,0.222,0.222
sparse,splat,Q,all,front,zxing,0.55,start,0.063,crossed,0.667,0.444,0.444
sparse,splat,Q,all,front,zxingcpp,0.135,crossed,,never,1,0.667,0.667
sparse,splat,Q,all,front,any,0.105,crossed,,never,1,0.778,0.778
sparse,splat,Q,all,phone,jsqr,0.55,start,,never,0.667,0.778,0.667
sparse,splat,Q,all,phone,zxing,0.55,start,0.175,crossed,0.556,0.333,0.333
sparse,splat,Q,all,phone,zxingcpp,,never,,never,1,1,1
sparse,splat,Q,all,phone,any,,never,,never,1,1,1
sparse,splat,Q,all,hard,jsqr,0.55,start,,never,0.667,0.667,0.667
sparse,splat,Q,all,hard,zxing,0.55,start,0.55,start,0.111,0,0
sparse,splat,Q,all,hard,zxingcpp,0.105,crossed,0.056,crossed,1,0.444,0.444
sparse,splat,Q,all,hard,any,0.078,crossed,,never,1,0.778,0.778
sparse,splat,H,all,front,jsqr,0.55,start,0.125,crossed,0.667,0.111,0.111
sparse,splat,H,all,front,zxing,0.55,start,0.125,crossed,0.667,0.111,0.111
sparse,splat,H,all,front,zxingcpp,,never,,never,1,1,1
sparse,splat,H,all,front,any,,never,,never,1,1,1
sparse,splat,H,all,phone,jsqr,0.55,start,,never,0.667,1,0.667
sparse,splat,H,all,phone,zxing,0.55,start,0.055,crossed,0.667,0.444,0.444
sparse,splat,H,all,phone,zxingcpp,,never,,never,1,1,1
sparse,splat,H,all,phone,any,,never,,never,1,1,1
sparse,splat,H,all,hard,jsqr,0.55,start,,never,0.667,0.889,0.667
sparse,splat,H,all,hard,zxing,0.55,start,0.55,start,0.111,0.111,0
sparse,splat,H,all,hard,zxingcpp,0.089,crossed,,never,1,0.556,0.556
sparse,splat,H,all,hard,any,0.055,crossed,,never,1,0.889,0.889
sparse,splat,L,short,front,jsqr,0.145,crossed,0.125,crossed,1,0.333,0
sparse,splat,L,short,front,zxing,0.185,crossed,0.125,crossed,1,0.333,0.333
sparse,splat,L,short,front,zxingcpp,0.145,crossed,0.125,crossed,1,0,0
sparse,splat,L,short,front,any,0.143,crossed,0.113,crossed,1,0.333,0.333
sparse,splat,L,short,phone,jsqr,,never,,never,1,1,1
sparse,splat,L,short,phone,zxing,0.185,crossed,0.125,crossed,1,0,0
sparse,splat,L,short,phone,zxingcpp,,never,,never,1,1,1
sparse,splat,L,short,phone,any,,never,,never,1,1,1
sparse,splat,L,short,hard,jsqr,0.55,start,0.55,start,0.333,0,0
sparse,splat,L,short,hard,zxing,0.55,start,0.55,start,0,0,0
sparse,splat,L,short,hard,zxingcpp,,never,,never,1,1,1
sparse,splat,L,short,hard,any,,never,,never,1,1,1
sparse,splat,M,short,front,jsqr,0.143,crossed,0.113,crossed,1,0.333,0.333
sparse,splat,M,short,front,zxing,0.143,crossed,0.113,crossed,1,0,0
sparse,splat,M,short,front,zxingcpp,0.145,crossed,0.125,crossed,1,0,0
sparse,splat,M,short,front,any,0.143,crossed,0.113,crossed,1,0.333,0.333
sparse,splat,M,short,phone,jsqr,,never,,never,1,1,1
sparse,splat,M,short,phone,zxing,,never,,never,1,1,1
sparse,splat,M,short,phone,zxingcpp,,never,,never,1,1,1
sparse,splat,M,short,phone,any,,never,,never,1,1,1
sparse,splat,M,short,hard,jsqr,0.55,start,,never,0.667,1,0.667
sparse,splat,M,short,hard,zxing,0.55,start,0.55,start,0,0,0
sparse,splat,M,short,hard,zxingcpp,0.135,crossed,,never,1,0.667,0.667
sparse,splat,M,short,hard,any,,never,,never,1,1,1
sparse,splat,Q,short,front,jsqr,0.145,crossed,0.125,crossed,1,0.333,0
sparse,splat,Q,short,front,zxing,0.55,start,0.55,start,0.333,0.333,0.333
sparse,splat,Q,short,front,zxingcpp,0.145,crossed,0.125,crossed,1,0,0
sparse,splat,Q,short,front,any,0.135,crossed,0.075,crossed,1,0.333,0.333
sparse,splat,Q,short,phone,jsqr,,never,,never,1,1,1
sparse,splat,Q,short,phone,zxing,0.55,start,0.337,crossed,0.667,1,0
sparse,splat,Q,short,phone,zxingcpp,,never,,never,1,1,1
sparse,splat,Q,short,phone,any,,never,,never,1,1,1
sparse,splat,Q,short,hard,jsqr,,never,,never,1,1,1
sparse,splat,Q,short,hard,zxing,0.55,start,0.55,start,0,0,0
sparse,splat,Q,short,hard,zxingcpp,0.085,crossed,,never,1,0.667,0.667
sparse,splat,Q,short,hard,any,,never,,never,1,1,1
sparse,splat,H,short,front,jsqr,0.135,crossed,0.075,crossed,1,0.333,0.333
sparse,splat,H,short,front,zxing,0.135,crossed,0.075,crossed,1,0.333,0.333
sparse,splat,H,short,front,zxingcpp,,never,,never,1,1,1
sparse,splat,H,short,front,any,,never,,never,1,1,1
sparse,splat,H,short,phone,jsqr,,never,,never,1,1,1
sparse,splat,H,short,phone,zxing,0.095,crossed,0.075,crossed,1,0,0
sparse,splat,H,short,phone,zxingcpp,,never,,never,1,1,1
sparse,splat,H,short,phone,any,,never,,never,1,1,1
sparse,splat,H,short,hard,jsqr,,never,,never,1,1,1
sparse,splat,H,short,hard,zxing,0.55,start,0.55,start,0,0,0
sparse,splat,H,short,hard,zxingcpp,0.085,crossed,,never,1,0.667,0.667
sparse,splat,H,short,hard,any,,never,,never,1,1,1
sparse,splat,L,url,front,jsqr,0.143,crossed,0.113,crossed,1,0.333,0.333
sparse,splat,L,url,front,zxing,0.135,crossed,0.075,crossed,1,0.333,0.333
sparse,splat,L,url,front,zxingcpp,,never,,never,1,1,1
sparse,splat,L,url,front,any,,never,,never,1,1,1
sparse,splat,L,url,phone,jsqr,,never,,never,1,1,1
sparse,splat,L,url,phone,zxing,0.085,crossed,,never,1,0.667,0.667
sparse,splat,L,url,phone,zxingcpp,,never,,never,1,1,1
sparse,splat,L,url,phone,any,,never,,never,1,1,1
sparse,splat,L,url,hard,jsqr,0.55,start,,never,0.667,0.667,0.667
sparse,splat,L,url,hard,zxing,0.55,start,0.55,start,0,0,0
sparse,splat,L,url,hard,zxingcpp,0.55,start,0.55,start,0.333,0.667,0.333
sparse,splat,L,url,hard,any,0.55,start,,never,0.667,1,0.667
sparse,splat,M,url,front,jsqr,0.185,crossed,0.075,crossed,1,0,0
sparse,splat,M,url,front,zxing,0.185,crossed,0.125,crossed,1,0,0
sparse,splat,M,url,front,zxingcpp,,never,,never,1,1,1
sparse,splat,M,url,front,any,,never,,never,1,1,1
sparse,splat,M,url,phone,jsqr,,never,,never,1,1,1
sparse,splat,M,url,phone,zxing,0.185,crossed,0.125,crossed,1,0,0
sparse,splat,M,url,phone,zxingcpp,,never,,never,1,1,1
sparse,splat,M,url,phone,any,,never,,never,1,1,1
sparse,splat,M,url,hard,jsqr,0.535,crossed,0.075,crossed,1,0.333,0.333
sparse,splat,M,url,hard,zxing,0.55,start,0.55,start,0.333,0,0
sparse,splat,M,url,hard,zxingcpp,0.135,crossed,,never,1,0.667,0.667
sparse,splat,M,url,hard,any,0.135,crossed,,never,1,0.667,0.667
sparse,splat,Q,url,front,jsqr,0.193,crossed,0.163,crossed,1,0,0
sparse,splat,Q,url,front,zxing,0.085,crossed,,never,1,0.667,0.667
sparse,splat,Q,url,front,zxingcpp,,never,,never,1,1,1
sparse,splat,Q,url,front,any,,never,,never,1,1,1
sparse,splat,Q,url,phone,jsqr,,never,,never,1,1,1
sparse,splat,Q,url,phone,zxing,0.243,crossed,0.213,crossed,1,0,0
sparse,splat,Q,url,phone,zxingcpp,,never,,never,1,1,1
sparse,splat,Q,url,phone,any,,never,,never,1,1,1
sparse,splat,Q,url,hard,jsqr,,never,,never,1,1,1
sparse,splat,Q,url,hard,zxing,0.55,start,0.55,start,0.333,0,0
sparse,splat,Q,url,hard,zxingcpp,0.135,crossed,0.075,crossed,1,0.333,0.333
sparse,splat,Q,url,hard,any,,never,,never,1,1,1
sparse,splat,H,url,front,jsqr,0.55,start,0.175,crossed,0.667,0,0
sparse,splat,H,url,front,zxing,0.55,start,0.175,crossed,0.667,0,0
sparse,splat,H,url,front,zxingcpp,,never,,never,1,1,1
sparse,splat,H,url,front,any,,never,,never,1,1,1
sparse,splat,H,url,phone,jsqr,,never,,never,1,1,1
sparse,splat,H,url,phone,zxing,,never,,never,1,1,1
sparse,splat,H,url,phone,zxingcpp,,never,,never,1,1,1
sparse,splat,H,url,phone,any,,never,,never,1,1,1
sparse,splat,H,url,hard,jsqr,0.135,crossed,,never,1,0.667,0.667
sparse,splat,H,url,hard,zxing,0.55,start,0.55,start,0.333,0,0
sparse,splat,H,url,hard,zxingcpp,0.095,crossed,0.075,crossed,1,0,0
sparse,splat,H,url,hard,any,0.085,crossed,,never,1,0.667,0.667
sparse,splat,L,long,front,jsqr,0.285,crossed,0.138,crossed,1,0.333,0
sparse,splat,L,long,front,zxing,0.135,crossed,0.075,crossed,1,0.333,0.333
sparse,splat,L,long,front,zxingcpp,,never,,never,1,1,1
sparse,splat,L,long,front,any,,never,,never,1,1,1
sparse,splat,L,long,phone,jsqr,,never,,never,1,1,1
sparse,splat,L,long,phone,zxing,0.135,crossed,,never,1,0.667,0.667
sparse,splat,L,long,phone,zxingcpp,,never,,never,1,1,1
sparse,splat,L,long,phone,any,,never,,never,1,1,1
sparse,splat,L,long,hard,jsqr,0.55,start,0.55,start,0,1,0
sparse,splat,L,long,hard,zxing,0.55,start,0.55,start,0,0,0
sparse,splat,L,long,hard,zxingcpp,0.085,crossed,,never,1,0.667,0.667
sparse,splat,L,long,hard,any,,never,,never,1,1,1
sparse,splat,M,long,front,jsqr,0.55,start,0.163,crossed,0.667,0,0
sparse,splat,M,long,front,zxing,0.55,start,0.063,crossed,0.667,0.333,0.333
sparse,splat,M,long,front,zxingcpp,,never,,never,1,1,1
sparse,splat,M,long,front,any,,never,,never,1,1,1
sparse,splat,M,long,phone,jsqr,0.55,start,0.55,start,0,0.667,0
sparse,splat,M,long,phone,zxing,0.55,start,0.55,start,0,0,0
sparse,splat,M,long,phone,zxingcpp,,never,,never,1,1,1
sparse,splat,M,long,phone,any,,never,,never,1,1,1
sparse,splat,M,long,hard,jsqr,0.55,start,0.55,start,0,0.667,0
sparse,splat,M,long,hard,zxing,0.55,start,0.55,start,0,0,0
sparse,splat,M,long,hard,zxingcpp,0.085,crossed,,never,1,0.667,0.667
sparse,splat,M,long,hard,any,,never,,never,1,1,1
sparse,splat,Q,long,front,jsqr,0.55,start,0.113,crossed,0.667,0.333,0.333
sparse,splat,Q,long,front,zxing,0.55,start,0.113,crossed,0.667,0.333,0.333
sparse,splat,Q,long,front,zxingcpp,,never,,never,1,1,1
sparse,splat,Q,long,front,any,,never,,never,1,1,1
sparse,splat,Q,long,phone,jsqr,0.55,start,0.55,start,0,0.333,0
sparse,splat,Q,long,phone,zxing,0.55,start,0.55,start,0,0,0
sparse,splat,Q,long,phone,zxingcpp,,never,,never,1,1,1
sparse,splat,Q,long,phone,any,,never,,never,1,1,1
sparse,splat,Q,long,hard,jsqr,0.55,start,0.55,start,0,0,0
sparse,splat,Q,long,hard,zxing,0.55,start,0.55,start,0,0,0
sparse,splat,Q,long,hard,zxingcpp,0.093,crossed,0.063,crossed,1,0.333,0.333
sparse,splat,Q,long,hard,any,0.093,crossed,0.063,crossed,1,0.333,0.333
sparse,splat,H,long,front,jsqr,0.55,start,0.55,start,0.333,0,0
sparse,splat,H,long,front,zxing,0.55,start,0.55,start,0.333,0,0
sparse,splat,H,long,front,zxingcpp,,never,,never,1,1,1
sparse,splat,H,long,front,any,,never,,never,1,1,1
sparse,splat,H,long,phone,jsqr,0.55,start,0.55,start,0,1,0
sparse,splat,H,long,phone,zxing,0.55,start,0.55,start,0,0.333,0
sparse,splat,H,long,phone,zxingcpp,,never,,never,1,1,1
sparse,splat,H,long,phone,any,,never,,never,1,1,1
sparse,splat,H,long,hard,jsqr,0.55,start,0.55,start,0,1,0
sparse,splat,H,long,hard,zxing,0.55,start,0.55,start,0,0.333,0
sparse,splat,H,long,hard,zxingcpp,,never,,never,1,1,1
sparse,splat,H,long,hard,any,,never,,never,1,1,1
per,splat,L,all,front,jsqr,8,start,1.75,crossed,0.889,0,0
per,splat,L,all,front,zxing,2.55,crossed,1.643,crossed,1,0,0
per,splat,L,all,front,zxingcpp,1.9,crossed,1.5,crossed,1,0,0
per,splat,L,all,front,any,1.9,crossed,1.5,crossed,1,0,0
per,splat,L,all,phone,jsqr,2.888,crossed,2.438,crossed,1,0,0
per,splat,L,all,phone,zxing,2.871,crossed,2.357,crossed,1,0,0
per,splat,L,all,phone,zxingcpp,2.9,crossed,2.5,crossed,1,0,0
per,splat,L,all,phone,any,2.85,crossed,2.25,crossed,1,0,0
per,splat,L,all,hard,jsqr,8,start,3.5,crossed,0.667,0,0
per,splat,L,all,hard,zxing,8,start,8,start,0.444,0,0
per,splat,L,all,hard,zxingcpp,3.55,crossed,2.643,crossed,1,0,0
per,splat,L,all,hard,any,3.1,crossed,2.563,crossed,1,0,0
per,splat,M,all,front,jsqr,8,start,1.75,crossed,0.889,0,0
per,splat,M,all,front,zxing,8,start,1.75,crossed,0.889,0,0
per,splat,M,all,front,zxingcpp,1.9,crossed,1.5,crossed,1,0,0
per,splat,M,all,front,any,1.9,crossed,1.5,crossed,1,0,0
per,splat,M,all,phone,jsqr,8,start,2.5,crossed,0.889,0,0
per,splat,M,all,phone,zxing,8,start,1.9,crossed,0.889,0,0
per,splat,M,all,phone,zxingcpp,2.82,crossed,2.1,crossed,1,0,0
per,splat,M,all,phone,any,2.7,crossed,1.75,crossed,1,0,0
per,splat,M,all,hard,jsqr,8,start,2.9,crossed,0.667,0,0
per,splat,M,all,hard,zxing,8,start,8,start,0.444,0,0
per,splat,M,all,hard,zxingcpp,2.9,crossed,2.5,crossed,1,0,0
per,splat,M,all,hard,any,2.9,crossed,2.5,crossed,1,0,0
per,splat,Q,all,front,jsqr,8,start,1.75,crossed,0.889,0,0
per,splat,Q,all,front,zxing,8,start,1.75,crossed,0.556,0,0
per,splat,Q,all,front,zxingcpp,1.9,crossed,1.5,crossed,1,0,0
per,splat,Q,all,front,any,1.9,crossed,1.5,crossed,1,0,0
per,splat,Q,all,phone,jsqr,8,start,2.25,crossed,0.667,0,0
per,splat,Q,all,phone,zxing,8,start,1.9,crossed,0.556,0,0
per,splat,Q,all,phone,zxingcpp,2.1,crossed,1.563,crossed,1,0,0
per,splat,Q,all,phone,any,2.1,crossed,1.563,crossed,1,0,0
per,splat,Q,all,hard,jsqr,8,start,2.75,crossed,0.667,0,0
per,splat,Q,all,hard,zxing,8,start,8,start,0.333,0,0
per,splat,Q,all,hard,zxingcpp,2.9,crossed,2.5,crossed,1,0,0
per,splat,Q,all,hard,any,2.9,crossed,2.5,crossed,1,0,0
per,splat,H,all,front,jsqr,8,start,2.5,crossed,0.778,0,0
per,splat,H,all,front,zxing,8,start,2.5,crossed,0.778,0,0
per,splat,H,all,front,zxingcpp,1.9,crossed,1.5,crossed,1,0,0
per,splat,H,all,front,any,1.9,crossed,1.5,crossed,1,0,0
per,splat,H,all,phone,jsqr,8,start,2.5,crossed,0.667,0,0
per,splat,H,all,phone,zxing,8,start,2.625,crossed,0.667,0,0
per,splat,H,all,phone,zxingcpp,1.9,crossed,1.5,crossed,1,0,0
per,splat,H,all,phone,any,1.9,crossed,1.5,crossed,1,0,0
per,splat,H,all,hard,jsqr,8,start,2.75,crossed,0.667,0,0
per,splat,H,all,hard,zxing,8,start,8,start,0.444,0,0
per,splat,H,all,hard,zxingcpp,2.9,crossed,2.5,crossed,1,0,0
per,splat,H,all,hard,any,2.9,crossed,2.5,crossed,1,0,0
per,splat,L,short,front,jsqr,7.7,crossed,1.5,crossed,1,0,0
per,splat,L,short,front,zxing,1.9,crossed,1.5,crossed,1,0,0
per,splat,L,short,front,zxingcpp,1.9,crossed,1.5,crossed,1,0,0
per,splat,L,short,front,any,1.9,crossed,1.5,crossed,1,0,0
per,splat,L,short,phone,jsqr,2.9,crossed,2.5,crossed,1,0,0
per,splat,L,short,phone,zxing,2.85,crossed,2.25,crossed,1,0,0
per,splat,L,short,phone,zxingcpp,2.9,crossed,2.5,crossed,1,0,0
per,splat,L,short,phone,any,2.85,crossed,2.25,crossed,1,0,0
per,splat,L,short,hard,jsqr,3.85,crossed,3.25,crossed,1,0,0
per,splat,L,short,hard,zxing,7.85,crossed,7.25,crossed,1,0,0
per,splat,L,short,hard,zxingcpp,2.9,crossed,2.5,crossed,1,0,0
per,splat,L,short,hard,any,2.9,crossed,2.5,crossed,1,0,0
per,splat,M,short,front,jsqr,1.9,crossed,1.5,crossed,1,0,0
per,splat,M,short,front,zxing,1.9,crossed,1.5,crossed,1,0,0
per,splat,M,short,front,zxingcpp,1.9,crossed,1.5,crossed,1,0,0
per,splat,M,short,front,any,1.9,crossed,1.5,crossed,1,0,0
per,splat,M,short,phone,jsqr,1.9,crossed,1.5,crossed,1,0,0
per,splat,M,short,phone,zxing,1.9,crossed,1.5,crossed,1,0,0
per,splat,M,short,phone,zxingcpp,1.9,crossed,1.5,crossed,1,0,0
per,splat,M,short,phone,any,1.9,crossed,1.5,crossed,1,0,0
per,splat,M,short,hard,jsqr,3.7,crossed,2.75,crossed,1,0,0
per,splat,M,short,hard,zxing,8,start,4.25,crossed,0.667,0,0
per,splat,M,short,hard,zxingcpp,2.9,crossed,2.5,crossed,1,0,0
per,splat,M,short,hard,any,2.9,crossed,2.5,crossed,1,0,0
per,splat,Q,short,front,jsqr,1.9,crossed,1.5,crossed,1,0,0
per,splat,Q,short,front,zxing,8,start,8,start,0,0,0
per,splat,Q,short,front,zxingcpp,1.9,crossed,1.5,crossed,1,0,0
per,splat,Q,short,front,any,1.9,crossed,1.5,crossed,1,0,0
per,splat,Q,short,phone,jsqr,1.9,crossed,1.5,crossed,1,0,0
per,splat,Q,short,phone,zxing,8,start,1.5,crossed,0.667,0,0
per,splat,Q,short,phone,zxingcpp,1.9,crossed,1.5,crossed,1,0,0
per,splat,Q,short,phone,any,1.9,crossed,1.5,crossed,1,0,0
per,splat,Q,short,hard,jsqr,2.9,crossed,2.5,crossed,1,0,0
per,splat,Q,short,hard,zxing,8,start,8,start,0.333,0,0
per,splat,Q,short,hard,zxingcpp,2.9,crossed,2.5,crossed,1,0,0
per,splat,Q,short,hard,any,2.9,crossed,2.5,crossed,1,0,0
per,splat,H,short,front,jsqr,1.9,crossed,1.5,crossed,1,0,0
per,splat,H,short,front,zxing,1.9,crossed,1.5,crossed,1,0,0
per,splat,H,short,front,zxingcpp,1.9,crossed,1.5,crossed,1,0,0
per,splat,H,short,front,any,1.9,crossed,1.5,crossed,1,0,0
per,splat,H,short,phone,jsqr,1.9,crossed,1.5,crossed,1,0,0
per,splat,H,short,phone,zxing,2.7,crossed,1.75,crossed,1,0,0
per,splat,H,short,phone,zxingcpp,1.9,crossed,1.5,crossed,1,0,0
per,splat,H,short,phone,any,1.9,crossed,1.5,crossed,1,0,0
per,splat,H,short,hard,jsqr,2.9,crossed,2.5,crossed,1,0,0
per,splat,H,short,hard,zxing,8,start,8,start,0.333,0,0
per,splat,H,short,hard,zxingcpp,2.9,crossed,2.5,crossed,1,0,0
per,splat,H,short,hard,any,2.9,crossed,2.5,crossed,1,0,0
per,splat,L,url,front,jsqr,8,start,1.75,crossed,0.667,0,0
per,splat,L,url,front,zxing,1.9,crossed,1.5,crossed,1,0,0
per,splat,L,url,front,zxingcpp,1.9,crossed,1.5,crossed,1,0,0
per,splat,L,url,front,any,1.9,crossed,1.5,crossed,1,0,0
per,splat,L,url,phone,jsqr,2.85,crossed,2.25,crossed,1,0,0
per,splat,L,url,phone,zxing,2.85,crossed,2.25,crossed,1,0,0
per,splat,L,url,phone,zxingcpp,2.9,crossed,2.5,crossed,1,0,0
per,splat,L,url,phone,any,2.7,crossed,1.75,crossed,1,0,0
per,splat,L,url,hard,jsqr,3.7,crossed,2.75,crossed,1,0,0
per,splat,L,url,hard,zxing,8,start,8,start,0,0,0
per,splat,L,url,hard,zxingcpp,3.85,crossed,3.25,crossed,1,0,0
per,splat,L,url,hard,any,3.7,crossed,2.75,crossed,1,0,0
per,splat,M,url,front,jsqr,1.9,crossed,1.5,crossed,1,0,0
per,splat,M,url,front,zxing,1.9,crossed,1.5,crossed,1,0,0
per,splat,M,url,front,zxingcpp,1.9,crossed,1.5,crossed,1,0,0
per,splat,M,url,front,any,1.9,crossed,1.5,crossed,1,0,0
per,splat,M,url,phone,jsqr,2.9,crossed,2.5,crossed,1,0,0
per,splat,M,url,phone,zxing,2.7,crossed,1.75,crossed,1,0,0
per,splat,M,url,phone,zxingcpp,2.85,crossed,2.25,crossed,1,0,0
per,splat,M,url,phone,any,1.9,crossed,1.5,crossed,1,0,0
per,splat,M,url,hard,jsqr,2.9,crossed,2.5,crossed,1,0,0
per,splat,M,url,hard,zxing,8,start,3.5,crossed,0.667,0,0
per,splat,M,url,hard,zxingcpp,2.9,crossed,2.5,crossed,1,0,0
per,splat,M,url,hard,any,2.9,crossed,2.5,crossed,1,0,0
per,splat,Q,url,front,jsqr,1.9,crossed,1.5,crossed,1,0,0
per,splat,Q,url,front,zxing,1.9,crossed,1.5,crossed,1,0,0
per,splat,Q,url,front,zxingcpp,1.9,crossed,1.5,crossed,1,0,0
per,splat,Q,url,front,any,1.9,crossed,1.5,crossed,1,0,0
per,splat,Q,url,phone,jsqr,2.85,crossed,2.25,crossed,1,0,0
per,splat,Q,url,phone,zxing,2.7,crossed,1.75,crossed,1,0,0
per,splat,Q,url,phone,zxingcpp,1.9,crossed,1.5,crossed,1,0,0
per,splat,Q,url,phone,any,1.9,crossed,1.5,crossed,1,0,0
per,splat,Q,url,hard,jsqr,2.9,crossed,2.5,crossed,1,0,0
per,splat,Q,url,hard,zxing,8,start,4.5,crossed,0.667,0,0
per,splat,Q,url,hard,zxingcpp,2.9,crossed,2.5,crossed,1,0,0
per,splat,Q,url,hard,any,2.9,crossed,2.5,crossed,1,0,0
per,splat,H,url,front,jsqr,3.7,crossed,2.75,crossed,1,0,0
per,splat,H,url,front,zxing,3.7,crossed,2.75,crossed,1,0,0
per,splat,H,url,front,zxingcpp,1.9,crossed,1.5,crossed,1,0,0
per,splat,H,url,front,any,1.9,crossed,1.5,crossed,1,0,0
per,splat,H,url,phone,jsqr,2.9,crossed,2.5,crossed,1,0,0
per,splat,H,url,phone,zxing,2.9,crossed,2.5,crossed,1,0,0
per,splat,H,url,phone,zxingcpp,1.9,crossed,1.5,crossed,1,0,0
per,splat,H,url,phone,any,1.9,crossed,1.5,crossed,1,0,0
per,splat,H,url,hard,jsqr,2.9,crossed,2.5,crossed,1,0,0
per,splat,H,url,hard,zxing,3.85,crossed,3.25,crossed,1,0,0
per,splat,H,url,hard,zxingcpp,2.9,crossed,2.5,crossed,1,0,0
per,splat,H,url,hard,any,2.9,crossed,2.5,crossed,1,0,0
per,splat,L,long,front,jsqr,2.85,crossed,2.25,crossed,1,0,0
per,splat,L,long,front,zxing,2.85,crossed,2.25,crossed,1,0,0
per,splat,L,long,front,zxingcpp,1.9,crossed,1.5,crossed,1,0,0
per,splat,L,long,front,any,1.9,crossed,1.5,crossed,1,0,0
per,splat,L,long,phone,jsqr,2.9,crossed,2.5,crossed,1,0,0
per,splat,L,long,phone,zxing,2.9,crossed,2.5,crossed,1,0,0
per,splat,L,long,phone,zxingcpp,2.9,crossed,2.5,crossed,1,0,0
per,splat,L,long,phone,any,2.9,crossed,2.5,crossed,1,0,0
per,splat,L,long,hard,jsqr,8,start,8,start,0,0,0
per,splat,L,long,hard,zxing,8,start,8,start,0.333,0,0
per,splat,L,long,hard,zxingcpp,2.9,crossed,2.5,crossed,1,0,0
per,splat,L,long,hard,any,2.9,crossed,2.5,crossed,1,0,0
per,splat,M,long,front,jsqr,8,start,2.75,crossed,0.667,0,0
per,splat,M,long,front,zxing,8,start,2.75,crossed,0.667,0,0
per,splat,M,long,front,zxingcpp,1.9,crossed,1.5,crossed,1,0,0
per,splat,M,long,front,any,1.9,crossed,1.5,crossed,1,0,0
per,splat,M,long,phone,jsqr,8,start,6.5,crossed,0.667,0,0
per,splat,M,long,phone,zxing,8,start,6.5,crossed,0.667,0,0
per,splat,M,long,phone,zxingcpp,2.9,crossed,2.5,crossed,1,0,0
per,splat,M,long,phone,any,2.9,crossed,2.5,crossed,1,0,0
per,splat,M,long,hard,jsqr,8,start,8,start,0,0,0
per,splat,M,long,hard,zxing,8,start,8,start,0,0,0
per,splat,M,long,hard,zxingcpp,2.9,crossed,2.5,crossed,1,0,0
per,splat,M,long,hard,any,2.9,crossed,2.5,crossed,1,0,0
per,splat,Q,long,front,jsqr,8,start,2.75,crossed,0.667,0,0
per,splat,Q,long,front,zxing,8,start,2.75,crossed,0.667,0,0
per,splat,Q,long,front,zxingcpp,1.9,crossed,1.5,crossed,1,0,0
per,splat,Q,long,front,any,1.9,crossed,1.5,crossed,1,0,0
per,splat,Q,long,phone,jsqr,8,start,8,start,0,0,0
per,splat,Q,long,phone,zxing,8,start,8,start,0,0,0
per,splat,Q,long,phone,zxingcpp,2.7,crossed,1.75,crossed,1,0,0
per,splat,Q,long,phone,any,2.7,crossed,1.75,crossed,1,0,0
per,splat,Q,long,hard,jsqr,8,start,8,start,0,0,0
per,splat,Q,long,hard,zxing,8,start,8,start,0,0,0
per,splat,Q,long,hard,zxingcpp,2.9,crossed,2.5,crossed,1,0,0
per,splat,Q,long,hard,any,2.9,crossed,2.5,crossed,1,0,0
per,splat,H,long,front,jsqr,8,start,8,start,0.333,0,0
per,splat,H,long,front,zxing,8,start,8,start,0.333,0,0
per,splat,H,long,front,zxingcpp,1.9,crossed,1.5,crossed,1,0,0
per,splat,H,long,front,any,1.9,crossed,1.5,crossed,1,0,0
per,splat,H,long,phone,jsqr,8,start,8,start,0,0,0
per,splat,H,long,phone,zxing,8,start,8,start,0,0,0
per,splat,H,long,phone,zxingcpp,1.9,crossed,1.5,crossed,1,0,0
per,splat,H,long,phone,any,1.9,crossed,1.5,crossed,1,0,0
per,splat,H,long,hard,jsqr,8,start,8,start,0,0,0
per,splat,H,long,hard,zxing,8,start,8,start,0,0,0
per,splat,H,long,hard,zxingcpp,2.9,crossed,2.5,crossed,1,0,0
per,splat,H,long,hard,any,2.9,crossed,2.5,crossed,1,0,0
gap,splat,L,all,front,jsqr,0.272,crossed,0.381,crossed,1,0,0
gap,splat,L,all,front,zxing,0.095,crossed,0.425,crossed,1,0,0
gap,splat,L,all,front,zxingcpp,0.215,crossed,0.288,crossed,1,0,0
gap,splat,L,all,front,any,0.405,crossed,0.425,crossed,1,0,0
gap,splat,L,all,phone,jsqr,0.295,crossed,0.481,crossed,1,0,0
gap,splat,L,all,phone,zxing,0.123,crossed,0.613,crossed,1,0,0
gap,splat,L,all,phone,zxingcpp,0.311,crossed,0.355,crossed,1,0,0
gap,splat,L,all,phone,any,0.423,crossed,0.613,crossed,1,0,0
gap,splat,L,all,hard,jsqr,0,start,0,start,0.333,0,0
gap,splat,L,all,hard,zxing,0,start,0,start,0,0,0
gap,splat,L,all,hard,zxingcpp,0,start,0.595,crossed,0.778,0,0
gap,splat,L,all,hard,any,0,start,0.595,crossed,0.889,0,0
gap,splat,M,all,front,jsqr,0,start,0.413,crossed,0.889,0,0
gap,splat,M,all,front,zxing,0,start,0.425,crossed,0.889,0,0
gap,splat,M,all,front,zxingcpp,0.215,crossed,0.315,crossed,1,0,0
gap,splat,M,all,front,any,0.405,crossed,0.425,crossed,1,0,0
gap,splat,M,all,phone,jsqr,0,start,0.463,crossed,0.667,0,0
gap,splat,M,all,phone,zxing,0,start,0.638,crossed,0.667,0,0
gap,splat,M,all,phone,zxingcpp,0.322,crossed,0.371,crossed,1,0,0
gap,splat,M,all,phone,any,0.445,crossed,0.638,crossed,1,0,0
gap,splat,M,all,hard,jsqr,0,start,0.492,crossed,0.556,0,0
gap,splat,M,all,hard,zxing,0,start,0,start,0.111,0,0
gap,splat,M,all,hard,zxingcpp,0.515,crossed,0.575,crossed,1,0,0
gap,splat,M,all,hard,any,0.515,crossed,0.575,crossed,1,0,0
gap,splat,Q,all,front,jsqr,0,start,0.369,crossed,0.889,0,0
gap,splat,Q,all,front,zxing,0,start,0.425,crossed,0.667,0,0
gap,splat,Q,all,front,zxingcpp,0.215,crossed,0.288,crossed,1,0,0
gap,splat,Q,all,front,any,0.405,crossed,0.425,crossed,1,0,0
gap,splat,Q,all,phone,jsqr,0,start,0.608,crossed,0.667,0,0
gap,splat,Q,all,phone,zxing,0,start,0.642,crossed,0.556,0,0
gap,splat,Q,all,phone,zxingcpp,0.322,crossed,0.371,crossed,1,0,0
gap,splat,Q,all,phone,any,0.595,crossed,0.644,crossed,1,0,0
gap,splat,Q,all,hard,jsqr,0,start,0.481,crossed,0.667,0,0
gap,splat,Q,all,hard,zxing,0,start,0,start,0.111,0,0
gap,splat,Q,all,hard,zxingcpp,0.545,crossed,0.575,crossed,1,0,0
gap,splat,Q,all,hard,any,0.545,crossed,0.575,crossed,1,0,0
gap,splat,H,all,front,jsqr,0,start,0.375,crossed,0.667,0,0
gap,splat,H,all,front,zxing,0,start,0.425,crossed,0.667,0,0
gap,splat,H,all,front,zxingcpp,0.265,crossed,0.315,crossed,1,0,0
gap,splat,H,all,front,any,0.405,crossed,0.425,crossed,1,0,0
gap,splat,H,all,phone,jsqr,0,start,0.575,crossed,0.667,0,0
gap,splat,H,all,phone,zxing,0,start,0.595,crossed,0.667,0,0
gap,splat,H,all,phone,zxingcpp,0.311,crossed,0.358,crossed,1,0,0
gap,splat,H,all,phone,any,0.495,crossed,0.606,crossed,1,0,0
gap,splat,H,all,hard,jsqr,0,start,0.525,crossed,0.667,0,0
gap,splat,H,all,hard,zxing,0,start,0,start,0.111,0,0
gap,splat,H,all,hard,zxingcpp,0.555,crossed,0.575,crossed,1,0,0
gap,splat,H,all,hard,any,0.555,crossed,0.575,crossed,1,0,0
gap,splat,L,short,front,jsqr,0.358,crossed,0.388,crossed,1,0,0
gap,splat,L,short,front,zxing,0.405,crossed,0.425,crossed,1,0,0
gap,splat,L,short,front,zxingcpp,0.205,crossed,0.225,crossed,1,0,0
gap,splat,L,short,front,any,0.405,crossed,0.425,crossed,1,0,0
gap,splat,L,short,phone,jsqr,0.458,crossed,0.488,crossed,1,0,0
gap,splat,L,short,phone,zxing,0.655,crossed,0.675,crossed,1,0,0
gap,splat,L,short,phone,zxingcpp,0.355,crossed,0.375,crossed,1,0,0
gap,splat,L,short,phone,any,0.655,crossed,0.675,crossed,1,0,0
gap,splat,L,short,hard,jsqr,0,start,0,start,0.333,0,0
gap,splat,L,short,hard,zxing,0,start,0,start,0,0,0
gap,splat,L,short,hard,zxingcpp,0.558,crossed,0.588,crossed,1,0,0
gap,splat,L,short,hard,any,0.558,crossed,0.588,crossed,1,0,0
gap,splat,M,short,front,jsqr,0.358,crossed,0.388,crossed,1,0,0
gap,splat,M,short,front,zxing,0.405,crossed,0.425,crossed,1,0,0
gap,splat,M,short,front,zxingcpp,0.205,crossed,0.225,crossed,1,0,0
gap,splat,M,short,front,any,0.405,crossed,0.425,crossed,1,0,0
gap,splat,M,short,phone,jsqr,0.458,crossed,0.488,crossed,1,0,0
gap,splat,M,short,phone,zxing,0.655,crossed,0.675,crossed,1,0,0
gap,splat,M,short,phone,zxingcpp,0.355,crossed,0.375,crossed,1,0,0
gap,splat,M,short,phone,any,0.655,crossed,0.675,crossed,1,0,0
gap,splat,M,short,hard,jsqr,0,start,0.575,crossed,0.667,0,0
gap,splat,M,short,hard,zxing,0,start,0,start,0,0,0
gap,splat,M,short,hard,zxingcpp,0.558,crossed,0.588,crossed,1,0,0
gap,splat,M,short,hard,any,0.558,crossed,0.588,crossed,1,0,0
gap,splat,Q,short,front,jsqr,0.315,crossed,0.363,crossed,1,0,0
gap,splat,Q,short,front,zxing,0,start,0,start,0.333,0,0
gap,splat,Q,short,front,zxingcpp,0.205,crossed,0.225,crossed,1,0,0
gap,splat,Q,short,front,any,0.405,crossed,0.425,crossed,1,0,0
gap,splat,Q,short,phone,jsqr,0.515,crossed,0.663,crossed,1,0,0
gap,splat,Q,short,phone,zxing,0,start,0.025,crossed,0.667,0,0
gap,splat,Q,short,phone,zxingcpp,0.355,crossed,0.375,crossed,1,0,0
gap,splat,Q,short,phone,any,0.655,crossed,0.675,crossed,1,0,0
gap,splat,Q,short,hard,jsqr,0.555,crossed,0.575,crossed,1,0,0
gap,splat,Q,short,hard,zxing,0,start,0,start,0,0,0
gap,splat,Q,short,hard,zxingcpp,0.558,crossed,0.588,crossed,1,0,0
gap,splat,Q,short,hard,any,0.558,crossed,0.588,crossed,1,0,0
gap,splat,H,short,front,jsqr,0.358,crossed,0.388,crossed,1,0,0
gap,splat,H,short,front,zxing,0.405,crossed,0.425,crossed,1,0,0
gap,splat,H,short,front,zxingcpp,0.305,crossed,0.325,crossed,1,0,0
gap,splat,H,short,front,any,0.405,crossed,0.425,crossed,1,0,0
gap,splat,H,short,phone,jsqr,0.415,crossed,0.588,crossed,1,0,0
gap,splat,H,short,phone,zxing,0.565,crossed,0.612,crossed,1,0,0
gap,splat,H,short,phone,zxingcpp,0.308,crossed,0.337,crossed,1,0,0
gap,splat,H,short,phone,any,0.565,crossed,0.612,crossed,1,0,0
gap,splat,H,short,hard,jsqr,0.515,crossed,0.563,crossed,1,0,0
gap,splat,H,short,hard,zxing,0,start,0,start,0,0,0
gap,splat,H,short,hard,zxingcpp,0.555,crossed,0.575,crossed,1,0,0
gap,splat,H,short,hard,any,0.555,crossed,0.575,crossed,1,0,0
gap,splat,L,url,front,jsqr,0.358,crossed,0.388,crossed,1,0,0
gap,splat,L,url,front,zxing,0.115,crossed,0.425,crossed,1,0,0
gap,splat,L,url,front,zxingcpp,0.305,crossed,0.325,crossed,1,0,0
gap,splat,L,url,front,any,0.405,crossed,0.425,crossed,1,0,0
gap,splat,L,url,phone,jsqr,0.465,crossed,0.575,crossed,1,0,0
gap,splat,L,url,phone,zxing,0.565,crossed,0.612,crossed,1,0,0
gap,splat,L,url,phone,zxingcpp,0.308,crossed,0.337,crossed,1,0,0
gap,splat,L,url,phone,any,0.565,crossed,0.612,crossed,1,0,0
gap,splat,L,url,hard,jsqr,0,start,0.563,crossed,0.667,0,0
gap,splat,L,url,hard,zxing,0,start,0,start,0,0,0
gap,splat,L,url,hard,zxingcpp,0,start,0,start,0.333,0,0
gap,splat,L,url,hard,any,0,start,0.575,crossed,0.667,0,0
gap,splat,M,url,front,jsqr,0.158,crossed,0.188,crossed,1,0,0
gap,splat,M,url,front,zxing,0.405,crossed,0.425,crossed,1,0,0
gap,splat,M,url,front,zxingcpp,0.305,crossed,0.325,crossed,1,0,0
gap,splat,M,url,front,any,0.405,crossed,0.425,crossed,1,0,0
gap,splat,M,url,phone,jsqr,0.315,crossed,0.525,crossed,1,0,0
gap,splat,M,url,phone,zxing,0.607,crossed,0.638,crossed,1,0,0
gap,splat,M,url,phone,zxingcpp,0.358,crossed,0.388,crossed,1,0,0
gap,splat,M,url,phone,any,0.607,crossed,0.638,crossed,1,0,0
gap,splat,M,url,hard,jsqr,0.365,crossed,0.463,crossed,1,0,0
gap,splat,M,url,hard,zxing,0,start,0,start,0.333,0,0
gap,splat,M,url,hard,zxingcpp,0.507,crossed,0.538,crossed,1,0,0
gap,splat,M,url,hard,any,0.507,crossed,0.538,crossed,1,0,0
gap,splat,Q,url,front,jsqr,0.215,crossed,0.325,crossed,1,0,0
gap,splat,Q,url,front,zxing,0.405,crossed,0.425,crossed,1,0,0
gap,splat,Q,url,front,zxingcpp,0.305,crossed,0.325,crossed,1,0,0
gap,splat,Q,url,front,any,0.405,crossed,0.425,crossed,1,0,0
gap,splat,Q,url,phone,jsqr,0.465,crossed,0.575,crossed,1,0,0
gap,splat,Q,url,phone,zxing,0.607,crossed,0.638,crossed,1,0,0
gap,splat,Q,url,phone,zxingcpp,0.358,crossed,0.388,crossed,1,0,0
gap,splat,Q,url,phone,any,0.607,crossed,0.638,crossed,1,0,0
gap,splat,Q,url,hard,jsqr,0.415,crossed,0.463,crossed,1,0,0
gap,splat,Q,url,hard,zxing,0,start,0,start,0.333,0,0
gap,splat,Q,url,hard,zxingcpp,0.515,crossed,0.563,crossed,1,0,0
gap,splat,Q,url,hard,any,0.515,crossed,0.563,crossed,1,0,0
gap,splat,H,url,front,jsqr,0,start,0.238,crossed,0.667,0,0
gap,splat,H,url,front,zxing,0,start,0.425,crossed,0.667,0,0
gap,splat,H,url,front,zxingcpp,0.255,crossed,0.275,crossed,1,0,0
gap,splat,H,url,front,any,0.405,crossed,0.425,crossed,1,0,0
gap,splat,H,url,phone,jsqr,0.515,crossed,0.612,crossed,1,0,0
gap,splat,H,url,phone,zxing,0.465,crossed,0.625,crossed,1,0,0
gap,splat,H,url,phone,zxingcpp,0.358,crossed,0.388,crossed,1,0,0
gap,splat,H,url,phone,any,0.607,crossed,0.638,crossed,1,0,0
gap,splat,H,url,hard,jsqr,0.505,crossed,0.525,crossed,1,0,0
gap,splat,H,url,hard,zxing,0,start,0,start,0.333,0,0
gap,splat,H,url,hard,zxingcpp,0.555,crossed,0.575,crossed,1,0,0
gap,splat,H,url,hard,any,0.555,crossed,0.575,crossed,1,0,0
gap,splat,L,long,front,jsqr,0.258,crossed,0.288,crossed,1,0,0
gap,splat,L,long,front,zxing,0.065,crossed,0.113,crossed,1,0,0
gap,splat,L,long,front,zxingcpp,0.258,crossed,0.288,crossed,1,0,0
gap,splat,L,long,front,any,0.405,crossed,0.425,crossed,1,0,0
gap,splat,L,long,phone,jsqr,0.265,crossed,0.438,crossed,1,0,0
gap,splat,L,long,phone,zxing,0.108,crossed,0.137,crossed,1,0,0
gap,splat,L,long,phone,zxingcpp,0.308,crossed,0.337,crossed,1,0,0
gap,splat,L,long,phone,any,0.408,crossed,0.438,crossed,1,0,0
gap,splat,L,long,hard,jsqr,0,start,0,start,0,0,0
gap,splat,L,long,hard,zxing,0,start,0,start,0,0,0
gap,splat,L,long,hard,zxingcpp,0.605,crossed,0.625,crossed,1,0,0
gap,splat,L,long,hard,any,0.605,crossed,0.625,crossed,1,0,0
gap,splat,M,long,front,jsqr,0,start,0.188,crossed,0.667,0,0
gap,splat,M,long,front,zxing,0,start,0.425,crossed,0.667,0,0
gap,splat,M,long,front,zxingcpp,0.308,crossed,0.337,crossed,1,0,0
gap,splat,M,long,front,any,0.405,crossed,0.425,crossed,1,0,0
gap,splat,M,long,phone,jsqr,0,start,0,start,0,0,0
gap,splat,M,long,phone,zxing,0,start,0,start,0,0,0
gap,splat,M,long,phone,zxingcpp,0.308,crossed,0.337,crossed,1,0,0
gap,splat,M,long,phone,any,0.415,crossed,0.463,crossed,1,0,0
gap,splat,M,long,hard,jsqr,0,start,0,start,0,0,0
gap,splat,M,long,hard,zxing,0,start,0,start,0,0,0
gap,splat,M,long,hard,zxingcpp,0.515,crossed,0.612,crossed,1,0,0
gap,splat,M,long,hard,any,0.515,crossed,0.612,crossed,1,0,0
gap,splat,Q,long,front,jsqr,0,start,0.238,crossed,0.667,0,0
gap,splat,Q,long,front,zxing,0,start,0.425,crossed,0.667,0,0
gap,splat,Q,long,front,zxingcpp,0.258,crossed,0.288,crossed,1,0,0
gap,splat,Q,long,front,any,0.405,crossed,0.425,crossed,1,0,0
gap,splat,Q,long,phone,jsqr,0,start,0,start,0,0,0
gap,splat,Q,long,phone,zxing,0,start,0,start,0,0,0
gap,splat,Q,long,phone,zxingcpp,0.308,crossed,0.337,crossed,1,0,0
gap,splat,Q,long,phone,any,0.565,crossed,0.612,crossed,1,0,0
gap,splat,Q,long,hard,jsqr,0,start,0,start,0,0,0
gap,splat,Q,long,hard,zxing,0,start,0,start,0,0,0
gap,splat,Q,long,hard,zxingcpp,0.555,crossed,0.575,crossed,1,0,0
gap,splat,Q,long,hard,any,0.555,crossed,0.575,crossed,1,0,0
gap,splat,H,long,front,jsqr,0,start,0,start,0.333,0,0
gap,splat,H,long,front,zxing,0,start,0,start,0.333,0,0
gap,splat,H,long,front,zxingcpp,0.308,crossed,0.337,crossed,1,0,0
gap,splat,H,long,front,any,0.405,crossed,0.425,crossed,1,0,0
gap,splat,H,long,phone,jsqr,0,start,0,start,0,0,0
gap,splat,H,long,phone,zxing,0,start,0,start,0,0,0
gap,splat,H,long,phone,zxingcpp,0.308,crossed,0.337,crossed,1,0,0
gap,splat,H,long,phone,any,0.465,crossed,0.575,crossed,1,0,0
gap,splat,H,long,hard,jsqr,0,start,0,start,0,0,0
gap,splat,H,long,hard,zxing,0,start,0,start,0,0,0
gap,splat,H,long,hard,zxingcpp,0.555,crossed,0.575,crossed,1,0,0
gap,splat,H,long,hard,any,0.555,crossed,0.575,crossed,1,0,0
opacity,splat,L,all,front,jsqr,0.178,crossed,0.119,crossed,1,0,0
opacity,splat,L,all,front,zxing,0.155,crossed,0.115,crossed,1,0,0
opacity,splat,L,all,front,zxingcpp,,never,,never,1,1,1
opacity,splat,L,all,front,any,,never,,never,1,1,1
opacity,splat,L,all,phone,jsqr,0.144,crossed,0.118,crossed,1,0,0
opacity,splat,L,all,phone,zxing,0.305,crossed,0.256,crossed,1,0,0
opacity,splat,L,all,phone,zxingcpp,0.085,crossed,,never,1,0.667,0.667
opacity,splat,L,all,phone,any,0.085,crossed,,never,1,0.667,0.667
opacity,splat,L,all,hard,jsqr,1,start,1,start,0.333,0,0
opacity,splat,L,all,hard,zxing,1,start,1,start,0,0,0
opacity,splat,L,all,hard,zxingcpp,1,start,0.175,crossed,0.778,0,0
opacity,splat,L,all,hard,any,1,start,0.163,crossed,0.889,0,0
opacity,splat,M,all,front,jsqr,1,start,0.105,crossed,0.889,0,0
opacity,splat,M,all,front,zxing,1,start,0.129,crossed,0.889,0,0
opacity,splat,M,all,front,zxingcpp,,never,,never,1,1,1
opacity,splat,M,all,front,any,,never,,never,1,1,1
opacity,splat,M,all,phone,jsqr,1,start,0.082,crossed,0.667,0,0
opacity,splat,M,all,phone,zxing,1,start,0.263,crossed,0.667,0,0
opacity,splat,M,all,phone,zxingcpp,0.093,crossed,0.063,crossed,1,0.333,0.333
opacity,splat,M,all,phone,any,0.093,crossed,0.063,crossed,1,0.333,0.333
opacity,splat,M,all,hard,jsqr,1,start,0.975,crossed,0.556,0,0
opacity,splat,M,all,hard,zxing,1,start,1,start,0.111,0,0
opacity,splat,M,all,hard,zxingcpp,0.328,crossed,0.169,crossed,1,0,0
opacity,splat,M,all,hard,any,0.228,crossed,0.169,crossed,1,0,0
opacity,splat,Q,all,front,jsqr,1,start,0.088,crossed,0.889,0,0
opacity,splat,Q,all,front,zxing,1,start,0.106,crossed,0.667,0,0
opacity,splat,Q,all,front,zxingcpp,,never,,never,1,1,1
opacity,splat,Q,all,front,any,,never,,never,1,1,1
opacity,splat,Q,all,phone,jsqr,1,start,0.095,crossed,0.667,0,0
opacity,splat,Q,all,phone,zxing,1,start,0.263,crossed,0.556,0,0
opacity,splat,Q,all,phone,zxingcpp,0.093,crossed,0.063,crossed,1,0.333,0.333
opacity,splat,Q,all,phone,any,0.093,crossed,0.063,crossed,1,0.333,0.333
opacity,splat,Q,all,hard,jsqr,1,start,0.188,crossed,0.667,0,0
opacity,splat,Q,all,hard,zxing,1,start,1,start,0.111,0,0
opacity,splat,Q,all,hard,zxingcpp,0.241,crossed,0.205,crossed,1,0,0
opacity,splat,Q,all,hard,any,0.228,crossed,0.169,crossed,1,0,0
opacity,splat,H,all,front,jsqr,1,start,0.088,crossed,0.667,0,0
opacity,splat,H,all,front,zxing,1,start,0.175,crossed,0.667,0,0
opacity,splat,H,all,front,zxingcpp,0.085,crossed,,never,1,0.667,0.667
opacity,splat,H,all,front,any,0.085,crossed,,never,1,0.667,0.667
opacity,splat,H,all,phone,jsqr,1,start,0.088,crossed,0.667,0,0
opacity,splat,H,all,phone,zxing,1,start,0.188,crossed,0.667,0,0
opacity,splat,H,all,phone,zxingcpp,0.055,crossed,,never,1,0.889,0.889
opacity,splat,H,all,phone,any,0.055,crossed,,never,1,0.889,0.889
opacity,splat,H,all,hard,jsqr,1,start,0.158,crossed,0.667,0,0
opacity,splat,H,all,hard,zxing,1,start,1,start,0.111,0,0
opacity,splat,H,all,hard,zxingcpp,0.228,crossed,0.138,crossed,1,0,0
opacity,splat,H,all,hard,any,0.205,crossed,0.132,crossed,1,0,0
opacity,splat,L,short,front,jsqr,0.095,crossed,0.075,crossed,1,0,0
opacity,splat,L,short,front,zxing,0.095,crossed,0.075,crossed,1,0,0
opacity,splat,L,short,front,zxingcpp,,never,,never,1,1,1
opacity,splat,L,short,front,any,,never,,never,1,1,1
opacity,splat,L,short,phone,jsqr,0.143,crossed,0.113,crossed,1,0,0
opacity,splat,L,short,phone,zxing,0.285,crossed,0.225,crossed,1,0,0
opacity,splat,L,short,phone,zxingcpp,0.095,crossed,0.075,crossed,1,0,0
opacity,splat,L,short,phone,any,0.095,crossed,0.075,crossed,1,0,0
opacity,splat,L,short,hard,jsqr,1,start,1,start,0.333,0,0
opacity,splat,L,short,hard,zxing,1,start,1,start,0,0,0
opacity,splat,L,short,hard,zxingcpp,0.193,crossed,0.163,crossed,1,0,0
opacity,splat,L,short,hard,any,0.193,crossed,0.163,crossed,1,0,0
opacity,splat,M,short,front,jsqr,0.095,crossed,0.075,crossed,1,0,0
opacity,splat,M,short,front,zxing,0.143,crossed,0.113,crossed,1,0,0
opacity,splat,M,short,front,zxingcpp,,never,,never,1,1,1
opacity,splat,M,short,front,any,,never,,never,1,1,1
opacity,splat,M,short,phone,jsqr,0.185,crossed,0.088,crossed,1,0,0
opacity,splat,M,short,phone,zxing,0.193,crossed,0.163,crossed,1,0,0
opacity,splat,M,short,phone,zxingcpp,0.095,crossed,0.075,crossed,1,0,0
opacity,splat,M,short,phone,any,0.095,crossed,0.075,crossed,1,0,0
opacity,splat,M,short,hard,jsqr,1,start,0.163,crossed,0.667,0,0
opacity,splat,M,short,hard,zxing,1,start,1,start,0,0,0
opacity,splat,M,short,hard,zxingcpp,0.193,crossed,0.163,crossed,1,0,0
opacity,splat,M,short,hard,any,0.193,crossed,0.163,crossed,1,0,0
opacity,splat,Q,short,front,jsqr,0.095,crossed,0.075,crossed,1,0,0
opacity,splat,Q,short,front,zxing,1,start,1,start,0.333,0,0
opacity,splat,Q,short,front,zxingcpp,,never,,never,1,1,1
opacity,splat,Q,short,front,any,,never,,never,1,1,1
opacity,splat,Q,short,phone,jsqr,0.095,crossed,0.075,crossed,1,0,0
opacity,splat,Q,short,phone,zxing,1,start,0.175,crossed,0.667,0,0
opacity,splat,Q,short,phone,zxingcpp,0.095,crossed,0.075,crossed,1,0,0
opacity,splat,Q,short,phone,any,0.095,crossed,0.075,crossed,1,0,0
opacity,splat,Q,short,hard,jsqr,0.193,crossed,0.163,crossed,1,0,0
opacity,splat,Q,short,hard,zxing,1,start,1,start,0,0,0
opacity,splat,Q,short,hard,zxingcpp,0.243,crossed,0.213,crossed,1,0,0
opacity,splat,Q,short,hard,any,0.193,crossed,0.163,crossed,1,0,0
opacity,splat,H,short,front,jsqr,0.095,crossed,0.075,crossed,1,0,0
opacity,splat,H,short,front,zxing,0.095,crossed,0.075,crossed,1,0,0
opacity,splat,H,short,front,zxingcpp,,never,,never,1,1,1
opacity,splat,H,short,front,any,,never,,never,1,1,1
opacity,splat,H,short,phone,jsqr,0.095,crossed,0.075,crossed,1,0,0
opacity,splat,H,short,phone,zxing,0.342,crossed,0.313,crossed,1,0,0
opacity,splat,H,short,phone,zxingcpp,0.085,crossed,,never,1,0.667,0.667
opacity,splat,H,short,phone,any,0.085,crossed,,never,1,0.667,0.667
opacity,splat,H,short,hard,jsqr,0.193,crossed,0.163,crossed,1,0,0
opacity,splat,H,short,hard,zxing,1,start,1,start,0,0,0
opacity,splat,H,short,hard,zxingcpp,0.235,crossed,0.138,crossed,1,0,0
opacity,splat,H,short,hard,any,0.185,crossed,0.138,crossed,1,0,0
opacity,splat,L,url,front,jsqr,0.145,crossed,0.125,crossed,1,0,0
opacity,splat,L,url,front,zxing,0.145,crossed,0.125,crossed,1,0,0
opacity,splat,L,url,front,zxingcpp,,never,,never,1,1,1
opacity,splat,L,url,front,any,,never,,never,1,1,1
opacity,splat,L,url,phone,jsqr,0.143,crossed,0.113,crossed,1,0,0
opacity,splat,L,url,phone,zxing,0.293,crossed,0.263,crossed,1,0,0
opacity,splat,L,url,phone,zxingcpp,,never,,never,1,1,1
opacity,splat,L,url,phone,any,,never,,never,1,1,1
opacity,splat,L,url,hard,jsqr,1,start,0.163,crossed,0.667,0,0
opacity,splat,L,url,hard,zxing,1,start,1,start,0,0,0
opacity,splat,L,url,hard,zxingcpp,1,start,1,start,0.333,0,0
opacity,splat,L,url,hard,any,1,start,0.138,crossed,0.667,0,0
opacity,splat,M,url,front,jsqr,0.143,crossed,0.113,crossed,1,0,0
opacity,splat,M,url,front,zxing,0.193,crossed,0.163,crossed,1,0,0
opacity,splat,M,url,front,zxingcpp,,never,,never,1,1,1
opacity,splat,M,url,front,any,,never,,never,1,1,1
opacity,splat,M,url,phone,jsqr,0.285,crossed,0.088,crossed,1,0,0
opacity,splat,M,url,phone,zxing,0.435,crossed,0.337,crossed,1,0,0
opacity,splat,M,url,phone,zxingcpp,0.095,crossed,0.075,crossed,1,0,0
opacity,splat,M,url,phone,any,0.095,crossed,0.075,crossed,1,0,0
opacity,splat,M,url,hard,jsqr,0.985,crossed,0.213,crossed,1,0,0
opacity,splat,M,url,hard,zxing,1,start,1,start,0.333,0,0
opacity,splat,M,url,hard,zxingcpp,0.342,crossed,0.313,crossed,1,0,0
opacity,splat,M,url,hard,any,0.235,crossed,0.175,crossed,1,0,0
opacity,splat,Q,url,front,jsqr,0.095,crossed,0.075,crossed,1,0,0
opacity,splat,Q,url,front,zxing,0.143,crossed,0.113,crossed,1,0,0
opacity,splat,Q,url,front,zxingcpp,,never,,never,1,1,1
opacity,splat,Q,url,front,any,,never,,never,1,1,1
opacity,splat,Q,url,phone,jsqr,0.135,crossed,0.088,crossed,1,0,0
opacity,splat,Q,url,phone,zxing,0.443,crossed,0.413,crossed,1,0,0
opacity,splat,Q,url,phone,zxingcpp,0.095,crossed,0.075,crossed,1,0,0
opacity,splat,Q,url,phone,any,0.095,crossed,0.075,crossed,1,0,0
opacity,splat,Q,url,hard,jsqr,0.235,crossed,0.138,crossed,1,0,0
opacity,splat,Q,url,hard,zxing,1,start,1,start,0.333,0,0
opacity,splat,Q,url,hard,zxingcpp,0.235,crossed,0.175,crossed,1,0,0
opacity,splat,Q,url,hard,any,0.185,crossed,0.125,crossed,1,0,0
opacity,splat,H,url,front,jsqr,1,start,0.075,crossed,0.667,0,0
opacity,splat,H,url,front,zxing,1,start,0.238,crossed,0.667,0,0
opacity,splat,H,url,front,zxingcpp,0.095,crossed,0.075,crossed,1,0,0
opacity,splat,H,url,front,any,0.095,crossed,0.075,crossed,1,0,0
opacity,splat,H,url,phone,jsqr,0.095,crossed,0.075,crossed,1,0,0
opacity,splat,H,url,phone,zxing,0.235,crossed,0.188,crossed,1,0,0
opacity,splat,H,url,phone,zxingcpp,,never,,never,1,1,1
opacity,splat,H,url,phone,any,,never,,never,1,1,1
opacity,splat,H,url,hard,jsqr,0.285,crossed,0.138,crossed,1,0,0
opacity,splat,H,url,hard,zxing,1,start,1,start,0.333,0,0
opacity,splat,H,url,hard,zxingcpp,0.235,crossed,0.175,crossed,1,0,0
opacity,splat,H,url,hard,any,0.235,crossed,0.138,crossed,1,0,0
opacity,splat,L,long,front,jsqr,0.193,crossed,0.163,crossed,1,0,0
opacity,splat,L,long,front,zxing,0.185,crossed,0.138,crossed,1,0,0
opacity,splat,L,long,front,zxingcpp,,never,,never,1,1,1
opacity,splat,L,long,front,any,,never,,never,1,1,1
opacity,splat,L,long,phone,jsqr,0.145,crossed,0.125,crossed,1,0,0
opacity,splat,L,long,phone,zxing,0.335,crossed,0.275,crossed,1,0,0
opacity,splat,L,long,phone,zxingcpp,,never,,never,1,1,1
opacity,splat,L,long,phone,any,,never,,never,1,1,1
opacity,splat,L,long,hard,jsqr,1,start,1,start,0,0,0
opacity,splat,L,long,hard,zxing,1,start,1,start,0,0,0
opacity,splat,L,long,hard,zxingcpp,0.235,crossed,0.188,crossed,1,0,0
opacity,splat,L,long,hard,any,0.195,crossed,0.175,crossed,1,0,0
opacity,splat,M,long,front,jsqr,1,start,0.125,crossed,0.667,0,0
opacity,splat,M,long,front,zxing,1,start,0.125,crossed,0.667,0,0
opacity,splat,M,long,front,zxingcpp,,never,,never,1,1,1
opacity,splat,M,long,front,any,,never,,never,1,1,1
opacity,splat,M,long,phone,jsqr,1,start,1,start,0,0,0
opacity,splat,M,long,phone,zxing,1,start,1,start,0,0,0
opacity,splat,M,long,phone,zxingcpp,,never,,never,1,1,1
opacity,splat,M,long,phone,any,,never,,never,1,1,1
opacity,splat,M,long,hard,jsqr,1,start,1,start,0,0,0
opacity,splat,M,long,hard,zxing,1,start,1,start,0,0,0
opacity,splat,M,long,hard,zxingcpp,0.235,crossed,0.175,crossed,1,0,0
opacity,splat,M,long,hard,any,0.235,crossed,0.175,crossed,1,0,0
opacity,splat,Q,long,front,jsqr,1,start,0.138,crossed,0.667,0,0
opacity,splat,Q,long,front,zxing,1,start,0.138,crossed,0.667,0,0
opacity,splat,Q,long,front,zxingcpp,,never,,never,1,1,1
opacity,splat,Q,long,front,any,,never,,never,1,1,1
opacity,splat,Q,long,phone,jsqr,1,start,1,start,0,0,0
opacity,splat,Q,long,phone,zxing,1,start,1,start,0,0,0
opacity,splat,Q,long,phone,zxingcpp,,never,,never,1,1,1
opacity,splat,Q,long,phone,any,,never,,never,1,1,1
opacity,splat,Q,long,hard,jsqr,1,start,1,start,0,0,0
opacity,splat,Q,long,hard,zxing,1,start,1,start,0,0,0
opacity,splat,Q,long,hard,zxingcpp,0.243,crossed,0.213,crossed,1,0,0
opacity,splat,Q,long,hard,any,0.243,crossed,0.213,crossed,1,0,0
opacity,splat,H,long,front,jsqr,1,start,1,start,0.333,0,0
opacity,splat,H,long,front,zxing,1,start,1,start,0.333,0,0
opacity,splat,H,long,front,zxingcpp,,never,,never,1,1,1
opacity,splat,H,long,front,any,,never,,never,1,1,1
opacity,splat,H,long,phone,jsqr,1,start,1,start,0,0,0
opacity,splat,H,long,phone,zxing,1,start,1,start,0,0,0
opacity,splat,H,long,phone,zxingcpp,,never,,never,1,1,1
opacity,splat,H,long,phone,any,,never,,never,1,1,1
opacity,splat,H,long,hard,jsqr,1,start,1,start,0,0,0
opacity,splat,H,long,hard,zxing,1,start,1,start,0,0,0
opacity,splat,H,long,hard,zxingcpp,0.145,crossed,0.125,crossed,1,0,0
opacity,splat,H,long,hard,any,0.145,crossed,0.125,crossed,1,0,0
contrast,splat,L,all,front,jsqr,2.521,crossed,2.283,crossed,1,0,0
contrast,splat,L,all,front,zxing,2.531,crossed,2.333,crossed,1,0,0
contrast,splat,L,all,front,zxingcpp,1.356,crossed,1.3,crossed,1,0,0
contrast,splat,L,all,front,any,1.356,crossed,1.3,crossed,1,0,0
contrast,splat,L,all,phone,jsqr,16.499,crossed,2.203,crossed,1,0,0
contrast,splat,L,all,phone,zxing,12.04,crossed,2.305,crossed,1,0,0
contrast,splat,L,all,phone,zxingcpp,1.464,crossed,1.32,crossed,1,0,0
contrast,splat,L,all,phone,any,1.464,crossed,1.32,crossed,1,0,0
contrast,splat,L,all,hard,jsqr,18.38,start,18.38,start,0.333,0,0
contrast,splat,L,all,hard,zxing,18.38,start,18.38,start,0,0,0
contrast,splat,L,all,hard,zxingcpp,18.38,start,3.545,crossed,0.778,0,0
contrast,splat,L,all,hard,any,18.38,start,2.547,crossed,0.889,0,0
contrast,splat,M,all,front,jsqr,18.38,start,2.374,crossed,0.889,0,0
contrast,splat,M,all,front,zxing,18.38,start,2.333,crossed,0.889,0,0
contrast,splat,M,all,front,zxingcpp,1.356,crossed,1.3,crossed,1,0,0
contrast,splat,M,all,front,any,1.356,crossed,1.3,crossed,1,0,0
contrast,splat,M,all,phone,jsqr,18.38,start,1.913,crossed,0.667,0,0
contrast,splat,M,all,phone,zxing,18.38,start,1.913,crossed,0.667,0,0
contrast,splat,M,all,phone,zxingcpp,1.489,crossed,1.335,crossed,1,0,0
contrast,splat,M,all,phone,any,1.489,crossed,1.335,crossed,1,0,0
contrast,splat,M,all,hard,jsqr,18.38,start,3.041,crossed,0.556,0,0
contrast,splat,M,all,hard,zxing,18.38,start,18.38,start,0.111,0,0
contrast,splat,M,all,hard,zxingcpp,6.967,crossed,2.017,crossed,1,0,0
contrast,splat,M,all,hard,any,4.143,crossed,2.017,crossed,1,0,0
contrast,splat,Q,all,front,jsqr,18.38,start,2.349,crossed,0.889,0,0
contrast,splat,Q,all,front,zxing,18.38,start,2.415,crossed,0.667,0,0
contrast,splat,Q,all,front,zxingcpp,1.356,crossed,1.3,crossed,1,0,0
contrast,splat,Q,all,front,any,1.356,crossed,1.3,crossed,1,0,0
contrast,splat,Q,all,phone,jsqr,18.38,start,1.888,crossed,0.667,0,0
contrast,splat,Q,all,phone,zxing,18.38,start,5.028,crossed,0.556,0,0
contrast,splat,Q,all,phone,zxingcpp,1.387,crossed,1.3,crossed,1,0,0
contrast,splat,Q,all,phone,any,1.387,crossed,1.3,crossed,1,0,0
contrast,splat,Q,all,hard,jsqr,18.38,start,2.78,crossed,0.667,0,0
contrast,splat,Q,all,hard,zxing,18.38,start,18.38,start,0.111,0,0
contrast,splat,Q,all,hard,zxingcpp,2.2,crossed,1.998,crossed,1,0,0
contrast,splat,Q,all,hard,any,2.2,crossed,1.998,crossed,1,0,0
contrast,splat,H,all,front,jsqr,18.38,start,2.11,crossed,0.667,0,0
contrast,splat,H,all,front,zxing,18.38,start,2.11,crossed,0.667,0,0
contrast,splat,H,all,front,zxingcpp,1.354,crossed,1.291,crossed,1,0,0
contrast,splat,H,all,front,any,1.354,crossed,1.291,crossed,1,0,0
contrast,splat,H,all,phone,jsqr,18.38,start,2.18,crossed,0.667,0,0
contrast,splat,H,all,phone,zxing,18.38,start,2.456,crossed,0.667,0,0
contrast,splat,H,all,phone,zxingcpp,1.349,crossed,1.265,crossed,1,0,0
contrast,splat,H,all,phone,any,1.349,crossed,1.265,crossed,1,0,0
contrast,splat,H,all,hard,jsqr,18.38,start,3.062,crossed,0.667,0,0
contrast,splat,H,all,hard,zxing,18.38,start,18.38,start,0.111,0,0
contrast,splat,H,all,hard,zxingcpp,2.531,crossed,2.333,crossed,1,0,0
contrast,splat,H,all,hard,any,2.531,crossed,2.333,crossed,1,0,0
contrast,splat,L,short,front,jsqr,2.222,crossed,2.11,crossed,1,0,0
contrast,splat,L,short,front,zxing,2.481,crossed,2.18,crossed,1,0,0
contrast,splat,L,short,front,zxingcpp,1.356,crossed,1.3,crossed,1,0,0
contrast,splat,L,short,front,any,1.356,crossed,1.3,crossed,1,0,0
contrast,splat,L,short,phone,jsqr,2.166,crossed,1.913,crossed,1,0,0
contrast,splat,L,short,phone,zxing,2.208,crossed,2.04,crossed,1,0,0
contrast,splat,L,short,phone,zxingcpp,1.515,crossed,1.413,crossed,1,0,0
contrast,splat,L,short,phone,any,1.515,crossed,1.413,crossed,1,0,0
contrast,splat,L,short,hard,jsqr,18.38,start,18.38,start,0.333,0,0
contrast,splat,L,short,hard,zxing,18.38,start,18.38,start,0,0,0
contrast,splat,L,short,hard,zxingcpp,15.609,crossed,12.92,crossed,1,0,0
contrast,splat,L,short,hard,any,13.36,crossed,3.77,crossed,1,0,0
contrast,splat,M,short,front,jsqr,2.222,crossed,2.11,crossed,1,0,0
contrast,splat,M,short,front,zxing,2.166,crossed,1.913,crossed,1,0,0
contrast,splat,M,short,front,zxingcpp,1.356,crossed,1.3,crossed,1,0,0
contrast,splat,M,short,front,any,1.356,crossed,1.3,crossed,1,0,0
contrast,splat,M,short,phone,jsqr,2.166,crossed,1.913,crossed,1,0,0
contrast,splat,M,short,phone,zxing,2.208,crossed,2.04,crossed,1,0,0
contrast,splat,M,short,phone,zxingcpp,1.489,crossed,1.335,crossed,1,0,0
contrast,splat,M,short,phone,any,1.489,crossed,1.335,crossed,1,0,0
contrast,splat,M,short,hard,jsqr,18.38,start,2.68,crossed,0.667,0,0
contrast,splat,M,short,hard,zxing,18.38,start,18.38,start,0,0,0
contrast,splat,M,short,hard,zxingcpp,7.789,crossed,1.855,crossed,1,0,0
contrast,splat,M,short,hard,any,1.947,crossed,1.855,crossed,1,0,0
contrast,splat,Q,short,front,jsqr,2.222,crossed,2.11,crossed,1,0,0
contrast,splat,Q,short,front,zxing,18.38,start,18.38,start,0.333,0,0
contrast,splat,Q,short,front,zxingcpp,1.356,crossed,1.3,crossed,1,0,0
contrast,splat,Q,short,front,any,1.356,crossed,1.3,crossed,1,0,0
contrast,splat,Q,short,phone,jsqr,2.166,crossed,1.913,crossed,1,0,0
contrast,splat,Q,short,phone,zxing,18.38,start,5.028,crossed,0.667,0,0
contrast,splat,Q,short,phone,zxingcpp,1.489,crossed,1.335,crossed,1,0,0
contrast,splat,Q,short,phone,any,1.489,crossed,1.335,crossed,1,0,0
contrast,splat,Q,short,hard,jsqr,2.481,crossed,2.18,crossed,1,0,0
contrast,splat,Q,short,hard,zxing,18.38,start,18.38,start,0,0,0
contrast,splat,Q,short,hard,zxingcpp,1.947,crossed,1.855,crossed,1,0,0
contrast,splat,Q,short,hard,any,1.947,crossed,1.855,crossed,1,0,0
contrast,splat,H,short,front,jsqr,2.222,crossed,2.11,crossed,1,0,0
contrast,splat,H,short,front,zxing,2.166,crossed,1.913,crossed,1,0,0
contrast,splat,H,short,front,zxingcpp,1.356,crossed,1.3,crossed,1,0,0
contrast,splat,H,short,front,any,1.356,crossed,1.3,crossed,1,0,0
contrast,splat,H,short,phone,jsqr,2.481,crossed,2.18,crossed,1,0,0
contrast,splat,H,short,phone,zxing,2.86,crossed,2.498,crossed,1,0,0
contrast,splat,H,short,phone,zxingcpp,1.349,crossed,1.265,crossed,1,0,0
contrast,splat,H,short,phone,any,1.349,crossed,1.265,crossed,1,0,0
contrast,splat,H,short,hard,jsqr,2.94,crossed,2.78,crossed,1,0,0
contrast,splat,H,short,hard,zxing,18.38,start,18.38,start,0,0,0
contrast,splat,H,short,hard,zxingcpp,2.547,crossed,2.415,crossed,1,0,0
contrast,splat,H,short,hard,any,2.547,crossed,2.415,crossed,1,0,0
contrast,splat,L,url,front,jsqr,2.531,crossed,2.333,crossed,1,0,0
contrast,splat,L,url,front,zxing,2.531,crossed,2.333,crossed,1,0,0
contrast,splat,L,url,front,zxingcpp,1.356,crossed,1.3,crossed,1,0,0
contrast,splat,L,url,front,any,1.356,crossed,1.3,crossed,1,0,0
contrast,splat,L,url,phone,jsqr,2.481,crossed,2.18,crossed,1,0,0
contrast,splat,L,url,phone,zxing,2.86,crossed,2.498,crossed,1,0,0
contrast,splat,L,url,phone,zxingcpp,1.356,crossed,1.3,crossed,1,0,0
contrast,splat,L,url,phone,any,1.356,crossed,1.3,crossed,1,0,0
contrast,splat,L,url,hard,jsqr,18.38,start,14.588,crossed,0.667,0,0
contrast,splat,L,url,hard,zxing,18.38,start,18.38,start,0,0,0
contrast,splat,L,url,hard,zxingcpp,18.38,start,18.38,start,0.333,0,0
contrast,splat,L,url,hard,any,18.38,start,2.498,crossed,0.667,0,0
contrast,splat,M,url,front,jsqr,2.86,crossed,2.498,crossed,1,0,0
contrast,splat,M,url,front,zxing,2.547,crossed,2.415,crossed,1,0,0
contrast,splat,M,url,front,zxingcpp,1.356,crossed,1.3,crossed,1,0,0
contrast,splat,M,url,front,any,1.356,crossed,1.3,crossed,1,0,0
contrast,splat,M,url,phone,jsqr,2.166,crossed,1.913,crossed,1,0,0
contrast,splat,M,url,phone,zxing,1.947,crossed,1.855,crossed,1,0,0
contrast,splat,M,url,phone,zxingcpp,1.356,crossed,1.3,crossed,1,0,0
contrast,splat,M,url,phone,any,1.356,crossed,1.3,crossed,1,0,0
contrast,splat,M,url,hard,jsqr,11.232,crossed,3.225,crossed,1,0,0
contrast,splat,M,url,hard,zxing,18.38,start,18.38,start,0.333,0,0
contrast,splat,M,url,hard,zxingcpp,2.481,crossed,2.18,crossed,1,0,0
contrast,splat,M,url,hard,any,2.481,crossed,2.18,crossed,1,0,0
contrast,splat,Q,url,front,jsqr,2.86,crossed,2.498,crossed,1,0,0
contrast,splat,Q,url,front,zxing,2.547,crossed,2.415,crossed,1,0,0
contrast,splat,Q,url,front,zxingcpp,1.356,crossed,1.3,crossed,1,0,0
contrast,splat,Q,url,front,any,1.356,crossed,1.3,crossed,1,0,0
contrast,splat,Q,url,phone,jsqr,2.166,crossed,1.913,crossed,1,0,0
contrast,splat,Q,url,phone,zxing,1.947,crossed,1.855,crossed,1,0,0
contrast,splat,Q,url,phone,zxingcpp,1.356,crossed,1.3,crossed,1,0,0
contrast,splat,Q,url,phone,any,1.356,crossed,1.3,crossed,1,0,0
contrast,splat,Q,url,hard,jsqr,11.232,crossed,2.88,crossed,1,0,0
contrast,splat,Q,url,hard,zxing,18.38,start,18.38,start,0.333,0,0
contrast,splat,Q,url,hard,zxingcpp,2.222,crossed,2.11,crossed,1,0,0
contrast,splat,Q,url,hard,any,2.222,crossed,2.11,crossed,1,0,0
contrast,splat,H,url,front,jsqr,18.38,start,1.498,crossed,0.667,0,0
contrast,splat,H,url,front,zxing,18.38,start,1.59,crossed,0.667,0,0
contrast,splat,H,url,front,zxingcpp,1.349,crossed,1.265,crossed,1,0,0
contrast,splat,H,url,front,any,1.349,crossed,1.265,crossed,1,0,0
contrast,splat,H,url,phone,jsqr,2.531,crossed,2.333,crossed,1,0,0
contrast,splat,H,url,phone,zxing,2.547,crossed,2.415,crossed,1,0,0
contrast,splat,H,url,phone,zxingcpp,1.349,crossed,1.265,crossed,1,0,0
contrast,splat,H,url,phone,any,1.349,crossed,1.265,crossed,1,0,0
contrast,splat,H,url,hard,jsqr,3.421,crossed,3.225,crossed,1,0,0
contrast,splat,H,url,hard,zxing,18.38,start,18.38,start,0.333,0,0
contrast,splat,H,url,hard,zxingcpp,2.481,crossed,2.11,crossed,1,0,0
contrast,splat,H,url,hard,any,2.481,crossed,2.11,crossed,1,0,0
contrast,splat,L,long,front,jsqr,2.547,crossed,2.415,crossed,1,0,0
contrast,splat,L,long,front,zxing,2.547,crossed,2.415,crossed,1,0,0
contrast,splat,L,long,front,zxingcpp,1.356,crossed,1.3,crossed,1,0,0
contrast,splat,L,long,front,any,1.356,crossed,1.3,crossed,1,0,0
contrast,splat,L,long,phone,jsqr,17.753,crossed,2.415,crossed,1,0,0
contrast,splat,L,long,phone,zxing,13.36,crossed,2.415,crossed,1,0,0
contrast,splat,L,long,phone,zxingcpp,1.356,crossed,1.3,crossed,1,0,0
contrast,splat,L,long,phone,any,1.356,crossed,1.3,crossed,1,0,0
contrast,splat,L,long,hard,jsqr,18.38,start,18.38,start,0,0,0
contrast,splat,L,long,hard,zxing,18.38,start,18.38,start,0,0,0
contrast,splat,L,long,hard,zxingcpp,2.86,crossed,2.498,crossed,1,0,0
contrast,splat,L,long,hard,any,2.86,crossed,2.498,crossed,1,0,0
contrast,splat,M,long,front,jsqr,18.38,start,2.498,crossed,0.667,0,0
contrast,splat,M,long,front,zxing,18.38,start,2.415,crossed,0.667,0,0
contrast,splat,M,long,front,zxingcpp,1.356,crossed,1.3,crossed,1,0,0
contrast,splat,M,long,front,any,1.356,crossed,1.3,crossed,1,0,0
contrast,splat,M,long,phone,jsqr,18.38,start,18.38,start,0,0,0
contrast,splat,M,long,phone,zxing,18.38,start,18.38,start,0,0,0
contrast,splat,M,long,phone,zxingcpp,1.515,crossed,1.413,crossed,1,0,0
contrast,splat,M,long,phone,any,1.515,crossed,1.413,crossed,1,0,0
contrast,splat,M,long,hard,jsqr,18.38,start,18.38,start,0,0,0
contrast,splat,M,long,hard,zxing,18.38,start,18.38,start,0,0,0
contrast,splat,M,long,hard,zxingcpp,4.581,crossed,2.11,crossed,1,0,0
contrast,splat,M,long,hard,any,4.581,crossed,2.11,crossed,1,0,0
contrast,splat,Q,long,front,jsqr,18.38,start,2.415,crossed,0.667,0,0
contrast,splat,Q,long,front,zxing,18.38,start,2.415,crossed,0.667,0,0
contrast,splat,Q,long,front,zxingcpp,1.356,crossed,1.3,crossed,1,0,0
contrast,splat,Q,long,front,any,1.356,crossed,1.3,crossed,1,0,0
contrast,splat,Q,long,phone,jsqr,18.38,start,18.38,start,0,0,0
contrast,splat,Q,long,phone,zxing,18.38,start,18.38,start,0,0,0
contrast,splat,Q,long,phone,zxingcpp,1.349,crossed,1.265,crossed,1,0,0
contrast,splat,Q,long,phone,any,1.349,crossed,1.265,crossed,1,0,0
contrast,splat,Q,long,hard,jsqr,18.38,start,18.38,start,0,0,0
contrast,splat,Q,long,hard,zxing,18.38,start,18.38,start,0,0,0
contrast,splat,Q,long,hard,zxingcpp,2.208,crossed,2.04,crossed,1,0,0
contrast,splat,Q,long,hard,any,2.208,crossed,2.04,crossed,1,0,0
contrast,splat,H,long,front,jsqr,18.38,start,18.38,start,0.333,0,0
contrast,splat,H,long,front,zxing,18.38,start,18.38,start,0.333,0,0
contrast,splat,H,long,front,zxingcpp,1.356,crossed,1.3,crossed,1,0,0
contrast,splat,H,long,front,any,1.356,crossed,1.3,crossed,1,0,0
contrast,splat,H,long,phone,jsqr,18.38,start,18.38,start,0,0,0
contrast,splat,H,long,phone,zxing,18.38,start,18.38,start,0,0,0
contrast,splat,H,long,phone,zxingcpp,1.349,crossed,1.265,crossed,1,0,0
contrast,splat,H,long,phone,any,1.349,crossed,1.265,crossed,1,0,0
contrast,splat,H,long,hard,jsqr,18.38,start,18.38,start,0,0,0
contrast,splat,H,long,hard,zxing,18.38,start,18.38,start,0,0,0
contrast,splat,H,long,hard,zxingcpp,2.531,crossed,2.333,crossed,1,0,0
contrast,splat,H,long,hard,any,2.531,crossed,2.333,crossed,1,0,0
gradient,splat,L,all,front,jsqr,1.65,crossed,1.17,crossed,1,0.444,0.444
gradient,splat,L,all,front,zxing,1.65,crossed,1.253,crossed,1,0.333,0.333
gradient,splat,L,all,front,zxingcpp,,never,,never,1,1,1
gradient,splat,L,all,front,any,,never,,never,1,1,1
gradient,splat,L,all,phone,jsqr,16.499,crossed,1.155,crossed,1,0.333,0.333
gradient,splat,L,all,phone,zxing,16.499,crossed,1.17,crossed,1,0.333,0.333
gradient,splat,L,all,phone,zxingcpp,,never,,never,1,1,1
gradient,splat,L,all,phone,any,,never,,never,1,1,1
gradient,splat,L,all,hard,jsqr,18.38,start,18.38,start,0.333,0,0
gradient,splat,L,all,hard,zxing,18.38,start,18.38,start,0,0,0
gradient,splat,L,all,hard,zxingcpp,18.38,start,1.489,crossed,0.778,0,0
gradient,splat,L,all,hard,any,18.38,start,1.489,crossed,0.889,0,0
gradient,splat,M,all,front,jsqr,18.38,start,,never,0.889,1,0.889
gradient,splat,M,all,front,zxing,18.38,start,,never,0.889,1,0.889
gradient,splat,M,all,front,zxingcpp,,never,,never,1,1,1
gradient,splat,M,all,front,any,,never,,never,1,1,1
gradient,splat,M,all,phone,jsqr,18.38,start,,never,0.667,0.889,0.667
gradient,splat,M,all,phone,zxing,18.38,start,,never,0.667,0.889,0.667
gradient,splat,M,all,phone,zxingcpp,,never,,never,1,1,1
gradient,splat,M,all,phone,any,,never,,never,1,1,1
gradient,splat,M,all,hard,jsqr,18.38,start,1.855,crossed,0.556,0,0
gradient,splat,M,all,hard,zxing,18.38,start,18.38,start,0.111,0,0
gradient,splat,M,all,hard,zxingcpp,1.763,crossed,1.13,crossed,1,0.444,0.444
gradient,splat,M,all,hard,any,1.763,crossed,1.13,crossed,1,0.444,0.444
gradient,splat,Q,all,front,jsqr,18.38,start,,never,0.889,1,0.889
gradient,splat,Q,all,front,zxing,18.38,start,,never,0.667,0.778,0.556
gradient,splat,Q,all,front,zxingcpp,,never,,never,1,1,1
gradient,splat,Q,all,front,any,,never,,never,1,1,1
gradient,splat,Q,all,phone,jsqr,18.38,start,,never,0.667,0.667,0.667
gradient,splat,Q,all,phone,zxing,18.38,start,,never,0.556,0.556,0.556
gradient,splat,Q,all,phone,zxingcpp,,never,,never,1,1,1
gradient,splat,Q,all,phone,any,,never,,never,1,1,1
gradient,splat,Q,all,hard,jsqr,18.38,start,1.413,crossed,0.667,0.222,0.222
gradient,splat,Q,all,hard,zxing,18.38,start,18.38,start,0.111,0.222,0.111
gradient,splat,Q,all,hard,zxingcpp,1.122,crossed,,never,1,0.889,0.889
gradient,splat,Q,all,hard,any,1.122,crossed,,never,1,0.889,0.889
gradient,splat,H,all,front,jsqr,18.38,start,,never,0.667,0.889,0.667
gradient,splat,H,all,front,zxing,18.38,start,,never,0.667,0.778,0.667
gradient,splat,H,all,front,zxingcpp,,never,,never,1,1,1
gradient,splat,H,all,front,any,,never,,never,1,1,1
gradient,splat,H,all,phone,jsqr,18.38,start,,never,0.667,0.667,0.667
gradient,splat,H,all,phone,zxing,18.38,start,,never,0.667,0.667,0.667
gradient,splat,H,all,phone,zxingcpp,,never,,never,1,1,1
gradient,splat,H,all,phone,any,,never,,never,1,1,1
gradient,splat,H,all,hard,jsqr,18.38,start,,never,0.667,0.667,0.667
gradient,splat,H,all,hard,zxing,18.38,start,18.38,start,0.111,0,0
gradient,splat,H,all,hard,zxingcpp,,never,,never,1,1,1
gradient,splat,H,all,hard,any,,never,,never,1,1,1
gradient,splat,L,short,front,jsqr,1.71,crossed,1.59,crossed,1,0,0
gradient,splat,L,short,front,zxing,1.71,crossed,1.59,crossed,1,0,0
gradient,splat,L,short,front,zxingcpp,,never,,never,1,1,1
gradient,splat,L,short,front,any,,never,,never,1,1,1
gradient,splat,L,short,phone,jsqr,1.328,crossed,1.2,crossed,1,0,0
gradient,splat,L,short,phone,zxing,1.349,crossed,1.265,crossed,1,0,0
gradient,splat,L,short,phone,zxingcpp,,never,,never,1,1,1
gradient,splat,L,short,phone,any,,never,,never,1,1,1
gradient,splat,L,short,hard,jsqr,18.38,start,18.38,start,0.333,0,0
gradient,splat,L,short,hard,zxing,18.38,start,18.38,start,0,0,0
gradient,splat,L,short,hard,zxingcpp,15.609,crossed,3.103,crossed,1,0,0
gradient,splat,L,short,hard,any,2.166,crossed,1.64,crossed,1,0,0
gradient,splat,M,short,front,jsqr,,never,,never,1,1,1
gradient,splat,M,short,front,zxing,,never,,never,1,1,1
gradient,splat,M,short,front,zxingcpp,,never,,never,1,1,1
gradient,splat,M,short,front,any,,never,,never,1,1,1
gradient,splat,M,short,phone,jsqr,,never,,never,1,1,1
gradient,splat,M,short,phone,zxing,,never,,never,1,1,1
gradient,splat,M,short,phone,zxingcpp,,never,,never,1,1,1
gradient,splat,M,short,phone,any,,never,,never,1,1,1
gradient,splat,M,short,hard,jsqr,18.38,start,1.798,crossed,0.667,0,0
gradient,splat,M,short,hard,zxing,18.38,start,18.38,start,0,0,0
gradient,splat,M,short,hard,zxingcpp,1.328,crossed,,never,1,0.667,0.667
gradient,splat,M,short,hard,any,1.328,crossed,,never,1,0.667,0.667
gradient,splat,Q,short,front,jsqr,,never,,never,1,1,1
gradient,splat,Q,short,front,zxing,18.38,start,18.38,start,0.333,0.333,0
gradient,splat,Q,short,front,zxingcpp,,never,,never,1,1,1
gradient,splat,Q,short,front,any,,never,,never,1,1,1
gradient,splat,Q,short,phone,jsqr,,never,,never,1,1,1
gradient,splat,Q,short,phone,zxing,18.38,start,,never,0.667,0.667,0.667
gradient,splat,Q,short,phone,zxingcpp,,never,,never,1,1,1
gradient,splat,Q,short,phone,any,,never,,never,1,1,1
gradient,splat,Q,short,hard,jsqr,1.515,crossed,1.413,crossed,1,0.333,0.333
gradient,splat,Q,short,hard,zxing,18.38,start,18.38,start,0,0,0
gradient,splat,Q,short,hard,zxingcpp,,never,,never,1,1,1
gradient,splat,Q,short,hard,any,,never,,never,1,1,1
gradient,splat,H,short,front,jsqr,,never,,never,1,1,1
gradient,splat,H,short,front,zxing,,never,,never,1,1,1
gradient,splat,H,short,front,zxingcpp,,never,,never,1,1,1
gradient,splat,H,short,front,any,,never,,never,1,1,1
gradient,splat,H,short,phone,jsqr,,never,,never,1,1,1
gradient,splat,H,short,phone,zxing,,never,,never,1,1,1
gradient,splat,H,short,phone,zxingcpp,,never,,never,1,1,1
gradient,splat,H,short,phone,any,,never,,never,1,1,1
gradient,splat,H,short,hard,jsqr,,never,,never,1,1,1
gradient,splat,H,short,hard,zxing,18.38,start,18.38,start,0,0,0
gradient,splat,H,short,hard,zxingcpp,,never,,never,1,1,1
gradient,splat,H,short,hard,any,,never,,never,1,1,1
gradient,splat,L,url,front,jsqr,1.349,crossed,1.265,crossed,1,0.333,0.333
gradient,splat,L,url,front,zxing,1.349,crossed,1.265,crossed,1,0,0
gradient,splat,L,url,front,zxingcpp,,never,,never,1,1,1
gradient,splat,L,url,front,any,,never,,never,1,1,1
gradient,splat,L,url,phone,jsqr,1.218,crossed,1.17,crossed,1,0,0
gradient,splat,L,url,phone,zxing,1.328,crossed,1.2,crossed,1,0,0
gradient,splat,L,url,phone,zxingcpp,,never,,never,1,1,1
gradient,splat,L,url,phone,any,,never,,never,1,1,1
gradient,splat,L,url,hard,jsqr,18.38,start,1.59,crossed,0.667,0,0
gradient,splat,L,url,hard,zxing,18.38,start,18.38,start,0,0,0
gradient,splat,L,url,hard,zxingcpp,18.38,start,18.38,start,0.333,0,0
gradient,splat,L,url,hard,any,18.38,start,1.455,crossed,0.667,0,0
gradient,splat,M,url,front,jsqr,,never,,never,1,1,1
gradient,splat,M,url,front,zxing,,never,,never,1,1,1
gradient,splat,M,url,front,zxingcpp,,never,,never,1,1,1
gradient,splat,M,url,front,any,,never,,never,1,1,1
gradient,splat,M,url,phone,jsqr,,never,,never,1,1,1
gradient,splat,M,url,phone,zxing,,never,,never,1,1,1
gradient,splat,M,url,phone,zxingcpp,,never,,never,1,1,1
gradient,splat,M,url,phone,any,,never,,never,1,1,1
gradient,splat,M,url,hard,jsqr,17.753,crossed,1.3,crossed,1,0,0
gradient,splat,M,url,hard,zxing,18.38,start,18.38,start,0.333,0,0
gradient,splat,M,url,hard,zxingcpp,1.328,crossed,,never,1,0.667,0.667
gradient,splat,M,url,hard,any,1.328,crossed,,never,1,0.667,0.667
gradient,splat,Q,url,front,jsqr,,never,,never,1,1,1
gradient,splat,Q,url,front,zxing,,never,,never,1,1,1
gradient,splat,Q,url,front,zxingcpp,,never,,never,1,1,1
gradient,splat,Q,url,front,any,,never,,never,1,1,1
gradient,splat,Q,url,phone,jsqr,,never,,never,1,1,1
gradient,splat,Q,url,phone,zxing,,never,,never,1,1,1
gradient,splat,Q,url,phone,zxingcpp,,never,,never,1,1,1
gradient,splat,Q,url,phone,any,,never,,never,1,1,1
gradient,splat,Q,url,hard,jsqr,11.232,crossed,1.14,crossed,1,0.333,0.333
gradient,splat,Q,url,hard,zxing,18.38,start,18.38,start,0.333,0.667,0.333
gradient,splat,Q,url,hard,zxingcpp,1.194,crossed,,never,1,0.667,0.667
gradient,splat,Q,url,hard,any,1.194,crossed,,never,1,0.667,0.667
gradient,splat,H,url,front,jsqr,18.38,start,,never,0.667,1,0.667
gradient,splat,H,url,front,zxing,18.38,start,,never,0.667,0.667,0.667
gradient,splat,H,url,front,zxingcpp,,never,,never,1,1,1
gradient,splat,H,url,front,any,,never,,never,1,1,1
gradient,splat,H,url,phone,jsqr,,never,,never,1,1,1
gradient,splat,H,url,phone,zxing,,never,,never,1,1,1
gradient,splat,H,url,phone,zxingcpp,,never,,never,1,1,1
gradient,splat,H,url,phone,any,,never,,never,1,1,1
gradient,splat,H,url,hard,jsqr,,never,,never,1,1,1
gradient,splat,H,url,hard,zxing,18.38,start,18.38,start,0.333,0,0
gradient,splat,H,url,hard,zxingcpp,,never,,never,1,1,1
gradient,splat,H,url,hard,any,,never,,never,1,1,1
gradient,splat,L,long,front,jsqr,,never,,never,1,1,1
gradient,splat,L,long,front,zxing,,never,,never,1,1,1
gradient,splat,L,long,front,zxingcpp,,never,,never,1,1,1
gradient,splat,L,long,front,any,,never,,never,1,1,1
gradient,splat,L,long,phone,jsqr,17.753,crossed,,never,1,1,0.667
gradient,splat,L,long,phone,zxing,17.753,crossed,,never,1,1,0.667
gradient,splat,L,long,phone,zxingcpp,,never,,never,1,1,1
gradient,splat,L,long,phone,any,,never,,never,1,1,1
gradient,splat,L,long,hard,jsqr,18.38,start,18.38,start,0,0,0
gradient,splat,L,long,hard,zxing,18.38,start,18.38,start,0,0,0
gradient,splat,L,long,hard,zxingcpp,1.68,crossed,1.455,crossed,1,0,0
gradient,splat,L,long,hard,any,1.68,crossed,1.455,crossed,1,0,0
gradient,splat,M,long,front,jsqr,18.38,start,,never,0.667,1,0.667
gradient,splat,M,long,front,zxing,18.38,start,,never,0.667,1,0.667
gradient,splat,M,long,front,zxingcpp,,never,,never,1,1,1
gradient,splat,M,long,front,any,,never,,never,1,1,1
gradient,splat,M,long,phone,jsqr,18.38,start,18.38,start,0,0.667,0
gradient,splat,M,long,phone,zxing,18.38,start,18.38,start,0,0.667,0
gradient,splat,M,long,phone,zxingcpp,,never,,never,1,1,1
gradient,splat,M,long,phone,any,,never,,never,1,1,1
gradient,splat,M,long,hard,jsqr,18.38,start,18.38,start,0,0,0
gradient,splat,M,long,hard,zxing,18.38,start,18.38,start,0,0,0
gradient,splat,M,long,hard,zxingcpp,1.901,crossed,1.17,crossed,1,0,0
gradient,splat,M,long,hard,any,1.901,crossed,1.17,crossed,1,0,0
gradient,splat,Q,long,front,jsqr,18.38,start,,never,0.667,1,0.667
gradient,splat,Q,long,front,zxing,18.38,start,,never,0.667,1,0.667
gradient,splat,Q,long,front,zxingcpp,,never,,never,1,1,1
gradient,splat,Q,long,front,any,,never,,never,1,1,1
gradient,splat,Q,long,phone,jsqr,18.38,start,18.38,start,0,0,0
gradient,splat,Q,long,phone,zxing,18.38,start,18.38,start,0,0,0
gradient,splat,Q,long,phone,zxingcpp,,never,,never,1,1,1
gradient,splat,Q,long,phone,any,,never,,never,1,1,1
gradient,splat,Q,long,hard,jsqr,18.38,start,18.38,start,0,0,0
gradient,splat,Q,long,hard,zxing,18.38,start,18.38,start,0,0,0
gradient,splat,Q,long,hard,zxingcpp,,never,,never,1,1,1
gradient,splat,Q,long,hard,any,,never,,never,1,1,1
gradient,splat,H,long,front,jsqr,18.38,start,18.38,start,0.333,0.667,0.333
gradient,splat,H,long,front,zxing,18.38,start,18.38,start,0.333,0.667,0.333
gradient,splat,H,long,front,zxingcpp,,never,,never,1,1,1
gradient,splat,H,long,front,any,,never,,never,1,1,1
gradient,splat,H,long,phone,jsqr,18.38,start,18.38,start,0,0,0
gradient,splat,H,long,phone,zxing,18.38,start,18.38,start,0,0,0
gradient,splat,H,long,phone,zxingcpp,,never,,never,1,1,1
gradient,splat,H,long,phone,any,,never,,never,1,1,1
gradient,splat,H,long,hard,jsqr,18.38,start,18.38,start,0,0,0
gradient,splat,H,long,hard,zxing,18.38,start,18.38,start,0,0,0
gradient,splat,H,long,hard,zxingcpp,,never,,never,1,1,1
gradient,splat,H,long,hard,any,,never,,never,1,1,1
gap-eyes,splat,L,all,front,jsqr,0.295,crossed,0.405,crossed,1,0,0
gap-eyes,splat,L,all,front,zxing,0.095,crossed,,never,1,1,0.556
gap-eyes,splat,L,all,front,zxingcpp,0.815,crossed,,never,1,0.667,0.667
gap-eyes,splat,L,all,front,any,,never,,never,1,1,1
gap-eyes,splat,L,all,phone,jsqr,0.045,crossed,0.625,crossed,1,0,0
gap-eyes,splat,L,all,phone,zxing,0.045,crossed,0.713,crossed,1,0,0
gap-eyes,splat,L,all,phone,zxingcpp,0.415,crossed,0.581,crossed,1,0,0
gap-eyes,splat,L,all,phone,any,0.423,crossed,0.755,crossed,1,0,0
gap-eyes,splat,L,all,hard,jsqr,0,start,0,start,0.333,0,0
gap-eyes,splat,L,all,hard,zxing,0,start,0,start,0,0,0
gap-eyes,splat,L,all,hard,zxingcpp,0,start,0.581,crossed,0.778,0,0
gap-eyes,splat,L,all,hard,any,0,start,0.592,crossed,0.889,0,0
gap-eyes,splat,M,all,front,jsqr,0,start,0.415,crossed,0.889,0,0
gap-eyes,splat,M,all,front,zxing,0,start,,never,0.889,0.778,0.667
gap-eyes,splat,M,all,front,zxingcpp,0.795,crossed,,never,1,0.667,0.667
gap-eyes,splat,M,all,front,any,0.845,crossed,,never,1,0.889,0.889
gap-eyes,splat,M,all,phone,jsqr,0,start,0.375,crossed,0.667,0,0
gap-eyes,splat,M,all,phone,zxing,0,start,0.575,crossed,0.667,0,0
gap-eyes,splat,M,all,phone,zxingcpp,0.395,crossed,0.475,crossed,1,0,0
gap-eyes,splat,M,all,phone,any,0.423,crossed,0.771,crossed,1,0,0
gap-eyes,splat,M,all,hard,jsqr,0,start,0.025,crossed,0.556,0,0
gap-eyes,splat,M,all,hard,zxing,0,start,0,start,0.111,0,0
gap-eyes,splat,M,all,hard,zxingcpp,0.245,crossed,0.492,crossed,1,0,0
gap-eyes,splat,M,all,hard,any,0.245,crossed,0.492,crossed,1,0,0
gap-eyes,splat,Q,all,front,jsqr,0,start,0.388,crossed,0.889,0,0
gap-eyes,splat,Q,all,front,zxing,0,start,,never,0.667,0.667,0.556
gap-eyes,splat,Q,all,front,zxingcpp,0.811,crossed,,never,1,0.556,0.556
gap-eyes,splat,Q,all,front,any,0.845,crossed,,never,1,0.778,0.778
gap-eyes,splat,Q,all,phone,jsqr,0,start,0.463,crossed,0.667,0,0
gap-eyes,splat,Q,all,phone,zxing,0,start,0.025,crossed,0.556,0,0
gap-eyes,splat,Q,all,phone,zxingcpp,0.373,crossed,0.794,crossed,1,0,0
gap-eyes,splat,Q,all,phone,any,0.395,crossed,0.794,crossed,1,0,0
gap-eyes,splat,Q,all,hard,jsqr,0,start,0.313,crossed,0.667,0,0
gap-eyes,splat,Q,all,hard,zxing,0,start,0,start,0.111,0,0
gap-eyes,splat,Q,all,hard,zxingcpp,0.245,crossed,0.588,crossed,1,0,0
gap-eyes,splat,Q,all,hard,any,0.295,crossed,0.588,crossed,1,0,0
gap-eyes,splat,H,all,front,jsqr,0,start,0.363,crossed,0.667,0,0
gap-eyes,splat,H,all,front,zxing,0,start,0.725,crossed,0.667,0.444,0.444
gap-eyes,splat,H,all,front,zxingcpp,0.845,crossed,,never,1,0.778,0.778
gap-eyes,splat,H,all,front,any,0.895,crossed,,never,1,0.889,0.889
gap-eyes,splat,H,all,phone,jsqr,0,start,0.425,crossed,0.667,0,0
gap-eyes,splat,H,all,phone,zxing,0,start,0.513,crossed,0.667,0,0
gap-eyes,splat,H,all,phone,zxingcpp,0.423,crossed,0.756,crossed,1,0,0
gap-eyes,splat,H,all,phone,any,0.445,crossed,0.769,crossed,1,0,0
gap-eyes,splat,H,all,hard,jsqr,0,start,0.238,crossed,0.667,0,0
gap-eyes,splat,H,all,hard,zxing,0,start,0,start,0.111,0,0
gap-eyes,splat,H,all,hard,zxingcpp,0.495,crossed,0.569,crossed,1,0,0
gap-eyes,splat,H,all,hard,any,0.495,crossed,0.569,crossed,1,0,0
gap-eyes,splat,L,short,front,jsqr,0.365,crossed,0.413,crossed,1,0,0
gap-eyes,splat,L,short,front,zxing,0.715,crossed,,never,1,1,0.667
gap-eyes,splat,L,short,front,zxingcpp,0.815,crossed,,never,1,0.667,0.667
gap-eyes,splat,L,short,front,any,,never,,never,1,1,1
gap-eyes,splat,L,short,phone,jsqr,0.705,crossed,0.725,crossed,1,0,0
gap-eyes,splat,L,short,phone,zxing,0.707,crossed,0.737,crossed,1,0,0
gap-eyes,splat,L,short,phone,zxingcpp,0.415,crossed,0.763,crossed,1,0,0
gap-eyes,splat,L,short,phone,any,0.755,crossed,0.775,crossed,1,0,0
gap-eyes,splat,L,short,hard,jsqr,0,start,0,start,0.333,0,0
gap-eyes,splat,L,short,hard,zxing,0,start,0,start,0,0,0
gap-eyes,splat,L,short,hard,zxingcpp,0.465,crossed,0.612,crossed,1,0,0
gap-eyes,splat,L,short,hard,any,0.515,crossed,0.612,crossed,1,0,0
gap-eyes,splat,M,short,front,jsqr,0.365,crossed,0.413,crossed,1,0,0
gap-eyes,splat,M,short,front,zxing,,never,,never,1,1,1
gap-eyes,splat,M,short,front,zxingcpp,0.815,crossed,,never,1,0.667,0.667
gap-eyes,splat,M,short,front,any,,never,,never,1,1,1
gap-eyes,splat,M,short,phone,jsqr,0.615,crossed,0.712,crossed,1,0,0
gap-eyes,splat,M,short,phone,zxing,0.755,crossed,0.775,crossed,1,0,0
gap-eyes,splat,M,short,phone,zxingcpp,0.415,crossed,0.763,crossed,1,0,0
gap-eyes,splat,M,short,phone,any,0.755,crossed,0.775,crossed,1,0,0
gap-eyes,splat,M,short,hard,jsqr,0,start,0.538,crossed,0.667,0,0
gap-eyes,splat,M,short,hard,zxing,0,start,0,start,0,0,0
gap-eyes,splat,M,short,hard,zxingcpp,0.565,crossed,0.625,crossed,1,0,0
gap-eyes,splat,M,short,hard,any,0.565,crossed,0.625,crossed,1,0,0
gap-eyes,splat,Q,short,front,jsqr,0.365,crossed,0.413,crossed,1,0,0
gap-eyes,splat,Q,short,front,zxing,0,start,0,start,0.333,1,0
gap-eyes,splat,Q,short,front,zxingcpp,0.815,crossed,,never,1,0.667,0.667
gap-eyes,splat,Q,short,front,any,,never,,never,1,1,1
gap-eyes,splat,Q,short,phone,jsqr,0.615,crossed,0.675,crossed,1,0,0
gap-eyes,splat,Q,short,phone,zxing,0,start,0.025,crossed,0.667,0,0
gap-eyes,splat,Q,short,phone,zxingcpp,0.565,crossed,0.825,crossed,1,0,0
gap-eyes,splat,Q,short,phone,any,0.805,crossed,0.825,crossed,1,0,0
gap-eyes,splat,Q,short,hard,jsqr,0.315,crossed,0.575,crossed,1,0,0
gap-eyes,splat,Q,short,hard,zxing,0,start,0,start,0,0,0
gap-eyes,splat,Q,short,hard,zxingcpp,0.565,crossed,0.663,crossed,1,0,0
gap-eyes,splat,Q,short,hard,any,0.565,crossed,0.663,crossed,1,0,0
gap-eyes,splat,H,short,front,jsqr,0.358,crossed,0.388,crossed,1,0,0
gap-eyes,splat,H,short,front,zxing,,never,,never,1,1,1
gap-eyes,splat,H,short,front,zxingcpp,0.815,crossed,,never,1,0.667,0.667
gap-eyes,splat,H,short,front,any,,never,,never,1,1,1
gap-eyes,splat,H,short,phone,jsqr,0.415,crossed,0.663,crossed,1,0,0
gap-eyes,splat,H,short,phone,zxing,0.615,crossed,0.775,crossed,1,0,0
gap-eyes,splat,H,short,phone,zxingcpp,0.715,crossed,0.763,crossed,1,0,0
gap-eyes,splat,H,short,phone,any,0.758,crossed,0.788,crossed,1,0,0
gap-eyes,splat,H,short,hard,jsqr,0.315,crossed,0.612,crossed,1,0,0
gap-eyes,splat,H,short,hard,zxing,0,start,0,start,0,0,0
gap-eyes,splat,H,short,hard,zxingcpp,0.565,crossed,0.612,crossed,1,0,0
gap-eyes,splat,H,short,hard,any,0.565,crossed,0.612,crossed,1,0,0
gap-eyes,splat,L,url,front,jsqr,0.358,crossed,0.388,crossed,1,0,0
gap-eyes,splat,L,url,front,zxing,0.115,crossed,,never,1,1,0.667
gap-eyes,splat,L,url,front,zxingcpp,0.815,crossed,,never,1,0.667,0.667
gap-eyes,splat,L,url,front,any,,never,,never,1,1,1
gap-eyes,splat,L,url,phone,jsqr,0.565,crossed,0.625,crossed,1,0,0
gap-eyes,splat,L,url,phone,zxing,0.615,crossed,0.763,crossed,1,0,0
gap-eyes,splat,L,url,phone,zxingcpp,0.465,crossed,0.575,crossed,1,0,0
gap-eyes,splat,L,url,phone,any,0.665,crossed,0.763,crossed,1,0,0
gap-eyes,splat,L,url,hard,jsqr,0,start,0.612,crossed,0.667,0,0
gap-eyes,splat,L,url,hard,zxing,0,start,0,start,0,0,0
gap-eyes,splat,L,url,hard,zxingcpp,0,start,0,start,0.333,0,0
gap-eyes,splat,L,url,hard,any,0,start,0.612,crossed,0.667,0,0
gap-eyes,splat,M,url,front,jsqr,0.115,crossed,0.438,crossed,1,0,0
gap-eyes,splat,M,url,front,zxing,,never,,never,1,1,1
gap-eyes,splat,M,url,front,zxingcpp,0.765,crossed,,never,1,0.667,0.667
gap-eyes,splat,M,url,front,any,,never,,never,1,1,1
gap-eyes,splat,M,url,phone,jsqr,0.315,crossed,0.375,crossed,1,0,0
gap-eyes,splat,M,url,phone,zxing,0.265,crossed,0.575,crossed,1,0,0
gap-eyes,splat,M,url,phone,zxingcpp,0.365,crossed,0.475,crossed,1,0,0
gap-eyes,splat,M,url,phone,any,0.758,crossed,0.788,crossed,1,0,0
gap-eyes,splat,M,url,hard,jsqr,0.007,crossed,0.038,crossed,1,0,0
gap-eyes,splat,M,url,hard,zxing,0,start,0,start,0.333,0,0
gap-eyes,splat,M,url,hard,zxingcpp,0.215,crossed,0.475,crossed,1,0,0
gap-eyes,splat,M,url,hard,any,0.215,crossed,0.475,crossed,1,0,0
gap-eyes,splat,Q,url,front,jsqr,0.315,crossed,0.375,crossed,1,0,0
gap-eyes,splat,Q,url,front,zxing,,never,,never,1,1,1
gap-eyes,splat,Q,url,front,zxingcpp,0.815,crossed,,never,1,0.667,0.667
gap-eyes,splat,Q,url,front,any,,never,,never,1,1,1
gap-eyes,splat,Q,url,phone,jsqr,0.365,crossed,0.463,crossed,1,0,0
gap-eyes,splat,Q,url,phone,zxing,0.265,crossed,0.425,crossed,1,0,0
gap-eyes,splat,Q,url,phone,zxingcpp,0.365,crossed,0.788,crossed,1,0,0
gap-eyes,splat,Q,url,phone,any,0.758,crossed,0.788,crossed,1,0,0
gap-eyes,splat,Q,url,hard,jsqr,0.265,crossed,0.325,crossed,1,0,0
gap-eyes,splat,Q,url,hard,zxing,0,start,0,start,0.333,0,0
gap-eyes,splat,Q,url,hard,zxingcpp,0.215,crossed,0.375,crossed,1,0,0
gap-eyes,splat,Q,url,hard,any,0.265,crossed,0.375,crossed,1,0,0
gap-eyes,splat,H,url,front,jsqr,0,start,0.413,crossed,0.667,0,0
gap-eyes,splat,H,url,front,zxing,0,start,0.725,crossed,0.667,0.333,0.333
gap-eyes,splat,H,url,front,zxingcpp,,never,,never,1,1,1
gap-eyes,splat,H,url,front,any,,never,,never,1,1,1
gap-eyes,splat,H,url,phone,jsqr,0.265,crossed,0.475,crossed,1,0,0
gap-eyes,splat,H,url,phone,zxing,0.315,crossed,0.513,crossed,1,0,0
gap-eyes,splat,H,url,phone,zxingcpp,0.415,crossed,0.788,crossed,1,0,0
gap-eyes,splat,H,url,phone,any,0.515,crossed,0.788,crossed,1,0,0
gap-eyes,splat,H,url,hard,jsqr,0.208,crossed,0.238,crossed,1,0,0
gap-eyes,splat,H,url,hard,zxing,0,start,0,start,0.333,0,0
gap-eyes,splat,H,url,hard,zxingcpp,0.555,crossed,0.575,crossed,1,0,0
gap-eyes,splat,H,url,hard,any,0.555,crossed,0.575,crossed,1,0,0
gap-eyes,splat,L,long,front,jsqr,0.265,crossed,0.325,crossed,1,0,0
gap-eyes,splat,L,long,front,zxing,0.065,crossed,0.113,crossed,1,1,0
gap-eyes,splat,L,long,front,zxingcpp,0.815,crossed,,never,1,0.667,0.667
gap-eyes,splat,L,long,front,any,,never,,never,1,1,1
gap-eyes,splat,L,long,phone,jsqr,0.015,crossed,0.225,crossed,1,0,0
gap-eyes,splat,L,long,phone,zxing,0.015,crossed,0.113,crossed,1,0,0
gap-eyes,splat,L,long,phone,zxingcpp,0.408,crossed,0.438,crossed,1,0,0
gap-eyes,splat,L,long,phone,any,0.408,crossed,0.438,crossed,1,0,0
gap-eyes,splat,L,long,hard,jsqr,0,start,0,start,0,0,0
gap-eyes,splat,L,long,hard,zxing,0,start,0,start,0,0,0
gap-eyes,splat,L,long,hard,zxingcpp,0.515,crossed,0.563,crossed,1,0,0
gap-eyes,splat,L,long,hard,any,0.515,crossed,0.563,crossed,1,0,0
gap-eyes,splat,M,long,front,jsqr,0,start,0.275,crossed,0.667,0,0
gap-eyes,splat,M,long,front,zxing,0,start,0.275,crossed,0.667,0.333,0
gap-eyes,splat,M,long,front,zxingcpp,0.815,crossed,,never,1,0.667,0.667
gap-eyes,splat,M,long,front,any,0.815,crossed,,never,1,0.667,0.667
gap-eyes,splat,M,long,phone,jsqr,0,start,0,start,0,0,0
gap-eyes,splat,M,long,phone,zxing,0,start,0,start,0,0,0
gap-eyes,splat,M,long,phone,zxingcpp,0.408,crossed,0.438,crossed,1,0,0
gap-eyes,splat,M,long,phone,any,0.408,crossed,0.438,crossed,1,0,0
gap-eyes,splat,M,long,hard,jsqr,0,start,0,start,0,0,0
gap-eyes,splat,M,long,hard,zxing,0,start,0,start,0,0,0
gap-eyes,splat,M,long,hard,zxingcpp,0.365,crossed,0.463,crossed,1,0,0
gap-eyes,splat,M,long,hard,any,0.365,crossed,0.463,crossed,1,0,0
gap-eyes,splat,Q,long,front,jsqr,0,start,0.275,crossed,0.667,0,0
gap-eyes,splat,Q,long,front,zxing,0,start,0.275,crossed,0.667,0,0
gap-eyes,splat,Q,long,front,zxingcpp,0.808,crossed,0.838,crossed,1,0.333,0.333
gap-eyes,splat,Q,long,front,any,0.815,crossed,0.875,crossed,1,0.333,0.333
gap-eyes,splat,Q,long,phone,jsqr,0,start,0,start,0,0,0
gap-eyes,splat,Q,long,phone,zxing,0,start,0,start,0,0,0
gap-eyes,splat,Q,long,phone,zxingcpp,0.365,crossed,0.763,crossed,1,0,0
gap-eyes,splat,Q,long,phone,any,0.365,crossed,0.763,crossed,1,0,0
gap-eyes,splat,Q,long,hard,jsqr,0,start,0,start,0,0,0
gap-eyes,splat,Q,long,hard,zxing,0,start,0,start,0,0,0
gap-eyes,splat,Q,long,hard,zxingcpp,0.465,crossed,0.612,crossed,1,0,0
gap-eyes,splat,Q,long,hard,any,0.465,crossed,0.612,crossed,1,0,0
gap-eyes,splat,H,long,front,jsqr,0,start,0,start,0.333,0,0
gap-eyes,splat,H,long,front,zxing,0,start,0,start,0.333,0,0
gap-eyes,splat,H,long,front,zxingcpp,0.865,crossed,,never,1,0.667,0.667
gap-eyes,splat,H,long,front,any,0.865,crossed,,never,1,0.667,0.667
gap-eyes,splat,H,long,phone,jsqr,0,start,0,start,0,0,0
gap-eyes,splat,H,long,phone,zxing,0,start,0,start,0,0,0
gap-eyes,splat,H,long,phone,zxingcpp,0.415,crossed,0.463,crossed,1,0,0
gap-eyes,splat,H,long,phone,any,0.415,crossed,0.463,crossed,1,0,0
gap-eyes,splat,H,long,hard,jsqr,0,start,0,start,0,0,0
gap-eyes,splat,H,long,hard,zxing,0,start,0,start,0,0,0
gap-eyes,splat,H,long,hard,zxingcpp,0.465,crossed,0.513,crossed,1,0,0
gap-eyes,splat,H,long,hard,any,0.465,crossed,0.513,crossed,1,0,0
dots,splat,L,all,front,jsqr,0.245,crossed,0.363,crossed,1,0,0
dots,splat,L,all,front,zxing,0.09,crossed,0.45,crossed,1,0,0
dots,splat,L,all,front,zxingcpp,0.218,crossed,0.29,crossed,1,0,0
dots,splat,L,all,front,any,0.41,crossed,0.45,crossed,1,0,0
dots,splat,L,all,phone,jsqr,0.29,crossed,0.475,crossed,1,0.333,0.333
dots,splat,L,all,phone,zxing,0.19,crossed,,never,1,0.556,0.556
dots,splat,L,all,phone,zxingcpp,0.31,crossed,0.35,crossed,1,0,0
dots,splat,L,all,phone,any,0.445,crossed,,never,1,0.556,0.556
dots,splat,L,all,hard,jsqr,0,start,0.55,crossed,0.667,0,0
dots,splat,L,all,hard,zxing,0,start,0,start,0.222,0.111,0.111
dots,splat,L,all,hard,zxingcpp,0.518,crossed,0.59,crossed,1,0.444,0.444
dots,splat,L,all,hard,any,0.518,crossed,0.59,crossed,1,0.444,0.444
dots,splat,M,all,front,jsqr,0,start,0.425,crossed,0.889,0,0
dots,splat,M,all,front,zxing,0,start,0.45,crossed,0.889,0,0
dots,splat,M,all,front,zxingcpp,0.23,crossed,0.325,crossed,1,0,0
dots,splat,M,all,front,any,0.41,crossed,0.45,crossed,1,0,0
dots,splat,M,all,phone,jsqr,0,start,0.463,crossed,0.778,0.444,0.333
dots,splat,M,all,phone,zxing,0,start,,never,0.778,0.667,0.667
dots,splat,M,all,phone,zxingcpp,0.311,crossed,0.356,crossed,1,0,0
dots,splat,M,all,phone,any,0.43,crossed,,never,1,0.667,0.667
dots,splat,M,all,hard,jsqr,0,start,0.45,crossed,0.667,0,0
dots,splat,M,all,hard,zxing,0,start,0,start,0.444,0,0
dots,splat,M,all,hard,zxingcpp,0.515,crossed,0.575,crossed,1,0.333,0.333
dots,splat,M,all,hard,any,0.515,crossed,0.575,crossed,1,0.333,0.333
dots,splat,Q,all,front,jsqr,0,start,0.358,crossed,0.889,0,0
dots,splat,Q,all,front,zxing,0,start,0.45,crossed,0.556,0.111,0
dots,splat,Q,all,front,zxingcpp,0.218,crossed,0.29,crossed,1,0,0
dots,splat,Q,all,front,any,0.41,crossed,0.45,crossed,1,0.111,0
dots,splat,Q,all,phone,jsqr,0,start,,never,0.667,0.556,0.556
dots,splat,Q,all,phone,zxing,0,start,0,start,0.444,0.778,0.444
dots,splat,Q,all,phone,zxingcpp,0.311,crossed,0.356,crossed,1,0,0
dots,splat,Q,all,phone,any,0.59,crossed,,never,1,0.889,0.889
dots,splat,Q,all,hard,jsqr,0,start,0.47,crossed,0.667,0,0
dots,splat,Q,all,hard,zxing,0,start,0,start,0.333,0.111,0.111
dots,splat,Q,all,hard,zxingcpp,0.511,crossed,0.556,crossed,1,0.111,0.111
dots,splat,Q,all,hard,any,0.511,crossed,0.556,crossed,1,0.111,0.111
dots,splat,H,all,front,jsqr,0,start,0.35,crossed,0.778,0,0
dots,splat,H,all,front,zxing,0,start,0.45,crossed,0.778,0,0
dots,splat,H,all,front,zxingcpp,0.23,crossed,0.33,crossed,1,0,0
dots,splat,H,all,front,any,0.41,crossed,0.45,crossed,1,0,0
dots,splat,H,all,phone,jsqr,0,start,0.563,crossed,0.667,0.333,0.333
dots,splat,H,all,phone,zxing,0,start,0.575,crossed,0.667,0.444,0.444
dots,splat,H,all,phone,zxingcpp,0.313,crossed,0.364,crossed,1,0,0
dots,splat,H,all,phone,any,0.49,crossed,,never,1,0.556,0.556
dots,splat,H,all,hard,jsqr,0,start,0.536,crossed,0.667,0,0
dots,splat,H,all,hard,zxing,0,start,0,start,0.222,0,0
dots,splat,H,all,hard,zxingcpp,0.51,crossed,0.55,crossed,1,0,0
dots,splat,H,all,hard,any,0.51,crossed,0.55,crossed,1,0,0
dots,splat,L,short,front,jsqr,0.315,crossed,0.375,crossed,1,0,0
dots,splat,L,short,front,zxing,0.41,crossed,0.45,crossed,1,0,0
dots,splat,L,short,front,zxingcpp,0.21,crossed,0.25,crossed,1,0,0
dots,splat,L,short,front,any,0.41,crossed,0.45,crossed,1,0,0
dots,splat,L,short,phone,jsqr,0.415,crossed,0.475,crossed,1,1,0.333
dots,splat,L,short,phone,zxing,,never,,never,1,1,1
dots,splat,L,short,phone,zxingcpp,0.31,crossed,0.35,crossed,1,0,0
dots,splat,L,short,phone,any,,never,,never,1,1,1
dots,splat,L,short,hard,jsqr,0.51,crossed,0.55,crossed,1,0,0
dots,splat,L,short,hard,zxing,0,start,0.55,crossed,0.667,0.333,0.333
dots,splat,L,short,hard,zxingcpp,0.515,crossed,0.575,crossed,1,0.333,0.333
dots,splat,L,short,hard,any,0.515,crossed,0.575,crossed,1,0.333,0.333
dots,splat,M,short,front,jsqr,0.315,crossed,0.375,crossed,1,0,0
dots,splat,M,short,front,zxing,0.41,crossed,0.45,crossed,1,0,0
dots,splat,M,short,front,zxingcpp,0.21,crossed,0.25,crossed,1,0,0
dots,splat,M,short,front,any,0.41,crossed,0.45,crossed,1,0,0
dots,splat,M,short,phone,jsqr,0.415,crossed,0.475,crossed,1,1,0.333
dots,splat,M,short,phone,zxing,,never,,never,1,1,1
dots,splat,M,short,phone,zxingcpp,0.31,crossed,0.35,crossed,1,0,0
dots,splat,M,short,phone,any,,never,,never,1,1,1
dots,splat,M,short,hard,jsqr,0.51,crossed,0.55,crossed,1,0,0
dots,splat,M,short,hard,zxing,0,start,0.525,crossed,0.667,0,0
dots,splat,M,short,hard,zxingcpp,0.515,crossed,0.575,crossed,1,0.333,0.333
dots,splat,M,short,hard,any,0.515,crossed,0.575,crossed,1,0.333,0.333
dots,splat,Q,short,front,jsqr,0.31,crossed,0.35,crossed,1,0,0
dots,splat,Q,short,front,zxing,0,start,0,start,0,0,0
dots,splat,Q,short,front,zxingcpp,0.21,crossed,0.25,crossed,1,0,0
dots,splat,Q,short,front,any,0.41,crossed,0.45,crossed,1,0,0
dots,splat,Q,short,phone,jsqr,,never,,never,1,1,1
dots,splat,Q,short,phone,zxing,0,start,0,start,0.333,1,0
dots,splat,Q,short,phone,zxingcpp,0.31,crossed,0.35,crossed,1,0,0
dots,splat,Q,short,phone,any,,never,,never,1,1,1
dots,splat,Q,short,hard,jsqr,0.51,crossed,0.55,crossed,1,0,0
dots,splat,Q,short,hard,zxing,0,start,0.05,crossed,0.667,0.333,0.333
dots,splat,Q,short,hard,zxingcpp,0.515,crossed,0.575,crossed,1,0.333,0.333
dots,splat,Q,short,hard,any,0.515,crossed,0.575,crossed,1,0.333,0.333
dots,splat,H,short,front,jsqr,0.315,crossed,0.375,crossed,1,0,0
dots,splat,H,short,front,zxing,0.41,crossed,0.45,crossed,1,0,0
dots,splat,H,short,front,zxingcpp,0.315,crossed,0.375,crossed,1,0,0
dots,splat,H,short,front,any,0.41,crossed,0.45,crossed,1,0,0
dots,splat,H,short,phone,jsqr,0.43,crossed,0.55,crossed,1,0.333,0.333
dots,splat,H,short,phone,zxing,0.53,crossed,,never,1,0.667,0.667
dots,splat,H,short,phone,zxingcpp,0.31,crossed,0.35,crossed,1,0,0
dots,splat,H,short,phone,any,0.53,crossed,,never,1,0.667,0.667
dots,splat,H,short,hard,jsqr,0.51,crossed,0.55,crossed,1,0,0
dots,splat,H,short,hard,zxing,0,start,0,start,0,0,0
dots,splat,H,short,hard,zxingcpp,0.51,crossed,0.55,crossed,1,0,0
dots,splat,H,short,hard,any,0.51,crossed,0.55,crossed,1,0,0
dots,splat,L,url,front,jsqr,0.315,crossed,0.375,crossed,1,0,0
dots,splat,L,url,front,zxing,0.41,crossed,0.45,crossed,1,0,0
dots,splat,L,url,front,zxingcpp,0.315,crossed,0.375,crossed,1,0,0
dots,splat,L,url,front,any,0.41,crossed,0.45,crossed,1,0,0
dots,splat,L,url,phone,jsqr,0.43,crossed,0.525,crossed,1,0,0
dots,splat,L,url,phone,zxing,0.53,crossed,,never,1,0.667,0.667
dots,splat,L,url,phone,zxingcpp,0.31,crossed,0.35,crossed,1,0,0
dots,splat,L,url,phone,any,0.53,crossed,,never,1,0.667,0.667
dots,splat,L,url,hard,jsqr,0.51,crossed,0.55,crossed,1,0,0
dots,splat,L,url,hard,zxing,0,start,0,start,0,0,0
dots,splat,L,url,hard,zxingcpp,0.51,crossed,0.55,crossed,1,0,0
dots,splat,L,url,hard,any,0.51,crossed,0.55,crossed,1,0,0
dots,splat,M,url,front,jsqr,0.115,crossed,0.175,crossed,1,0,0
dots,splat,M,url,front,zxing,0.41,crossed,0.45,crossed,1,0,0
dots,splat,M,url,front,zxingcpp,0.31,crossed,0.35,crossed,1,0,0
dots,splat,M,url,front,any,0.41,crossed,0.45,crossed,1,0,0
dots,splat,M,url,phone,jsqr,0.33,crossed,0.55,crossed,1,0.333,0.333
dots,splat,M,url,phone,zxing,,never,,never,1,1,1
dots,splat,M,url,phone,zxingcpp,0.315,crossed,0.375,crossed,1,0,0
dots,splat,M,url,phone,any,,never,,never,1,1,1
dots,splat,M,url,hard,jsqr,0.33,crossed,0.425,crossed,1,0,0
dots,splat,M,url,hard,zxing,0,start,0.425,crossed,0.667,0,0
dots,splat,M,url,hard,zxingcpp,0.51,crossed,0.55,crossed,1,0,0
dots,splat,M,url,hard,any,0.51,crossed,0.55,crossed,1,0,0
dots,splat,Q,url,front,jsqr,0.23,crossed,0.35,crossed,1,0,0
dots,splat,Q,url,front,zxing,0.41,crossed,0.45,crossed,1,0,0
dots,splat,Q,url,front,zxingcpp,0.31,crossed,0.35,crossed,1,0,0
dots,splat,Q,url,front,any,0.41,crossed,0.45,crossed,1,0,0
dots,splat,Q,url,phone,jsqr,0.43,crossed,0.55,crossed,1,0.333,0.333
dots,splat,Q,url,phone,zxing,,never,,never,1,1,1
dots,splat,Q,url,phone,zxingcpp,0.315,crossed,0.375,crossed,1,0,0
dots,splat,Q,url,phone,any,,never,,never,1,1,1
dots,splat,Q,url,hard,jsqr,0.41,crossed,0.45,crossed,1,0,0
dots,splat,Q,url,hard,zxing,0,start,0,start,0.333,0,0
dots,splat,Q,url,hard,zxingcpp,0.51,crossed,0.55,crossed,1,0,0
dots,splat,Q,url,hard,any,0.51,crossed,0.55,crossed,1,0,0
dots,splat,H,url,front,jsqr,0.33,crossed,0.425,crossed,1,0,0
dots,splat,H,url,front,zxing,0.41,crossed,0.45,crossed,1,0,0
dots,splat,H,url,front,zxingcpp,0.21,crossed,0.25,crossed,1,0,0
dots,splat,H,url,front,any,0.41,crossed,0.45,crossed,1,0,0
dots,splat,H,url,phone,jsqr,0.53,crossed,,never,1,0.667,0.667
dots,splat,H,url,phone,zxing,0.43,crossed,,never,1,0.667,0.667
dots,splat,H,url,phone,zxingcpp,0.315,crossed,0.375,crossed,1,0,0
dots,splat,H,url,phone,any,,never,,never,1,1,1
dots,splat,H,url,hard,jsqr,0.51,crossed,0.55,crossed,1,0,0
dots,splat,H,url,hard,zxing,0,start,0.475,crossed,0.667,0,0
dots,splat,H,url,hard,zxingcpp,0.51,crossed,0.55,crossed,1,0,0
dots,splat,H,url,hard,any,0.51,crossed,0.55,crossed,1,0,0
dots,splat,L,long,front,jsqr,0.215,crossed,0.275,crossed,1,0,0
dots,splat,L,long,front,zxing,0.03,crossed,0.125,crossed,1,0,0
dots,splat,L,long,front,zxingcpp,0.215,crossed,0.275,crossed,1,0,0
dots,splat,L,long,front,any,0.41,crossed,0.45,crossed,1,0,0
dots,splat,L,long,phone,jsqr,0.23,crossed,0.45,crossed,1,0,0
dots,splat,L,long,phone,zxing,0.13,crossed,0.475,crossed,1,0,0
dots,splat,L,long,phone,zxingcpp,0.31,crossed,0.35,crossed,1,0,0
dots,splat,L,long,phone,any,0.415,crossed,0.475,crossed,1,0,0
dots,splat,L,long,hard,jsqr,0,start,0,start,0,0,0
dots,splat,L,long,hard,zxing,0,start,0,start,0,0,0
dots,splat,L,long,hard,zxingcpp,,never,,never,1,1,1
dots,splat,L,long,hard,any,,never,,never,1,1,1
dots,splat,M,long,front,jsqr,0,start,0.175,crossed,0.667,0,0
dots,splat,M,long,front,zxing,0,start,0.45,crossed,0.667,0,0
dots,splat,M,long,front,zxingcpp,0.31,crossed,0.35,crossed,1,0,0
dots,splat,M,long,front,any,0.41,crossed,0.45,crossed,1,0,0
dots,splat,M,long,phone,jsqr,0,start,0,start,0.333,0,0
dots,splat,M,long,phone,zxing,0,start,0,start,0.333,0,0
dots,splat,M,long,phone,zxingcpp,0.31,crossed,0.35,crossed,1,0,0
dots,splat,M,long,phone,any,0.41,crossed,0.45,crossed,1,0,0
dots,splat,M,long,hard,jsqr,0,start,0,start,0,0,0
dots,splat,M,long,hard,zxing,0,start,0,start,0,0,0
dots,splat,M,long,hard,zxingcpp,0.53,crossed,,never,1,0.667,0.667
dots,splat,M,long,hard,any,0.53,crossed,,never,1,0.667,0.667
dots,splat,Q,long,front,jsqr,0,start,0.375,crossed,0.667,0,0
dots,splat,Q,long,front,zxing,0,start,0.45,crossed,0.667,0.333,0
dots,splat,Q,long,front,zxingcpp,0.215,crossed,0.275,crossed,1,0,0
dots,splat,Q,long,front,any,0.41,crossed,0.45,crossed,1,0.333,0
dots,splat,Q,long,phone,jsqr,0,start,0,start,0,0.333,0
dots,splat,Q,long,phone,zxing,0,start,0,start,0,0.333,0
dots,splat,Q,long,phone,zxingcpp,0.31,crossed,0.35,crossed,1,0,0
dots,splat,Q,long,phone,any,0.53,crossed,,never,1,0.667,0.667
dots,splat,Q,long,hard,jsqr,0,start,0,start,0,0,0
dots,splat,Q,long,hard,zxing,0,start,0,start,0,0,0
dots,splat,Q,long,hard,zxingcpp,0.51,crossed,0.55,crossed,1,0,0
dots,splat,Q,long,hard,any,0.51,crossed,0.55,crossed,1,0,0
dots,splat,H,long,front,jsqr,0,start,0,start,0.333,0,0
dots,splat,H,long,front,zxing,0,start,0,start,0.333,0,0
dots,splat,H,long,front,zxingcpp,0.31,crossed,0.35,crossed,1,0,0
dots,splat,H,long,front,any,0.41,crossed,0.45,crossed,1,0,0
dots,splat,H,long,phone,jsqr,0,start,0,start,0,0,0
dots,splat,H,long,phone,zxing,0,start,0,start,0,0,0
dots,splat,H,long,phone,zxingcpp,0.315,crossed,0.375,crossed,1,0,0
dots,splat,H,long,phone,any,0.43,crossed,0.525,crossed,1,0,0
dots,splat,H,long,hard,jsqr,0,start,0,start,0,0,0
dots,splat,H,long,hard,zxing,0,start,0,start,0,0,0
dots,splat,H,long,hard,zxingcpp,0.51,crossed,0.55,crossed,1,0,0
dots,splat,H,long,hard,any,0.51,crossed,0.55,crossed,1,0,0
rounded,splat,L,all,front,jsqr,0.245,crossed,0.363,crossed,1,0,0
rounded,splat,L,all,front,zxing,0.09,crossed,0.45,crossed,1,0,0
rounded,splat,L,all,front,zxingcpp,0.218,crossed,0.29,crossed,1,0,0
rounded,splat,L,all,front,any,0.41,crossed,0.45,crossed,1,0,0
rounded,splat,L,all,phone,jsqr,0.29,crossed,0.475,crossed,1,0.333,0.333
rounded,splat,L,all,phone,zxing,0.19,crossed,,never,1,0.556,0.556
rounded,splat,L,all,phone,zxingcpp,0.31,crossed,0.35,crossed,1,0,0
rounded,splat,L,all,phone,any,0.445,crossed,,never,1,0.556,0.556
rounded,splat,L,all,hard,jsqr,0,start,0.55,crossed,0.667,0,0
rounded,splat,L,all,hard,zxing,0,start,0,start,0.222,0.111,0.111
rounded,splat,L,all,hard,zxingcpp,0.518,crossed,0.59,crossed,1,0.444,0.444
rounded,splat,L,all,hard,any,0.518,crossed,0.59,crossed,1,0.444,0.444
rounded,splat,M,all,front,jsqr,0,start,0.425,crossed,0.889,0,0
rounded,splat,M,all,front,zxing,0,start,0.45,crossed,0.889,0,0
rounded,splat,M,all,front,zxingcpp,0.23,crossed,0.325,crossed,1,0,0
rounded,splat,M,all,front,any,0.41,crossed,0.45,crossed,1,0,0
rounded,splat,M,all,phone,jsqr,0,start,0.463,crossed,0.778,0.444,0.333
rounded,splat,M,all,phone,zxing,0,start,,never,0.778,0.667,0.667
rounded,splat,M,all,phone,zxingcpp,0.311,crossed,0.356,crossed,1,0,0
rounded,splat,M,all,phone,any,0.43,crossed,,never,1,0.667,0.667
rounded,splat,M,all,hard,jsqr,0,start,0.45,crossed,0.667,0,0
rounded,splat,M,all,hard,zxing,0,start,0,start,0.444,0,0
rounded,splat,M,all,hard,zxingcpp,0.515,crossed,0.575,crossed,1,0.333,0.333
rounded,splat,M,all,hard,any,0.515,crossed,0.575,crossed,1,0.333,0.333
rounded,splat,Q,all,front,jsqr,0,start,0.358,crossed,0.889,0,0
rounded,splat,Q,all,front,zxing,0,start,0.45,crossed,0.556,0.111,0
rounded,splat,Q,all,front,zxingcpp,0.218,crossed,0.29,crossed,1,0,0
rounded,splat,Q,all,front,any,0.41,crossed,0.45,crossed,1,0.111,0
rounded,splat,Q,all,phone,jsqr,0,start,,never,0.667,0.556,0.556
rounded,splat,Q,all,phone,zxing,0,start,0,start,0.444,0.778,0.444
rounded,splat,Q,all,phone,zxingcpp,0.311,crossed,0.356,crossed,1,0,0
rounded,splat,Q,all,phone,any,0.59,crossed,,never,1,0.889,0.889
rounded,splat,Q,all,hard,jsqr,0,start,0.47,crossed,0.667,0,0
rounded,splat,Q,all,hard,zxing,0,start,0,start,0.333,0.111,0.111
rounded,splat,Q,all,hard,zxingcpp,0.511,crossed,0.556,crossed,1,0.111,0.111
rounded,splat,Q,all,hard,any,0.511,crossed,0.556,crossed,1,0.111,0.111
rounded,splat,H,all,front,jsqr,0,start,0.35,crossed,0.778,0,0
rounded,splat,H,all,front,zxing,0,start,0.45,crossed,0.778,0,0
rounded,splat,H,all,front,zxingcpp,0.23,crossed,0.33,crossed,1,0,0
rounded,splat,H,all,front,any,0.41,crossed,0.45,crossed,1,0,0
rounded,splat,H,all,phone,jsqr,0,start,0.563,crossed,0.667,0.333,0.333
rounded,splat,H,all,phone,zxing,0,start,0.575,crossed,0.667,0.444,0.444
rounded,splat,H,all,phone,zxingcpp,0.313,crossed,0.364,crossed,1,0,0
rounded,splat,H,all,phone,any,0.49,crossed,,never,1,0.556,0.556
rounded,splat,H,all,hard,jsqr,0,start,0.536,crossed,0.667,0,0
rounded,splat,H,all,hard,zxing,0,start,0,start,0.222,0,0
rounded,splat,H,all,hard,zxingcpp,0.51,crossed,0.55,crossed,1,0,0
rounded,splat,H,all,hard,any,0.51,crossed,0.55,crossed,1,0,0
rounded,splat,L,short,front,jsqr,0.315,crossed,0.375,crossed,1,0,0
rounded,splat,L,short,front,zxing,0.41,crossed,0.45,crossed,1,0,0
rounded,splat,L,short,front,zxingcpp,0.21,crossed,0.25,crossed,1,0,0
rounded,splat,L,short,front,any,0.41,crossed,0.45,crossed,1,0,0
rounded,splat,L,short,phone,jsqr,0.415,crossed,0.475,crossed,1,1,0.333
rounded,splat,L,short,phone,zxing,,never,,never,1,1,1
rounded,splat,L,short,phone,zxingcpp,0.31,crossed,0.35,crossed,1,0,0
rounded,splat,L,short,phone,any,,never,,never,1,1,1
rounded,splat,L,short,hard,jsqr,0.51,crossed,0.55,crossed,1,0,0
rounded,splat,L,short,hard,zxing,0,start,0.55,crossed,0.667,0.333,0.333
rounded,splat,L,short,hard,zxingcpp,0.515,crossed,0.575,crossed,1,0.333,0.333
rounded,splat,L,short,hard,any,0.515,crossed,0.575,crossed,1,0.333,0.333
rounded,splat,M,short,front,jsqr,0.315,crossed,0.375,crossed,1,0,0
rounded,splat,M,short,front,zxing,0.41,crossed,0.45,crossed,1,0,0
rounded,splat,M,short,front,zxingcpp,0.21,crossed,0.25,crossed,1,0,0
rounded,splat,M,short,front,any,0.41,crossed,0.45,crossed,1,0,0
rounded,splat,M,short,phone,jsqr,0.415,crossed,0.475,crossed,1,1,0.333
rounded,splat,M,short,phone,zxing,,never,,never,1,1,1
rounded,splat,M,short,phone,zxingcpp,0.31,crossed,0.35,crossed,1,0,0
rounded,splat,M,short,phone,any,,never,,never,1,1,1
rounded,splat,M,short,hard,jsqr,0.51,crossed,0.55,crossed,1,0,0
rounded,splat,M,short,hard,zxing,0,start,0.525,crossed,0.667,0,0
rounded,splat,M,short,hard,zxingcpp,0.515,crossed,0.575,crossed,1,0.333,0.333
rounded,splat,M,short,hard,any,0.515,crossed,0.575,crossed,1,0.333,0.333
rounded,splat,Q,short,front,jsqr,0.31,crossed,0.35,crossed,1,0,0
rounded,splat,Q,short,front,zxing,0,start,0,start,0,0,0
rounded,splat,Q,short,front,zxingcpp,0.21,crossed,0.25,crossed,1,0,0
rounded,splat,Q,short,front,any,0.41,crossed,0.45,crossed,1,0,0
rounded,splat,Q,short,phone,jsqr,,never,,never,1,1,1
rounded,splat,Q,short,phone,zxing,0,start,0,start,0.333,1,0
rounded,splat,Q,short,phone,zxingcpp,0.31,crossed,0.35,crossed,1,0,0
rounded,splat,Q,short,phone,any,,never,,never,1,1,1
rounded,splat,Q,short,hard,jsqr,0.51,crossed,0.55,crossed,1,0,0
rounded,splat,Q,short,hard,zxing,0,start,0.05,crossed,0.667,0.333,0.333
rounded,splat,Q,short,hard,zxingcpp,0.515,crossed,0.575,crossed,1,0.333,0.333
rounded,splat,Q,short,hard,any,0.515,crossed,0.575,crossed,1,0.333,0.333
rounded,splat,H,short,front,jsqr,0.315,crossed,0.375,crossed,1,0,0
rounded,splat,H,short,front,zxing,0.41,crossed,0.45,crossed,1,0,0
rounded,splat,H,short,front,zxingcpp,0.315,crossed,0.375,crossed,1,0,0
rounded,splat,H,short,front,any,0.41,crossed,0.45,crossed,1,0,0
rounded,splat,H,short,phone,jsqr,0.43,crossed,0.55,crossed,1,0.333,0.333
rounded,splat,H,short,phone,zxing,0.53,crossed,,never,1,0.667,0.667
rounded,splat,H,short,phone,zxingcpp,0.31,crossed,0.35,crossed,1,0,0
rounded,splat,H,short,phone,any,0.53,crossed,,never,1,0.667,0.667
rounded,splat,H,short,hard,jsqr,0.51,crossed,0.55,crossed,1,0,0
rounded,splat,H,short,hard,zxing,0,start,0,start,0,0,0
rounded,splat,H,short,hard,zxingcpp,0.51,crossed,0.55,crossed,1,0,0
rounded,splat,H,short,hard,any,0.51,crossed,0.55,crossed,1,0,0
rounded,splat,L,url,front,jsqr,0.315,crossed,0.375,crossed,1,0,0
rounded,splat,L,url,front,zxing,0.41,crossed,0.45,crossed,1,0,0
rounded,splat,L,url,front,zxingcpp,0.315,crossed,0.375,crossed,1,0,0
rounded,splat,L,url,front,any,0.41,crossed,0.45,crossed,1,0,0
rounded,splat,L,url,phone,jsqr,0.43,crossed,0.525,crossed,1,0,0
rounded,splat,L,url,phone,zxing,0.53,crossed,,never,1,0.667,0.667
rounded,splat,L,url,phone,zxingcpp,0.31,crossed,0.35,crossed,1,0,0
rounded,splat,L,url,phone,any,0.53,crossed,,never,1,0.667,0.667
rounded,splat,L,url,hard,jsqr,0.51,crossed,0.55,crossed,1,0,0
rounded,splat,L,url,hard,zxing,0,start,0,start,0,0,0
rounded,splat,L,url,hard,zxingcpp,0.51,crossed,0.55,crossed,1,0,0
rounded,splat,L,url,hard,any,0.51,crossed,0.55,crossed,1,0,0
rounded,splat,M,url,front,jsqr,0.115,crossed,0.175,crossed,1,0,0
rounded,splat,M,url,front,zxing,0.41,crossed,0.45,crossed,1,0,0
rounded,splat,M,url,front,zxingcpp,0.31,crossed,0.35,crossed,1,0,0
rounded,splat,M,url,front,any,0.41,crossed,0.45,crossed,1,0,0
rounded,splat,M,url,phone,jsqr,0.33,crossed,0.55,crossed,1,0.333,0.333
rounded,splat,M,url,phone,zxing,,never,,never,1,1,1
rounded,splat,M,url,phone,zxingcpp,0.315,crossed,0.375,crossed,1,0,0
rounded,splat,M,url,phone,any,,never,,never,1,1,1
rounded,splat,M,url,hard,jsqr,0.33,crossed,0.425,crossed,1,0,0
rounded,splat,M,url,hard,zxing,0,start,0.425,crossed,0.667,0,0
rounded,splat,M,url,hard,zxingcpp,0.51,crossed,0.55,crossed,1,0,0
rounded,splat,M,url,hard,any,0.51,crossed,0.55,crossed,1,0,0
rounded,splat,Q,url,front,jsqr,0.23,crossed,0.35,crossed,1,0,0
rounded,splat,Q,url,front,zxing,0.41,crossed,0.45,crossed,1,0,0
rounded,splat,Q,url,front,zxingcpp,0.31,crossed,0.35,crossed,1,0,0
rounded,splat,Q,url,front,any,0.41,crossed,0.45,crossed,1,0,0
rounded,splat,Q,url,phone,jsqr,0.43,crossed,0.55,crossed,1,0.333,0.333
rounded,splat,Q,url,phone,zxing,,never,,never,1,1,1
rounded,splat,Q,url,phone,zxingcpp,0.315,crossed,0.375,crossed,1,0,0
rounded,splat,Q,url,phone,any,,never,,never,1,1,1
rounded,splat,Q,url,hard,jsqr,0.41,crossed,0.45,crossed,1,0,0
rounded,splat,Q,url,hard,zxing,0,start,0,start,0.333,0,0
rounded,splat,Q,url,hard,zxingcpp,0.51,crossed,0.55,crossed,1,0,0
rounded,splat,Q,url,hard,any,0.51,crossed,0.55,crossed,1,0,0
rounded,splat,H,url,front,jsqr,0.33,crossed,0.425,crossed,1,0,0
rounded,splat,H,url,front,zxing,0.41,crossed,0.45,crossed,1,0,0
rounded,splat,H,url,front,zxingcpp,0.21,crossed,0.25,crossed,1,0,0
rounded,splat,H,url,front,any,0.41,crossed,0.45,crossed,1,0,0
rounded,splat,H,url,phone,jsqr,0.53,crossed,,never,1,0.667,0.667
rounded,splat,H,url,phone,zxing,0.43,crossed,,never,1,0.667,0.667
rounded,splat,H,url,phone,zxingcpp,0.315,crossed,0.375,crossed,1,0,0
rounded,splat,H,url,phone,any,,never,,never,1,1,1
rounded,splat,H,url,hard,jsqr,0.51,crossed,0.55,crossed,1,0,0
rounded,splat,H,url,hard,zxing,0,start,0.475,crossed,0.667,0,0
rounded,splat,H,url,hard,zxingcpp,0.51,crossed,0.55,crossed,1,0,0
rounded,splat,H,url,hard,any,0.51,crossed,0.55,crossed,1,0,0
rounded,splat,L,long,front,jsqr,0.215,crossed,0.275,crossed,1,0,0
rounded,splat,L,long,front,zxing,0.03,crossed,0.125,crossed,1,0,0
rounded,splat,L,long,front,zxingcpp,0.215,crossed,0.275,crossed,1,0,0
rounded,splat,L,long,front,any,0.41,crossed,0.45,crossed,1,0,0
rounded,splat,L,long,phone,jsqr,0.23,crossed,0.45,crossed,1,0,0
rounded,splat,L,long,phone,zxing,0.13,crossed,0.475,crossed,1,0,0
rounded,splat,L,long,phone,zxingcpp,0.31,crossed,0.35,crossed,1,0,0
rounded,splat,L,long,phone,any,0.415,crossed,0.475,crossed,1,0,0
rounded,splat,L,long,hard,jsqr,0,start,0,start,0,0,0
rounded,splat,L,long,hard,zxing,0,start,0,start,0,0,0
rounded,splat,L,long,hard,zxingcpp,,never,,never,1,1,1
rounded,splat,L,long,hard,any,,never,,never,1,1,1
rounded,splat,M,long,front,jsqr,0,start,0.175,crossed,0.667,0,0
rounded,splat,M,long,front,zxing,0,start,0.45,crossed,0.667,0,0
rounded,splat,M,long,front,zxingcpp,0.31,crossed,0.35,crossed,1,0,0
rounded,splat,M,long,front,any,0.41,crossed,0.45,crossed,1,0,0
rounded,splat,M,long,phone,jsqr,0,start,0,start,0.333,0,0
rounded,splat,M,long,phone,zxing,0,start,0,start,0.333,0,0
rounded,splat,M,long,phone,zxingcpp,0.31,crossed,0.35,crossed,1,0,0
rounded,splat,M,long,phone,any,0.41,crossed,0.45,crossed,1,0,0
rounded,splat,M,long,hard,jsqr,0,start,0,start,0,0,0
rounded,splat,M,long,hard,zxing,0,start,0,start,0,0,0
rounded,splat,M,long,hard,zxingcpp,0.53,crossed,,never,1,0.667,0.667
rounded,splat,M,long,hard,any,0.53,crossed,,never,1,0.667,0.667
rounded,splat,Q,long,front,jsqr,0,start,0.375,crossed,0.667,0,0
rounded,splat,Q,long,front,zxing,0,start,0.45,crossed,0.667,0.333,0
rounded,splat,Q,long,front,zxingcpp,0.215,crossed,0.275,crossed,1,0,0
rounded,splat,Q,long,front,any,0.41,crossed,0.45,crossed,1,0.333,0
rounded,splat,Q,long,phone,jsqr,0,start,0,start,0,0.333,0
rounded,splat,Q,long,phone,zxing,0,start,0,start,0,0.333,0
rounded,splat,Q,long,phone,zxingcpp,0.31,crossed,0.35,crossed,1,0,0
rounded,splat,Q,long,phone,any,0.53,crossed,,never,1,0.667,0.667
rounded,splat,Q,long,hard,jsqr,0,start,0,start,0,0,0
rounded,splat,Q,long,hard,zxing,0,start,0,start,0,0,0
rounded,splat,Q,long,hard,zxingcpp,0.51,crossed,0.55,crossed,1,0,0
rounded,splat,Q,long,hard,any,0.51,crossed,0.55,crossed,1,0,0
rounded,splat,H,long,front,jsqr,0,start,0,start,0.333,0,0
rounded,splat,H,long,front,zxing,0,start,0,start,0.333,0,0
rounded,splat,H,long,front,zxingcpp,0.31,crossed,0.35,crossed,1,0,0
rounded,splat,H,long,front,any,0.41,crossed,0.45,crossed,1,0,0
rounded,splat,H,long,phone,jsqr,0,start,0,start,0,0,0
rounded,splat,H,long,phone,zxing,0,start,0,start,0,0,0
rounded,splat,H,long,phone,zxingcpp,0.315,crossed,0.375,crossed,1,0,0
rounded,splat,H,long,phone,any,0.43,crossed,0.525,crossed,1,0,0
rounded,splat,H,long,hard,jsqr,0,start,0,start,0,0,0
rounded,splat,H,long,hard,zxing,0,start,0,start,0,0,0
rounded,splat,H,long,hard,zxingcpp,0.51,crossed,0.55,crossed,1,0,0
rounded,splat,H,long,hard,any,0.51,crossed,0.55,crossed,1,0,0
dots6,splat,L,all,front,jsqr,0.13,crossed,0.225,crossed,1,0,0
dots6,splat,L,all,front,zxing,0.23,crossed,0.325,crossed,1,0,0
dots6,splat,L,all,front,zxingcpp,0.03,crossed,0.125,crossed,1,0,0
dots6,splat,L,all,front,any,0.23,crossed,0.325,crossed,1,0,0
dots6,splat,L,all,phone,jsqr,0.19,crossed,0.425,crossed,1,0,0
dots6,splat,L,all,phone,zxing,0.045,crossed,0.538,crossed,1,0.222,0.222
dots6,splat,L,all,phone,zxingcpp,0.21,crossed,0.25,crossed,1,0,0
dots6,splat,L,all,phone,any,0.39,crossed,0.538,crossed,1,0.222,0.222
dots6,splat,L,all,hard,jsqr,0,start,0.536,crossed,0.889,0,0
dots6,splat,L,all,hard,zxing,0,start,0.45,crossed,0.667,0.111,0.111
dots6,splat,L,all,hard,zxingcpp,0.513,crossed,0.564,crossed,1,0.222,0.222
dots6,splat,L,all,hard,any,0.515,crossed,0.575,crossed,1,0.333,0.333
dots6,splat,M,all,front,jsqr,0,start,0.225,crossed,0.889,0,0
dots6,splat,M,all,front,zxing,0,start,0.325,crossed,0.889,0,0
dots6,splat,M,all,front,zxingcpp,0.03,crossed,0.175,crossed,1,0,0
dots6,splat,M,all,front,any,0.23,crossed,0.325,crossed,1,0,0
dots6,splat,M,all,phone,jsqr,0,start,0.325,crossed,0.889,0,0
dots6,splat,M,all,phone,zxing,0,start,0.575,crossed,0.889,0.444,0.444
dots6,splat,M,all,phone,zxingcpp,0.21,crossed,0.25,crossed,1,0,0
dots6,splat,M,all,phone,any,0.345,crossed,0.583,crossed,1,0.444,0.444
dots6,splat,M,all,hard,jsqr,0,start,0.513,crossed,0.778,0.111,0.111
dots6,splat,M,all,hard,zxing,0,start,0.45,crossed,0.667,0.111,0.111
dots6,splat,M,all,hard,zxingcpp,0.39,crossed,0.544,crossed,1,0,0
dots6,splat,M,all,hard,any,0.511,crossed,0.556,crossed,1,0.111,0.111
dots6,splat,Q,all,front,jsqr,0,start,0.25,crossed,0.889,0,0
dots6,splat,Q,all,front,zxing,0,start,0.31,crossed,0.778,0,0
dots6,splat,Q,all,front,zxingcpp,0.03,crossed,0.13,crossed,1,0,0
dots6,splat,Q,all,front,any,0.23,crossed,0.325,crossed,1,0,0
dots6,splat,Q,all,phone,jsqr,0,start,0.39,crossed,0.778,0.111,0.111
dots6,splat,Q,all,phone,zxing,0,start,0.025,crossed,0.556,0.556,0.333
dots6,splat,Q,all,phone,zxingcpp,0.21,crossed,0.25,crossed,1,0,0
dots6,splat,Q,all,phone,any,0.523,crossed,,never,1,0.556,0.556
dots6,splat,Q,all,hard,jsqr,0,start,0.39,crossed,0.778,0.111,0.111
dots6,splat,Q,all,hard,zxing,0,start,0.413,crossed,0.556,0.111,0.111
dots6,splat,Q,all,hard,zxingcpp,0.49,crossed,0.544,crossed,1,0,0
dots6,splat,Q,all,hard,any,0.49,crossed,0.55,crossed,1,0.111,0.111
dots6,splat,H,all,front,jsqr,0,start,0.213,crossed,0.889,0,0
dots6,splat,H,all,front,zxing,0,start,0.31,crossed,0.778,0,0
dots6,splat,H,all,front,zxingcpp,0.115,crossed,0.175,crossed,1,0,0
dots6,splat,H,all,front,any,0.223,crossed,0.31,crossed,1,0,0
dots6,splat,H,all,phone,jsqr,0,start,0.475,crossed,0.889,0,0
dots6,splat,H,all,phone,zxing,0,start,0.517,crossed,0.778,0.222,0.222
dots6,splat,H,all,phone,zxingcpp,0.21,crossed,0.25,crossed,1,0,0
dots6,splat,H,all,phone,any,0.423,crossed,0.517,crossed,1,0.222,0.222
dots6,splat,H,all,hard,jsqr,0,start,0.536,crossed,0.667,0,0
dots6,splat,H,all,hard,zxing,0,start,0.43,crossed,0.667,0,0
dots6,splat,H,all,hard,zxingcpp,0.511,crossed,0.556,crossed,1,0.111,0.111
dots6,splat,H,all,hard,any,0.511,crossed,0.556,crossed,1,0.111,0.111
dots6,splat,L,short,front,jsqr,0.13,crossed,0.225,crossed,1,0,0
dots6,splat,L,short,front,zxing,0.23,crossed,0.325,crossed,1,0,0
dots6,splat,L,short,front,zxingcpp,0.01,crossed,0.05,crossed,1,0,0
dots6,splat,L,short,front,any,0.23,crossed,0.325,crossed,1,0,0
dots6,splat,L,short,phone,jsqr,0.43,crossed,0.525,crossed,1,0,0
dots6,splat,L,short,phone,zxing,0.53,crossed,,never,1,0.667,0.667
dots6,splat,L,short,phone,zxingcpp,0.21,crossed,0.25,crossed,1,0,0
dots6,splat,L,short,phone,any,0.53,crossed,,never,1,0.667,0.667
dots6,splat,L,short,hard,jsqr,0.51,crossed,0.55,crossed,1,0,0
dots6,splat,L,short,hard,zxing,0,start,0.475,crossed,0.667,0.333,0.333
dots6,splat,L,short,hard,zxingcpp,0.51,crossed,0.55,crossed,1,0,0
dots6,splat,L,short,hard,any,0.515,crossed,0.575,crossed,1,0.333,0.333
dots6,splat,M,short,front,jsqr,0.115,crossed,0.175,crossed,1,0,0
dots6,splat,M,short,front,zxing,0.23,crossed,0.325,crossed,1,0,0
dots6,splat,M,short,front,zxingcpp,0.01,crossed,0.05,crossed,1,0,0
dots6,splat,M,short,front,any,0.23,crossed,0.325,crossed,1,0,0
dots6,splat,M,short,phone,jsqr,0.33,crossed,0.525,crossed,1,0,0
dots6,splat,M,short,phone,zxing,0.53,crossed,,never,1,0.667,0.667
dots6,splat,M,short,phone,zxingcpp,0.21,crossed,0.25,crossed,1,0,0
dots6,splat,M,short,phone,any,0.53,crossed,,never,1,0.667,0.667
dots6,splat,M,short,hard,jsqr,0.515,crossed,0.575,crossed,1,0.333,0.333
dots6,splat,M,short,hard,zxing,0.415,crossed,0.475,crossed,1,0.333,0.333
dots6,splat,M,short,hard,zxingcpp,0.51,crossed,0.55,crossed,1,0,0
dots6,splat,M,short,hard,any,0.515,crossed,0.575,crossed,1,0.333,0.333
dots6,splat,Q,short,front,jsqr,0.115,crossed,0.175,crossed,1,0,0
dots6,splat,Q,short,front,zxing,0,start,0.325,crossed,0.667,0,0
dots6,splat,Q,short,front,zxingcpp,0.01,crossed,0.05,crossed,1,0,0
dots6,splat,Q,short,front,any,0.23,crossed,0.325,crossed,1,0,0
dots6,splat,Q,short,phone,jsqr,0.33,crossed,0.525,crossed,1,0,0
dots6,splat,Q,short,phone,zxing,0,start,0,start,0.333,0.667,0
dots6,splat,Q,short,phone,zxingcpp,0.21,crossed,0.25,crossed,1,0,0
dots6,splat,Q,short,phone,any,0.53,crossed,,never,1,0.667,0.667
dots6,splat,Q,short,hard,jsqr,0.33,crossed,0.575,crossed,1,0.333,0.333
dots6,splat,Q,short,hard,zxing,0,start,0.05,crossed,0.667,0.333,0.333
dots6,splat,Q,short,hard,zxingcpp,0.51,crossed,0.55,crossed,1,0,0
dots6,splat,Q,short,hard,any,0.515,crossed,0.575,crossed,1,0.333,0.333
dots6,splat,H,short,front,jsqr,0.13,crossed,0.225,crossed,1,0,0
dots6,splat,H,short,front,zxing,0.23,crossed,0.325,crossed,1,0,0
dots6,splat,H,short,front,zxingcpp,0.115,crossed,0.175,crossed,1,0,0
dots6,splat,H,short,front,any,0.23,crossed,0.325,crossed,1,0,0
dots6,splat,H,short,phone,jsqr,0.23,crossed,0.525,crossed,1,0,0
dots6,splat,H,short,phone,zxing,0.51,crossed,0.55,crossed,1,0,0
dots6,splat,H,short,phone,zxingcpp,0.21,crossed,0.25,crossed,1,0,0
dots6,splat,H,short,phone,any,0.51,crossed,0.55,crossed,1,0,0
dots6,splat,H,short,hard,jsqr,0.43,crossed,0.525,crossed,1,0,0
dots6,splat,H,short,hard,zxing,0.33,crossed,0.425,crossed,1,0,0
dots6,splat,H,short,hard,zxingcpp,0.51,crossed,0.55,crossed,1,0,0
dots6,splat,H,short,hard,any,0.51,crossed,0.55,crossed,1,0,0
dots6,splat,L,url,front,jsqr,0.13,crossed,0.225,crossed,1,0,0
dots6,splat,L,url,front,zxing,0.23,crossed,0.325,crossed,1,0,0
dots6,splat,L,url,front,zxingcpp,0.11,crossed,0.15,crossed,1,0,0
dots6,splat,L,url,front,any,0.23,crossed,0.325,crossed,1,0,0
dots6,splat,L,url,phone,jsqr,0.23,crossed,0.45,crossed,1,0,0
dots6,splat,L,url,phone,zxing,0.51,crossed,0.55,crossed,1,0,0
dots6,splat,L,url,phone,zxingcpp,0.21,crossed,0.25,crossed,1,0,0
dots6,splat,L,url,phone,any,0.51,crossed,0.55,crossed,1,0,0
dots6,splat,L,url,hard,jsqr,0.13,crossed,0.525,crossed,1,0,0
dots6,splat,L,url,hard,zxing,0,start,0.425,crossed,0.667,0,0
dots6,splat,L,url,hard,zxingcpp,0.51,crossed,0.55,crossed,1,0,0
dots6,splat,L,url,hard,any,0.51,crossed,0.55,crossed,1,0,0
dots6,splat,M,url,front,jsqr,0.21,crossed,0.25,crossed,1,0,0
dots6,splat,M,url,front,zxing,0.215,crossed,0.275,crossed,1,0,0
dots6,splat,M,url,front,zxingcpp,0.115,crossed,0.175,crossed,1,0,0
dots6,splat,M,url,front,any,0.215,crossed,0.275,crossed,1,0,0
dots6,splat,M,url,phone,jsqr,0.23,crossed,0.325,crossed,1,0,0
dots6,splat,M,url,phone,zxing,0.53,crossed,,never,1,0.667,0.667
dots6,splat,M,url,phone,zxingcpp,0.21,crossed,0.25,crossed,1,0,0
dots6,splat,M,url,phone,any,0.53,crossed,,never,1,0.667,0.667
dots6,splat,M,url,hard,jsqr,0.33,crossed,0.45,crossed,1,0,0
dots6,splat,M,url,hard,zxing,0.315,crossed,0.375,crossed,1,0,0
dots6,splat,M,url,hard,zxingcpp,0.51,crossed,0.55,crossed,1,0,0
dots6,splat,M,url,hard,any,0.51,crossed,0.55,crossed,1,0,0
dots6,splat,Q,url,front,jsqr,0.21,crossed,0.25,crossed,1,0,0
dots6,splat,Q,url,front,zxing,0.215,crossed,0.275,crossed,1,0,0
dots6,splat,Q,url,front,zxingcpp,0.115,crossed,0.175,crossed,1,0,0
dots6,splat,Q,url,front,any,0.215,crossed,0.275,crossed,1,0,0
dots6,splat,Q,url,phone,jsqr,0.315,crossed,0.375,crossed,1,0.333,0.333
dots6,splat,Q,url,phone,zxing,0.53,crossed,,never,1,0.667,0.667
dots6,splat,Q,url,phone,zxingcpp,0.21,crossed,0.25,crossed,1,0,0
dots6,splat,Q,url,phone,any,0.53,crossed,,never,1,0.667,0.667
dots6,splat,Q,url,hard,jsqr,0.315,crossed,0.375,crossed,1,0,0
dots6,splat,Q,url,hard,zxing,0.33,crossed,0.425,crossed,1,0,0
dots6,splat,Q,url,hard,zxingcpp,0.51,crossed,0.55,crossed,1,0,0
dots6,splat,Q,url,hard,any,0.51,crossed,0.55,crossed,1,0,0
dots6,splat,H,url,front,jsqr,0.03,crossed,0.275,crossed,1,0,0
dots6,splat,H,url,front,zxing,0.215,crossed,0.275,crossed,1,0,0
dots6,splat,H,url,front,zxingcpp,0.11,crossed,0.15,crossed,1,0,0
dots6,splat,H,url,front,any,0.215,crossed,0.275,crossed,1,0,0
dots6,splat,H,url,phone,jsqr,0.33,crossed,0.45,crossed,1,0,0
dots6,splat,H,url,phone,zxing,0.33,crossed,0.45,crossed,1,0.667,0.333
dots6,splat,H,url,phone,zxingcpp,0.21,crossed,0.25,crossed,1,0,0
dots6,splat,H,url,phone,any,0.415,crossed,0.475,crossed,1,0.667,0.333
dots6,splat,H,url,hard,jsqr,0.51,crossed,0.55,crossed,1,0,0
dots6,splat,H,url,hard,zxing,0.415,crossed,0.475,crossed,1,0,0
dots6,splat,H,url,hard,zxingcpp,0.51,crossed,0.55,crossed,1,0,0
dots6,splat,H,url,hard,any,0.51,crossed,0.55,crossed,1,0,0
dots6,splat,L,long,front,jsqr,0.13,crossed,0.225,crossed,1,0,0
dots6,splat,L,long,front,zxing,0.23,crossed,0.325,crossed,1,0,0
dots6,splat,L,long,front,zxingcpp,0.11,crossed,0.15,crossed,1,0,0
dots6,splat,L,long,front,any,0.23,crossed,0.325,crossed,1,0,0
dots6,splat,L,long,phone,jsqr,0.13,crossed,0.325,crossed,1,0,0
dots6,splat,L,long,phone,zxing,0.015,crossed,0.075,crossed,1,0,0
dots6,splat,L,long,phone,zxingcpp,0.21,crossed,0.25,crossed,1,0,0
dots6,splat,L,long,phone,any,0.33,crossed,0.425,crossed,1,0,0
dots6,splat,L,long,hard,jsqr,0,start,0.525,crossed,0.667,0,0
dots6,splat,L,long,hard,zxing,0,start,0.45,crossed,0.667,0,0
dots6,splat,L,long,hard,zxingcpp,0.53,crossed,,never,1,0.667,0.667
dots6,splat,L,long,hard,any,0.53,crossed,,never,1,0.667,0.667
dots6,splat,M,long,front,jsqr,0,start,0.225,crossed,0.667,0,0
dots6,splat,M,long,front,zxing,0,start,0.35,crossed,0.667,0,0
dots6,splat,M,long,front,zxingcpp,0.21,crossed,0.25,crossed,1,0,0
dots6,splat,M,long,front,any,0.31,crossed,0.35,crossed,1,0,0
dots6,splat,M,long,phone,jsqr,0,start,0.225,crossed,0.667,0,0
dots6,splat,M,long,phone,zxing,0,start,0.35,crossed,0.667,0,0
dots6,splat,M,long,phone,zxingcpp,0.21,crossed,0.25,crossed,1,0,0
dots6,splat,M,long,phone,any,0.315,crossed,0.375,crossed,1,0,0
dots6,splat,M,long,hard,jsqr,0,start,0,start,0.333,0,0
dots6,splat,M,long,hard,zxing,0,start,0,start,0,0,0
dots6,splat,M,long,hard,zxingcpp,0.33,crossed,0.525,crossed,1,0,0
dots6,splat,M,long,hard,any,0.51,crossed,0.55,crossed,1,0,0
dots6,splat,Q,long,front,jsqr,0,start,0.35,crossed,0.667,0,0
dots6,splat,Q,long,front,zxing,0,start,0.325,crossed,0.667,0,0
dots6,splat,Q,long,front,zxingcpp,0.11,crossed,0.15,crossed,1,0,0
dots6,splat,Q,long,front,any,0.31,crossed,0.35,crossed,1,0,0
dots6,splat,Q,long,phone,jsqr,0,start,0,start,0.333,0,0
dots6,splat,Q,long,phone,zxing,0,start,0,start,0.333,0.333,0
dots6,splat,Q,long,phone,zxingcpp,0.21,crossed,0.25,crossed,1,0,0
dots6,splat,Q,long,phone,any,0.515,crossed,0.575,crossed,1,0.333,0.333
dots6,splat,Q,long,hard,jsqr,0,start,0,start,0.333,0,0
dots6,splat,Q,long,hard,zxing,0,start,0,start,0,0,0
dots6,splat,Q,long,hard,zxingcpp,0.43,crossed,0.525,crossed,1,0,0
dots6,splat,Q,long,hard,any,0.43,crossed,0.525,crossed,1,0,0
dots6,splat,H,long,front,jsqr,0,start,0.025,crossed,0.667,0,0
dots6,splat,H,long,front,zxing,0,start,0,start,0.333,0,0
dots6,splat,H,long,front,zxingcpp,0.13,crossed,0.225,crossed,1,0,0
dots6,splat,H,long,front,any,0.23,crossed,0.325,crossed,1,0,0
dots6,splat,H,long,phone,jsqr,0,start,0.45,crossed,0.667,0,0
dots6,splat,H,long,phone,zxing,0,start,0,start,0.333,0,0
dots6,splat,H,long,phone,zxingcpp,0.21,crossed,0.25,crossed,1,0,0
dots6,splat,H,long,phone,any,0.415,crossed,0.475,crossed,1,0,0
dots6,splat,H,long,hard,jsqr,0,start,0,start,0,0,0
dots6,splat,H,long,hard,zxing,0,start,0,start,0,0,0
dots6,splat,H,long,hard,zxingcpp,0.515,crossed,0.575,crossed,1,0.333,0.333
dots6,splat,H,long,hard,any,0.515,crossed,0.575,crossed,1,0.333,0.333
rounded6,splat,L,all,front,jsqr,0.13,crossed,0.25,crossed,1,0,0
rounded6,splat,L,all,front,zxing,0.03,crossed,0.31,crossed,1,0,0
rounded6,splat,L,all,front,zxingcpp,0.13,crossed,0.23,crossed,1,0,0
rounded6,splat,L,all,front,any,0.223,crossed,0.31,crossed,1,0,0
rounded6,splat,L,all,phone,jsqr,0.29,crossed,0.47,crossed,1,0,0
rounded6,splat,L,all,phone,zxing,0.19,crossed,0.538,crossed,1,0.222,0.222
rounded6,splat,L,all,phone,zxingcpp,0.245,crossed,0.336,crossed,1,0,0
rounded6,splat,L,all,phone,any,0.43,crossed,0.538,crossed,1,0.222,0.222
rounded6,splat,L,all,hard,jsqr,0,start,0.536,crossed,0.889,0,0
rounded6,splat,L,all,hard,zxing,0,start,0.456,crossed,0.667,0.111,0.111
rounded6,splat,L,all,hard,zxingcpp,0.513,crossed,0.564,crossed,1,0.222,0.222
rounded6,splat,L,all,hard,any,0.515,crossed,0.575,crossed,1,0.333,0.333
rounded6,splat,M,all,front,jsqr,0,start,0.31,crossed,0.889,0,0
rounded6,splat,M,all,front,zxing,0,start,0.31,crossed,0.889,0,0
rounded6,splat,M,all,front,zxingcpp,0.13,crossed,0.275,crossed,1,0,0
rounded6,splat,M,all,front,any,0.29,crossed,0.344,crossed,1,0,0
rounded6,splat,M,all,phone,jsqr,0,start,0.51,crossed,0.889,0,0
rounded6,splat,M,all,phone,zxing,0,start,0.575,crossed,0.889,0.444,0.444
rounded6,splat,M,all,phone,zxingcpp,0.31,crossed,0.35,crossed,1,0,0
rounded6,splat,M,all,phone,any,0.445,crossed,0.583,crossed,1,0.444,0.444
rounded6,splat,M,all,hard,jsqr,0,start,0.513,crossed,0.778,0.111,0.111
rounded6,splat,M,all,hard,zxing,0,start,0.45,crossed,0.667,0.111,0.111
rounded6,splat,M,all,hard,zxingcpp,0.49,crossed,0.544,crossed,1,0,0
rounded6,splat,M,all,hard,any,0.511,crossed,0.556,crossed,1,0.111,0.111
rounded6,splat,Q,all,front,jsqr,0,start,0.275,crossed,0.889,0,0
rounded6,splat,Q,all,front,zxing,0,start,0.31,crossed,0.778,0,0
rounded6,splat,Q,all,front,zxingcpp,0.13,crossed,0.23,crossed,1,0,0
rounded6,splat,Q,all,front,any,0.245,crossed,0.336,crossed,1,0,0
rounded6,splat,Q,all,phone,jsqr,0,start,0.513,crossed,0.778,0.111,0.111
rounded6,splat,Q,all,phone,zxing,0,start,,never,0.556,0.556,0.556
rounded6,splat,Q,all,phone,zxingcpp,0.31,crossed,0.35,crossed,1,0,0
rounded6,splat,Q,all,phone,any,0.523,crossed,,never,1,0.556,0.556
rounded6,splat,Q,all,hard,jsqr,0,start,0.47,crossed,0.778,0.111,0.111
rounded6,splat,Q,all,hard,zxing,0,start,0.456,crossed,0.556,0.111,0.111
rounded6,splat,Q,all,hard,zxingcpp,0.49,crossed,0.544,crossed,1,0,0
rounded6,splat,Q,all,hard,any,0.49,crossed,0.55,crossed,1,0.111,0.111
rounded6,splat,H,all,front,jsqr,0,start,0.242,crossed,0.889,0,0
rounded6,splat,H,all,front,zxing,0,start,0.275,crossed,0.778,0,0
rounded6,splat,H,all,front,zxingcpp,0.211,crossed,0.256,crossed,1,0,0
rounded6,splat,H,all,front,any,0.215,crossed,0.275,crossed,1,0,0
rounded6,splat,H,all,phone,jsqr,0,start,0.49,crossed,0.889,0,0
rounded6,splat,H,all,phone,zxing,0,start,0.517,crossed,0.778,0.222,0.222
rounded6,splat,H,all,phone,zxingcpp,0.245,crossed,0.336,crossed,1,0,0
rounded6,splat,H,all,phone,any,0.423,crossed,0.517,crossed,1,0.222,0.222
rounded6,splat,H,all,hard,jsqr,0,start,0.536,crossed,0.667,0,0
rounded6,splat,H,all,hard,zxing,0,start,0.45,crossed,0.667,0,0
rounded6,splat,H,all,hard,zxingcpp,0.511,crossed,0.556,crossed,1,0.111,0.111
rounded6,splat,H,all,hard,any,0.511,crossed,0.556,crossed,1,0.111,0.111
rounded6,splat,L,short,front,jsqr,0.13,crossed,0.25,crossed,1,0,0
rounded6,splat,L,short,front,zxing,0.23,crossed,0.325,crossed,1,0,0
rounded6,splat,L,short,front,zxingcpp,0.11,crossed,0.15,crossed,1,0,0
rounded6,splat,L,short,front,any,0.23,crossed,0.325,crossed,1,0,0
rounded6,splat,L,short,phone,jsqr,0.43,crossed,0.525,crossed,1,0,0
rounded6,splat,L,short,phone,zxing,0.53,crossed,,never,1,0.667,0.667
rounded6,splat,L,short,phone,zxingcpp,0.31,crossed,0.35,crossed,1,0,0
rounded6,splat,L,short,phone,any,0.53,crossed,,never,1,0.667,0.667
rounded6,splat,L,short,hard,jsqr,0.51,crossed,0.55,crossed,1,0,0
rounded6,splat,L,short,hard,zxing,0,start,0.475,crossed,0.667,0.333,0.333
rounded6,splat,L,short,hard,zxingcpp,0.51,crossed,0.55,crossed,1,0,0
rounded6,splat,L,short,hard,any,0.515,crossed,0.575,crossed,1,0.333,0.333
rounded6,splat,M,short,front,jsqr,0.13,crossed,0.25,crossed,1,0,0
rounded6,splat,M,short,front,zxing,0.23,crossed,0.325,crossed,1,0,0
rounded6,splat,M,short,front,zxingcpp,0.11,crossed,0.15,crossed,1,0,0
rounded6,splat,M,short,front,any,0.23,crossed,0.325,crossed,1,0,0
rounded6,splat,M,short,phone,jsqr,0.43,crossed,0.525,crossed,1,0,0
rounded6,splat,M,short,phone,zxing,0.53,crossed,,never,1,0.667,0.667
rounded6,splat,M,short,phone,zxingcpp,0.31,crossed,0.35,crossed,1,0,0
rounded6,splat,M,short,phone,any,0.53,crossed,,never,1,0.667,0.667
rounded6,splat,M,short,hard,jsqr,0.515,crossed,0.575,crossed,1,0.333,0.333
rounded6,splat,M,short,hard,zxing,0.415,crossed,0.475,crossed,1,0.333,0.333
rounded6,splat,M,short,hard,zxingcpp,0.51,crossed,0.55,crossed,1,0,0
rounded6,splat,M,short,hard,any,0.515,crossed,0.575,crossed,1,0.333,0.333
rounded6,splat,Q,short,front,jsqr,0.13,crossed,0.25,crossed,1,0,0
rounded6,splat,Q,short,front,zxing,0,start,0.05,crossed,0.667,0,0
rounded6,splat,Q,short,front,zxingcpp,0.11,crossed,0.15,crossed,1,0,0
rounded6,splat,Q,short,front,any,0.23,crossed,0.325,crossed,1,0,0
rounded6,splat,Q,short,phone,jsqr,0.43,crossed,0.525,crossed,1,0,0
rounded6,splat,Q,short,phone,zxing,0,start,0,start,0.333,0.667,0
rounded6,splat,Q,short,phone,zxingcpp,0.31,crossed,0.35,crossed,1,0,0
rounded6,splat,Q,short,phone,any,0.53,crossed,,never,1,0.667,0.667
rounded6,splat,Q,short,hard,jsqr,0.515,crossed,0.575,crossed,1,0.333,0.333
rounded6,splat,Q,short,hard,zxing,0,start,0.05,crossed,0.667,0.333,0.333
rounded6,splat,Q,short,hard,zxingcpp,0.51,crossed,0.55,crossed,1,0,0
rounded6,splat,Q,short,hard,any,0.515,crossed,0.575,crossed,1,0.333,0.333
rounded6,splat,H,short,front,jsqr,0.13,crossed,0.25,crossed,1,0,0
rounded6,splat,H,short,front,zxing,0.215,crossed,0.275,crossed,1,0,0
rounded6,splat,H,short,front,zxingcpp,0.21,crossed,0.25,crossed,1,0,0
rounded6,splat,H,short,front,any,0.215,crossed,0.275,crossed,1,0,0
rounded6,splat,H,short,phone,jsqr,0.43,crossed,0.525,crossed,1,0,0
rounded6,splat,H,short,phone,zxing,0.51,crossed,0.55,crossed,1,0,0
rounded6,splat,H,short,phone,zxingcpp,0.215,crossed,0.275,crossed,1,0,0
rounded6,splat,H,short,phone,any,0.51,crossed,0.55,crossed,1,0,0
rounded6,splat,H,short,hard,jsqr,0.43,crossed,0.525,crossed,1,0,0
rounded6,splat,H,short,hard,zxing,0.41,crossed,0.45,crossed,1,0,0
rounded6,splat,H,short,hard,zxingcpp,0.51,crossed,0.55,crossed,1,0,0
rounded6,splat,H,short,hard,any,0.51,crossed,0.55,crossed,1,0,0
rounded6,splat,L,url,front,jsqr,0.13,crossed,0.25,crossed,1,0,0
rounded6,splat,L,url,front,zxing,0.03,crossed,0.275,crossed,1,0,0
rounded6,splat,L,url,front,zxingcpp,0.21,crossed,0.25,crossed,1,0,0
rounded6,splat,L,url,front,any,0.215,crossed,0.275,crossed,1,0,0
rounded6,splat,L,url,phone,jsqr,0.33,crossed,0.45,crossed,1,0,0
rounded6,splat,L,url,phone,zxing,0.51,crossed,0.55,crossed,1,0,0
rounded6,splat,L,url,phone,zxingcpp,0.215,crossed,0.275,crossed,1,0,0
rounded6,splat,L,url,phone,any,0.51,crossed,0.55,crossed,1,0,0
rounded6,splat,L,url,hard,jsqr,0.23,crossed,0.525,crossed,1,0,0
rounded6,splat,L,url,hard,zxing,0,start,0.45,crossed,0.667,0,0
rounded6,splat,L,url,hard,zxingcpp,0.51,crossed,0.55,crossed,1,0,0
rounded6,splat,L,url,hard,any,0.51,crossed,0.55,crossed,1,0,0
rounded6,splat,M,url,front,jsqr,0.13,crossed,0.325,crossed,1,0,0
rounded6,splat,M,url,front,zxing,0.215,crossed,0.275,crossed,1,0,0
rounded6,splat,M,url,front,zxingcpp,0.215,crossed,0.275,crossed,1,0,0
rounded6,splat,M,url,front,any,0.31,crossed,0.35,crossed,1,0,0
rounded6,splat,M,url,phone,jsqr,0.43,crossed,0.525,crossed,1,0,0
rounded6,splat,M,url,phone,zxing,0.53,crossed,,never,1,0.667,0.667
rounded6,splat,M,url,phone,zxingcpp,0.31,crossed,0.35,crossed,1,0,0
rounded6,splat,M,url,phone,any,0.53,crossed,,never,1,0.667,0.667
rounded6,splat,M,url,hard,jsqr,0.415,crossed,0.475,crossed,1,0,0
rounded6,splat,M,url,hard,zxing,0.33,crossed,0.425,crossed,1,0,0
rounded6,splat,M,url,hard,zxingcpp,0.51,crossed,0.55,crossed,1,0,0
rounded6,splat,M,url,hard,any,0.51,crossed,0.55,crossed,1,0,0
rounded6,splat,Q,url,front,jsqr,0.13,crossed,0.325,crossed,1,0,0
rounded6,splat,Q,url,front,zxing,0.215,crossed,0.275,crossed,1,0,0
rounded6,splat,Q,url,front,zxingcpp,0.215,crossed,0.275,crossed,1,0,0
rounded6,splat,Q,url,front,any,0.31,crossed,0.35,crossed,1,0,0
rounded6,splat,Q,url,phone,jsqr,0.415,crossed,0.475,crossed,1,0.333,0.333
rounded6,splat,Q,url,phone,zxing,0.53,crossed,,never,1,0.667,0.667
rounded6,splat,Q,url,phone,zxingcpp,0.31,crossed,0.35,crossed,1,0,0
rounded6,splat,Q,url,phone,any,0.53,crossed,,never,1,0.667,0.667
rounded6,splat,Q,url,hard,jsqr,0.41,crossed,0.45,crossed,1,0,0
rounded6,splat,Q,url,hard,zxing,0.41,crossed,0.45,crossed,1,0,0
rounded6,splat,Q,url,hard,zxingcpp,0.51,crossed,0.55,crossed,1,0,0
rounded6,splat,Q,url,hard,any,0.51,crossed,0.55,crossed,1,0,0
rounded6,splat,H,url,front,jsqr,0.13,crossed,0.225,crossed,1,0,0
rounded6,splat,H,url,front,zxing,0.21,crossed,0.25,crossed,1,0,0
rounded6,splat,H,url,front,zxingcpp,0.21,crossed,0.25,crossed,1,0,0
rounded6,splat,H,url,front,any,0.21,crossed,0.25,crossed,1,0,0
rounded6,splat,H,url,phone,jsqr,0.415,crossed,0.475,crossed,1,0,0
rounded6,splat,H,url,phone,zxing,0.415,crossed,0.475,crossed,1,0.667,0.333
rounded6,splat,H,url,phone,zxingcpp,0.31,crossed,0.35,crossed,1,0,0
rounded6,splat,H,url,phone,any,0.415,crossed,0.475,crossed,1,0.667,0.333
rounded6,splat,H,url,hard,jsqr,0.51,crossed,0.55,crossed,1,0,0
rounded6,splat,H,url,hard,zxing,0.415,crossed,0.475,crossed,1,0,0
rounded6,splat,H,url,hard,zxingcpp,0.51,crossed,0.55,crossed,1,0,0
rounded6,splat,H,url,hard,any,0.51,crossed,0.55,crossed,1,0,0
rounded6,splat,L,long,front,jsqr,0.13,crossed,0.25,crossed,1,0,0
rounded6,splat,L,long,front,zxing,0.015,crossed,0.075,crossed,1,0,0
rounded6,splat,L,long,front,zxingcpp,0.215,crossed,0.275,crossed,1,0,0
rounded6,splat,L,long,front,any,0.23,crossed,0.325,crossed,1,0,0
rounded6,splat,L,long,phone,jsqr,0.23,crossed,0.45,crossed,1,0,0
rounded6,splat,L,long,phone,zxing,0.13,crossed,0.45,crossed,1,0,0
rounded6,splat,L,long,phone,zxingcpp,0.31,crossed,0.35,crossed,1,0,0
rounded6,splat,L,long,phone,any,0.41,crossed,0.45,crossed,1,0,0
rounded6,splat,L,long,hard,jsqr,0,start,0.525,crossed,0.667,0,0
rounded6,splat,L,long,hard,zxing,0,start,0.05,crossed,0.667,0,0
rounded6,splat,L,long,hard,zxingcpp,0.53,crossed,,never,1,0.667,0.667
rounded6,splat,L,long,hard,any,0.53,crossed,,never,1,0.667,0.667
rounded6,splat,M,long,front,jsqr,0,start,0.325,crossed,0.667,0,0
rounded6,splat,M,long,front,zxing,0,start,0.325,crossed,0.667,0,0
rounded6,splat,M,long,front,zxingcpp,0.31,crossed,0.35,crossed,1,0,0
rounded6,splat,M,long,front,any,0.31,crossed,0.35,crossed,1,0,0
rounded6,splat,M,long,phone,jsqr,0,start,0.45,crossed,0.667,0,0
rounded6,splat,M,long,phone,zxing,0,start,0.425,crossed,0.667,0,0
rounded6,splat,M,long,phone,zxingcpp,0.31,crossed,0.35,crossed,1,0,0
rounded6,splat,M,long,phone,any,0.415,crossed,0.475,crossed,1,0,0
rounded6,splat,M,long,hard,jsqr,0,start,0,start,0.333,0,0
rounded6,splat,M,long,hard,zxing,0,start,0,start,0,0,0
rounded6,splat,M,long,hard,zxingcpp,0.43,crossed,0.525,crossed,1,0,0
rounded6,splat,M,long,hard,any,0.51,crossed,0.55,crossed,1,0,0
rounded6,splat,Q,long,front,jsqr,0,start,0.25,crossed,0.667,0,0
rounded6,splat,Q,long,front,zxing,0,start,0.325,crossed,0.667,0,0
rounded6,splat,Q,long,front,zxingcpp,0.21,crossed,0.25,crossed,1,0,0
rounded6,splat,Q,long,front,any,0.23,crossed,0.325,crossed,1,0,0
rounded6,splat,Q,long,phone,jsqr,0,start,0,start,0.333,0,0
rounded6,splat,Q,long,phone,zxing,0,start,0,start,0.333,0.333,0.333
rounded6,splat,Q,long,phone,zxingcpp,0.31,crossed,0.35,crossed,1,0,0
rounded6,splat,Q,long,phone,any,0.515,crossed,0.575,crossed,1,0.333,0.333
rounded6,splat,Q,long,hard,jsqr,0,start,0,start,0.333,0,0
rounded6,splat,Q,long,hard,zxing,0,start,0,start,0,0,0
rounded6,splat,Q,long,hard,zxingcpp,0.43,crossed,0.525,crossed,1,0,0
rounded6,splat,Q,long,hard,any,0.43,crossed,0.525,crossed,1,0,0
rounded6,splat,H,long,front,jsqr,0,start,0.25,crossed,0.667,0,0
rounded6,splat,H,long,front,zxing,0,start,0,start,0.333,0,0
rounded6,splat,H,long,front,zxingcpp,0.215,crossed,0.275,crossed,1,0,0
rounded6,splat,H,long,front,any,0.23,crossed,0.325,crossed,1,0,0
rounded6,splat,H,long,phone,jsqr,0,start,0.475,crossed,0.667,0,0
rounded6,splat,H,long,phone,zxing,0,start,0,start,0.333,0,0
rounded6,splat,H,long,phone,zxingcpp,0.31,crossed,0.35,crossed,1,0,0
rounded6,splat,H,long,phone,any,0.415,crossed,0.475,crossed,1,0,0
rounded6,splat,H,long,hard,jsqr,0,start,0,start,0,0,0
rounded6,splat,H,long,hard,zxing,0,start,0,start,0,0,0
rounded6,splat,H,long,hard,zxingcpp,0.515,crossed,0.575,crossed,1,0.333,0.333
rounded6,splat,H,long,hard,any,0.515,crossed,0.575,crossed,1,0.333,0.333
dots-eyes,splat,L,all,front,jsqr,0.29,crossed,0.41,crossed,1,0,0
dots-eyes,splat,L,all,front,zxing,0.09,crossed,,never,1,1,0.667
dots-eyes,splat,L,all,front,zxingcpp,,never,,never,1,1,1
dots-eyes,splat,L,all,front,any,,never,,never,1,1,1
dots-eyes,splat,L,all,phone,jsqr,0.09,crossed,,never,1,0.556,0.556
dots-eyes,splat,L,all,phone,zxing,0.09,crossed,,never,1,0.667,0.667
dots-eyes,splat,L,all,phone,zxingcpp,0.43,crossed,0.55,crossed,1,0.333,0.333
dots-eyes,splat,L,all,phone,any,0.445,crossed,,never,1,0.667,0.667
dots-eyes,splat,L,all,hard,jsqr,0,start,0.517,crossed,0.667,0.222,0.222
dots-eyes,splat,L,all,hard,zxing,0,start,0,start,0,0,0
dots-eyes,splat,L,all,hard,zxingcpp,0.49,crossed,0.57,crossed,1,0.333,0.333
dots-eyes,splat,L,all,hard,any,0.518,crossed,0.59,crossed,1,0.444,0.444
dots-eyes,splat,M,all,front,jsqr,0,start,0.425,crossed,0.889,0,0
dots-eyes,splat,M,all,front,zxing,0,start,,never,0.889,0.667,0.667
dots-eyes,splat,M,all,front,zxingcpp,,never,,never,1,1,1
dots-eyes,splat,M,all,front,any,,never,,never,1,1,1
dots-eyes,splat,M,all,phone,jsqr,0,start,0.375,crossed,0.667,0.333,0.333
dots-eyes,splat,M,all,phone,zxing,0,start,0.55,crossed,0.667,0.444,0.444
dots-eyes,splat,M,all,phone,zxingcpp,0.39,crossed,0.488,crossed,1,0.444,0.444
dots-eyes,splat,M,all,phone,any,0.43,crossed,,never,1,0.667,0.667
dots-eyes,splat,M,all,hard,jsqr,0,start,0.45,crossed,0.667,0,0
dots-eyes,splat,M,all,hard,zxing,0,start,0,start,0.111,0,0
dots-eyes,splat,M,all,hard,zxingcpp,0.29,crossed,0.483,crossed,1,0.222,0.222
dots-eyes,splat,M,all,hard,any,0.29,crossed,0.483,crossed,1,0.222,0.222
dots-eyes,splat,Q,all,front,jsqr,0,start,0.383,crossed,0.889,0,0
dots-eyes,splat,Q,all,front,zxing,0,start,,never,0.556,0.667,0.556
dots-eyes,splat,Q,all,front,zxingcpp,,never,,never,1,1,1
dots-eyes,splat,Q,all,front,any,,never,,never,1,1,1
dots-eyes,splat,Q,all,phone,jsqr,0,start,0.425,crossed,0.667,0.333,0.333
dots-eyes,splat,Q,all,phone,zxing,0,start,0,start,0.444,0.444,0.333
dots-eyes,splat,Q,all,phone,zxingcpp,0.345,crossed,,never,1,0.667,0.667
dots-eyes,splat,Q,all,phone,any,0.39,crossed,,never,1,0.889,0.889
dots-eyes,splat,Q,all,hard,jsqr,0,start,0.35,crossed,0.667,0.111,0.111
dots-eyes,splat,Q,all,hard,zxing,0,start,0,start,0.111,0,0
dots-eyes,splat,Q,all,hard,zxingcpp,0.29,crossed,0.575,crossed,1,0.444,0.444
dots-eyes,splat,Q,all,hard,any,0.29,crossed,0.575,crossed,1,0.444,0.444
dots-eyes,splat,H,all,front,jsqr,0,start,0.325,crossed,0.667,0.111,0
dots-eyes,splat,H,all,front,zxing,0,start,,never,0.667,0.556,0.556
dots-eyes,splat,H,all,front,zxingcpp,,never,,never,1,1,1
dots-eyes,splat,H,all,front,any,,never,,never,1,1,1
dots-eyes,splat,H,all,phone,jsqr,0,start,0.425,crossed,0.667,0.222,0.222
dots-eyes,splat,H,all,phone,zxing,0,start,0.525,crossed,0.667,0.333,0.333
dots-eyes,splat,H,all,phone,zxingcpp,0.423,crossed,,never,1,0.556,0.556
dots-eyes,splat,H,all,phone,any,0.43,crossed,,never,1,0.556,0.556
dots-eyes,splat,H,all,hard,jsqr,0,start,0.275,crossed,0.667,0.222,0.222
dots-eyes,splat,H,all,hard,zxing,0,start,0,start,0.111,0,0
dots-eyes,splat,H,all,hard,zxingcpp,0.49,crossed,0.558,crossed,1,0.222,0.222
dots-eyes,splat,H,all,hard,any,0.49,crossed,0.558,crossed,1,0.222,0.222
dots-eyes,splat,L,short,front,jsqr,0.33,crossed,0.425,crossed,1,0,0
dots-eyes,splat,L,short,front,zxing,,never,,never,1,1,1
dots-eyes,splat,L,short,front,zxingcpp,,never,,never,1,1,1
dots-eyes,splat,L,short,front,any,,never,,never,1,1,1
dots-eyes,splat,L,short,phone,jsqr,,never,,never,1,1,1
dots-eyes,splat,L,short,phone,zxing,,never,,never,1,1,1
dots-eyes,splat,L,short,phone,zxingcpp,0.53,crossed,,never,1,0.667,0.667
dots-eyes,splat,L,short,phone,any,,never,,never,1,1,1
dots-eyes,splat,L,short,hard,jsqr,0.43,crossed,0.525,crossed,1,0,0
dots-eyes,splat,L,short,hard,zxing,0,start,0,start,0,0,0
dots-eyes,splat,L,short,hard,zxingcpp,0.43,crossed,,never,1,0.667,0.667
dots-eyes,splat,L,short,hard,any,0.53,crossed,,never,1,0.667,0.667
dots-eyes,splat,M,short,front,jsqr,0.33,crossed,0.425,crossed,1,0,0
dots-eyes,splat,M,short,front,zxing,,never,,never,1,1,1
dots-eyes,splat,M,short,front,zxingcpp,,never,,never,1,1,1
dots-eyes,splat,M,short,front,any,,never,,never,1,1,1
dots-eyes,splat,M,short,phone,jsqr,,never,,never,1,1,1
dots-eyes,splat,M,short,phone,zxing,,never,,never,1,1,1
dots-eyes,splat,M,short,phone,zxingcpp,0.53,crossed,,never,1,0.667,0.667
dots-eyes,splat,M,short,phone,any,,never,,never,1,1,1
dots-eyes,splat,M,short,hard,jsqr,0.51,crossed,0.55,crossed,1,0,0
dots-eyes,splat,M,short,hard,zxing,0,start,0,start,0,0,0
dots-eyes,splat,M,short,hard,zxingcpp,0.53,crossed,,never,1,0.667,0.667
dots-eyes,splat,M,short,hard,any,0.53,crossed,,never,1,0.667,0.667
dots-eyes,splat,Q,short,front,jsqr,0.33,crossed,0.425,crossed,1,0,0
dots-eyes,splat,Q,short,front,zxing,0,start,0,start,0,1,0
dots-eyes,splat,Q,short,front,zxingcpp,,never,,never,1,1,1
dots-eyes,splat,Q,short,front,any,,never,,never,1,1,1
dots-eyes,splat,Q,short,phone,jsqr,,never,,never,1,1,1
dots-eyes,splat,Q,short,phone,zxing,0,start,0,start,0.333,1,0
dots-eyes,splat,Q,short,phone,zxingcpp,0.53,crossed,,never,1,0.667,0.667
dots-eyes,splat,Q,short,phone,any,,never,,never,1,1,1
dots-eyes,splat,Q,short,hard,jsqr,0.43,crossed,0.55,crossed,1,0.333,0.333
dots-eyes,splat,Q,short,hard,zxing,0,start,0,start,0,0,0
dots-eyes,splat,Q,short,hard,zxingcpp,0.53,crossed,,never,1,0.667,0.667
dots-eyes,splat,Q,short,hard,any,0.53,crossed,,never,1,0.667,0.667
dots-eyes,splat,H,short,front,jsqr,0.315,crossed,0.375,crossed,1,0.333,0
dots-eyes,splat,H,short,front,zxing,,never,,never,1,1,1
dots-eyes,splat,H,short,front,zxingcpp,,never,,never,1,1,1
dots-eyes,splat,H,short,front,any,,never,,never,1,1,1
dots-eyes,splat,H,short,phone,jsqr,0.43,crossed,,never,1,0.667,0.667
dots-eyes,splat,H,short,phone,zxing,,never,,never,1,1,1
dots-eyes,splat,H,short,phone,zxingcpp,,never,,never,1,1,1
dots-eyes,splat,H,short,phone,any,,never,,never,1,1,1
dots-eyes,splat,H,short,hard,jsqr,0.33,crossed,,never,1,0.667,0.667
dots-eyes,splat,H,short,hard,zxing,0,start,0,start,0,0,0
dots-eyes,splat,H,short,hard,zxingcpp,0.53,crossed,,never,1,0.667,0.667
dots-eyes,splat,H,short,hard,any,0.53,crossed,,never,1,0.667,0.667
dots-eyes,splat,L,url,front,jsqr,0.315,crossed,0.375,crossed,1,0,0
dots-eyes,splat,L,url,front,zxing,,never,,never,1,1,1
dots-eyes,splat,L,url,front,zxingcpp,,never,,never,1,1,1
dots-eyes,splat,L,url,front,any,,never,,never,1,1,1
dots-eyes,splat,L,url,phone,jsqr,0.53,crossed,,never,1,0.667,0.667
dots-eyes,splat,L,url,phone,zxing,,never,,never,1,1,1
dots-eyes,splat,L,url,phone,zxingcpp,0.43,crossed,0.55,crossed,1,0.333,0.333
dots-eyes,splat,L,url,phone,any,,never,,never,1,1,1
dots-eyes,splat,L,url,hard,jsqr,0.53,crossed,,never,1,0.667,0.667
dots-eyes,splat,L,url,hard,zxing,0,start,0,start,0,0,0
dots-eyes,splat,L,url,hard,zxingcpp,0.515,crossed,0.575,crossed,1,0.333,0.333
dots-eyes,splat,L,url,hard,any,0.53,crossed,,never,1,0.667,0.667
dots-eyes,splat,M,url,front,jsqr,0.13,crossed,0.45,crossed,1,0,0
dots-eyes,splat,M,url,front,zxing,,never,,never,1,1,1
dots-eyes,splat,M,url,front,zxingcpp,,never,,never,1,1,1
dots-eyes,splat,M,url,front,any,,never,,never,1,1,1
dots-eyes,splat,M,url,phone,jsqr,0.315,crossed,0.375,crossed,1,0,0
dots-eyes,splat,M,url,phone,zxing,0.23,crossed,0.55,crossed,1,0.333,0.333
dots-eyes,splat,M,url,phone,zxingcpp,0.33,crossed,0.45,crossed,1,0.667,0.333
dots-eyes,splat,M,url,phone,any,,never,,never,1,1,1
dots-eyes,splat,M,url,hard,jsqr,0.03,crossed,0.45,crossed,1,0,0
dots-eyes,splat,M,url,hard,zxing,0,start,0,start,0.333,0,0
dots-eyes,splat,M,url,hard,zxingcpp,0.23,crossed,0.45,crossed,1,0,0
dots-eyes,splat,M,url,hard,any,0.23,crossed,0.45,crossed,1,0,0
dots-eyes,splat,Q,url,front,jsqr,0.315,crossed,0.375,crossed,1,0,0
dots-eyes,splat,Q,url,front,zxing,,never,,never,1,1,1
dots-eyes,splat,Q,url,front,zxingcpp,,never,,never,1,1,1
dots-eyes,splat,Q,url,front,any,,never,,never,1,1,1
dots-eyes,splat,Q,url,phone,jsqr,0.33,crossed,0.425,crossed,1,0,0
dots-eyes,splat,Q,url,phone,zxing,0.23,crossed,0.45,crossed,1,0.333,0.333
dots-eyes,splat,Q,url,phone,zxingcpp,0.33,crossed,,never,1,0.667,0.667
dots-eyes,splat,Q,url,phone,any,,never,,never,1,1,1
dots-eyes,splat,Q,url,hard,jsqr,0.23,crossed,0.35,crossed,1,0,0
dots-eyes,splat,Q,url,hard,zxing,0,start,0,start,0.333,0,0
dots-eyes,splat,Q,url,hard,zxingcpp,0.23,crossed,0.35,crossed,1,0,0
dots-eyes,splat,Q,url,hard,any,0.23,crossed,0.35,crossed,1,0,0
dots-eyes,splat,H,url,front,jsqr,0,start,0.425,crossed,0.667,0,0
dots-eyes,splat,H,url,front,zxing,0,start,,never,0.667,0.667,0.667
dots-eyes,splat,H,url,front,zxingcpp,,never,,never,1,1,1
dots-eyes,splat,H,url,front,any,,never,,never,1,1,1
dots-eyes,splat,H,url,phone,jsqr,0.23,crossed,0.45,crossed,1,0,0
dots-eyes,splat,H,url,phone,zxing,0.33,crossed,0.525,crossed,1,0,0
dots-eyes,splat,H,url,phone,zxingcpp,0.43,crossed,,never,1,0.667,0.667
dots-eyes,splat,H,url,phone,any,0.53,crossed,,never,1,0.667,0.667
dots-eyes,splat,H,url,hard,jsqr,0.215,crossed,0.275,crossed,1,0,0
dots-eyes,splat,H,url,hard,zxing,0,start,0,start,0.333,0,0
dots-eyes,splat,H,url,hard,zxingcpp,0.51,crossed,0.55,crossed,1,0,0
dots-eyes,splat,H,url,hard,any,0.51,crossed,0.55,crossed,1,0,0
dots-eyes,splat,L,long,front,jsqr,0.23,crossed,0.425,crossed,1,0,0
dots-eyes,splat,L,long,front,zxing,0.03,crossed,0.125,crossed,1,1,0
dots-eyes,splat,L,long,front,zxingcpp,,never,,never,1,1,1
dots-eyes,splat,L,long,front,any,,never,,never,1,1,1
dots-eyes,splat,L,long,phone,jsqr,0.03,crossed,0.325,crossed,1,0,0
dots-eyes,splat,L,long,phone,zxing,0.03,crossed,0.15,crossed,1,0,0
dots-eyes,splat,L,long,phone,zxingcpp,0.415,crossed,0.475,crossed,1,0,0
dots-eyes,splat,L,long,phone,any,0.415,crossed,0.475,crossed,1,0,0
dots-eyes,splat,L,long,hard,jsqr,0,start,0,start,0,0,0
dots-eyes,splat,L,long,hard,zxing,0,start,0,start,0,0,0
dots-eyes,splat,L,long,hard,zxingcpp,0.51,crossed,0.55,crossed,1,0,0
dots-eyes,splat,L,long,hard,any,0.51,crossed,0.55,crossed,1,0,0
dots-eyes,splat,M,long,front,jsqr,0,start,0.25,crossed,0.667,0,0
dots-eyes,splat,M,long,front,zxing,0,start,0.25,crossed,0.667,0,0
dots-eyes,splat,M,long,front,zxingcpp,,never,,never,1,1,1
dots-eyes,splat,M,long,front,any,,never,,never,1,1,1
dots-eyes,splat,M,long,phone,jsqr,0,start,0,start,0,0,0
dots-eyes,splat,M,long,phone,zxing,0,start,0,start,0,0,0
dots-eyes,splat,M,long,phone,zxingcpp,0.41,crossed,0.45,crossed,1,0,0
dots-eyes,splat,M,long,phone,any,0.41,crossed,0.45,crossed,1,0,0
dots-eyes,splat,M,long,hard,jsqr,0,start,0,start,0,0,0
dots-eyes,splat,M,long,hard,zxing,0,start,0,start,0,0,0
dots-eyes,splat,M,long,hard,zxingcpp,0.33,crossed,0.425,crossed,1,0,0
dots-eyes,splat,M,long,hard,any,0.33,crossed,0.425,crossed,1,0,0
dots-eyes,splat,Q,long,front,jsqr,0,start,0.25,crossed,0.667,0,0
dots-eyes,splat,Q,long,front,zxing,0,start,0.25,crossed,0.667,0,0
dots-eyes,splat,Q,long,front,zxingcpp,,never,,never,1,1,1
dots-eyes,splat,Q,long,front,any,,never,,never,1,1,1
dots-eyes,splat,Q,long,phone,jsqr,0,start,0,start,0,0,0
dots-eyes,splat,Q,long,phone,zxing,0,start,0,start,0,0,0
dots-eyes,splat,Q,long,phone,zxingcpp,0.33,crossed,,never,1,0.667,0.667
dots-eyes,splat,Q,long,phone,any,0.33,crossed,,never,1,0.667,0.667
dots-eyes,splat,Q,long,hard,jsqr,0,start,0,start,0,0,0
dots-eyes,splat,Q,long,hard,zxing,0,start,0,start,0,0,0
dots-eyes,splat,Q,long,hard,zxingcpp,0.43,crossed,,never,1,0.667,0.667
dots-eyes,splat,Q,long,hard,any,0.43,crossed,,never,1,0.667,0.667
dots-eyes,splat,H,long,front,jsqr,0,start,0,start,0.333,0,0
dots-eyes,splat,H,long,front,zxing,0,start,0,start,0.333,0,0
dots-eyes,splat,H,long,front,zxingcpp,,never,,never,1,1,1
dots-eyes,splat,H,long,front,any,,never,,never,1,1,1
dots-eyes,splat,H,long,phone,jsqr,0,start,0,start,0,0,0
dots-eyes,splat,H,long,phone,zxing,0,start,0,start,0,0,0
dots-eyes,splat,H,long,phone,zxingcpp,0.41,crossed,0.45,crossed,1,0,0
dots-eyes,splat,H,long,phone,any,0.41,crossed,0.45,crossed,1,0,0
dots-eyes,splat,H,long,hard,jsqr,0,start,0,start,0,0,0
dots-eyes,splat,H,long,hard,zxing,0,start,0,start,0,0,0
dots-eyes,splat,H,long,hard,zxingcpp,0.43,crossed,0.525,crossed,1,0,0
dots-eyes,splat,H,long,hard,any,0.43,crossed,0.525,crossed,1,0,0
alive-classic,motion,L,all,front,jsqr,,never,,never,1,1,1
alive-classic,motion,L,all,front,zxing,,never,,never,1,1,1
alive-classic,motion,L,all,front,zxingcpp,,never,,never,1,1,1
alive-classic,motion,L,all,front,any,,never,,never,1,1,1
alive-classic,motion,L,all,phone,jsqr,,never,,never,1,1,1
alive-classic,motion,L,all,phone,zxing,0.322,crossed,,never,1,1,0.889
alive-classic,motion,L,all,phone,zxingcpp,,never,,never,1,1,1
alive-classic,motion,L,all,phone,any,,never,,never,1,1,1
alive-classic,motion,L,all,hard,jsqr,0,start,0,start,0.333,0.333,0.333
alive-classic,motion,L,all,hard,zxing,0,start,0,start,0,0,0
alive-classic,motion,L,all,hard,zxingcpp,0.242,crossed,,never,1,0.889,0.889
alive-classic,motion,L,all,hard,any,,never,,never,1,1,1
alive-classic,motion,M,all,front,jsqr,0,start,,never,0.889,0.889,0.889
alive-classic,motion,M,all,front,zxing,0,start,,never,0.889,0.889,0.889
alive-classic,motion,M,all,front,zxingcpp,,never,,never,1,1,1
alive-classic,motion,M,all,front,any,,never,,never,1,1,1
alive-classic,motion,M,all,phone,jsqr,0,start,,never,0.667,0.667,0.667
alive-classic,motion,M,all,phone,zxing,0,start,,never,0.667,0.667,0.667
alive-classic,motion,M,all,phone,zxingcpp,,never,,never,1,1,1
alive-classic,motion,M,all,phone,any,,never,,never,1,1,1
alive-classic,motion,M,all,hard,jsqr,0,start,,never,0.667,0.667,0.556
alive-classic,motion,M,all,hard,zxing,0,start,0,start,0.111,0.111,0.111
alive-classic,motion,M,all,hard,zxingcpp,,never,,never,1,1,1
alive-classic,motion,M,all,hard,any,,never,,never,1,1,1
alive-classic,motion,Q,all,front,jsqr,0,start,,never,0.889,0.889,0.889
alive-classic,motion,Q,all,front,zxing,0,start,,never,0.667,0.667,0.667
alive-classic,motion,Q,all,front,zxingcpp,,never,,never,1,1,1
alive-classic,motion,Q,all,front,any,,never,,never,1,1,1
alive-classic,motion,Q,all,phone,jsqr,0,start,,never,0.667,0.667,0.667
alive-classic,motion,Q,all,phone,zxing,0,start,,never,0.556,0.556,0.556
alive-classic,motion,Q,all,phone,zxingcpp,,never,,never,1,1,1
alive-classic,motion,Q,all,phone,any,,never,,never,1,1,1
alive-classic,motion,Q,all,hard,jsqr,0,start,,never,0.667,0.667,0.667
alive-classic,motion,Q,all,hard,zxing,0,start,0,start,0,0,0
alive-classic,motion,Q,all,hard,zxingcpp,,never,,never,1,1,1
alive-classic,motion,Q,all,hard,any,,never,,never,1,1,1
alive-classic,motion,H,all,front,jsqr,0,start,,never,0.667,0.667,0.667
alive-classic,motion,H,all,front,zxing,0,start,,never,0.667,0.667,0.667
alive-classic,motion,H,all,front,zxingcpp,,never,,never,1,1,1
alive-classic,motion,H,all,front,any,,never,,never,1,1,1
alive-classic,motion,H,all,phone,jsqr,0,start,,never,0.667,0.667,0.667
alive-classic,motion,H,all,phone,zxing,0,start,,never,0.667,0.667,0.667
alive-classic,motion,H,all,phone,zxingcpp,,never,,never,1,1,1
alive-classic,motion,H,all,phone,any,,never,,never,1,1,1
alive-classic,motion,H,all,hard,jsqr,0,start,,never,0.667,0.667,0.667
alive-classic,motion,H,all,hard,zxing,0,start,0,start,0.222,0.222,0.111
alive-classic,motion,H,all,hard,zxingcpp,,never,,never,1,1,1
alive-classic,motion,H,all,hard,any,,never,,never,1,1,1
alive-classic,motion,L,short,front,jsqr,,never,,never,1,1,1
alive-classic,motion,L,short,front,zxing,,never,,never,1,1,1
alive-classic,motion,L,short,front,zxingcpp,,never,,never,1,1,1
alive-classic,motion,L,short,front,any,,never,,never,1,1,1
alive-classic,motion,L,short,phone,jsqr,,never,,never,1,1,1
alive-classic,motion,L,short,phone,zxing,,never,,never,1,1,1
alive-classic,motion,L,short,phone,zxingcpp,,never,,never,1,1,1
alive-classic,motion,L,short,phone,any,,never,,never,1,1,1
alive-classic,motion,L,short,hard,jsqr,0,start,0,start,0.333,0.333,0.333
alive-classic,motion,L,short,hard,zxing,0,start,0,start,0,0,0
alive-classic,motion,L,short,hard,zxingcpp,,never,,never,1,1,1
alive-classic,motion,L,short,hard,any,,never,,never,1,1,1
alive-classic,motion,M,short,front,jsqr,,never,,never,1,1,1
alive-classic,motion,M,short,front,zxing,,never,,never,1,1,1
alive-classic,motion,M,short,front,zxingcpp,,never,,never,1,1,1
alive-classic,motion,M,short,front,any,,never,,never,1,1,1
alive-classic,motion,M,short,phone,jsqr,,never,,never,1,1,1
alive-classic,motion,M,short,phone,zxing,,never,,never,1,1,1
alive-classic,motion,M,short,phone,zxingcpp,,never,,never,1,1,1
alive-classic,motion,M,short,phone,any,,never,,never,1,1,1
alive-classic,motion,M,short,hard,jsqr,,never,,never,1,1,1
alive-classic,motion,M,short,hard,zxing,0,start,0,start,0,0,0
alive-classic,motion,M,short,hard,zxingcpp,,never,,never,1,1,1
alive-classic,motion,M,short,hard,any,,never,,never,1,1,1
alive-classic,motion,Q,short,front,jsqr,,never,,never,1,1,1
alive-classic,motion,Q,short,front,zxing,0,start,0,start,0.333,0.333,0.333
alive-classic,motion,Q,short,front,zxingcpp,,never,,never,1,1,1
alive-classic,motion,Q,short,front,any,,never,,never,1,1,1
alive-classic,motion,Q,short,phone,jsqr,,never,,never,1,1,1
alive-classic,motion,Q,short,phone,zxing,0,start,,never,0.667,0.667,0.667
alive-classic,motion,Q,short,phone,zxingcpp,,never,,never,1,1,1
alive-classic,motion,Q,short,phone,any,,never,,never,1,1,1
alive-classic,motion,Q,short,hard,jsqr,,never,,never,1,1,1
alive-classic,motion,Q,short,hard,zxing,0,start,0,start,0,0,0
alive-classic,motion,Q,short,hard,zxingcpp,,never,,never,1,1,1
alive-classic,motion,Q,short,hard,any,,never,,never,1,1,1
alive-classic,motion,H,short,front,jsqr,,never,,never,1,1,1
alive-classic,motion,H,short,front,zxing,,never,,never,1,1,1
alive-classic,motion,H,short,front,zxingcpp,,never,,never,1,1,1
alive-classic,motion,H,short,front,any,,never,,never,1,1,1
alive-classic,motion,H,short,phone,jsqr,,never,,never,1,1,1
alive-classic,motion,H,short,phone,zxing,,never,,never,1,1,1
alive-classic,motion,H,short,phone,zxingcpp,,never,,never,1,1,1
alive-classic,motion,H,short,phone,any,,never,,never,1,1,1
alive-classic,motion,H,short,hard,jsqr,,never,,never,1,1,1
alive-classic,motion,H,short,hard,zxing,0,start,0,start,0,0,0
alive-classic,motion,H,short,hard,zxingcpp,,never,,never,1,1,1
alive-classic,motion,H,short,hard,any,,never,,never,1,1,1
alive-classic,motion,L,url,front,jsqr,,never,,never,1,1,1
alive-classic,motion,L,url,front,zxing,,never,,never,1,1,1
alive-classic,motion,L,url,front,zxingcpp,,never,,never,1,1,1
alive-classic,motion,L,url,front,any,,never,,never,1,1,1
alive-classic,motion,L,url,phone,jsqr,,never,,never,1,1,1
alive-classic,motion,L,url,phone,zxing,,never,,never,1,1,1
alive-classic,motion,L,url,phone,zxingcpp,,never,,never,1,1,1
alive-classic,motion,L,url,phone,any,,never,,never,1,1,1
alive-classic,motion,L,url,hard,jsqr,0,start,,never,0.667,0.667,0.667
alive-classic,motion,L,url,hard,zxing,0,start,0,start,0,0,0
alive-classic,motion,L,url,hard,zxingcpp,0.194,crossed,,never,1,0.667,0.667
alive-classic,motion,L,url,hard,any,,never,,never,1,1,1
alive-classic,motion,M,url,front,jsqr,,never,,never,1,1,1
alive-classic,motion,M,url,front,zxing,,never,,never,1,1,1
alive-classic,motion,M,url,front,zxingcpp,,never,,never,1,1,1
alive-classic,motion,M,url,front,any,,never,,never,1,1,1
alive-classic,motion,M,url,phone,jsqr,,never,,never,1,1,1
alive-classic,motion,M,url,phone,zxing,,never,,never,1,1,1
alive-classic,motion,M,url,phone,zxingcpp,,never,,never,1,1,1
alive-classic,motion,M,url,phone,any,,never,,never,1,1,1
alive-classic,motion,M,url,hard,jsqr,0.274,crossed,,never,1,1,0.667
alive-classic,motion,M,url,hard,zxing,0,start,0,start,0.333,0.333,0.333
alive-classic,motion,M,url,hard,zxingcpp,,never,,never,1,1,1
alive-classic,motion,M,url,hard,any,,never,,never,1,1,1
alive-classic,motion,Q,url,front,jsqr,,never,,never,1,1,1
alive-classic,motion,Q,url,front,zxing,,never,,never,1,1,1
alive-classic,motion,Q,url,front,zxingcpp,,never,,never,1,1,1
alive-classic,motion,Q,url,front,any,,never,,never,1,1,1
alive-classic,motion,Q,url,phone,jsqr,,never,,never,1,1,1
alive-classic,motion,Q,url,phone,zxing,,never,,never,1,1,1
alive-classic,motion,Q,url,phone,zxingcpp,,never,,never,1,1,1
alive-classic,motion,Q,url,phone,any,,never,,never,1,1,1
alive-classic,motion,Q,url,hard,jsqr,,never,,never,1,1,1
alive-classic,motion,Q,url,hard,zxing,0,start,0,start,0,0,0
alive-classic,motion,Q,url,hard,zxingcpp,,never,,never,1,1,1
alive-classic,motion,Q,url,hard,any,,never,,never,1,1,1
alive-classic,motion,H,url,front,jsqr,0,start,,never,0.667,0.667,0.667
alive-classic,motion,H,url,front,zxing,0,start,,never,0.667,0.667,0.667
alive-classic,motion,H,url,front,zxingcpp,,never,,never,1,1,1
alive-classic,motion,H,url,front,any,,never,,never,1,1,1
alive-classic,motion,H,url,phone,jsqr,,never,,never,1,1,1
alive-classic,motion,H,url,phone,zxing,,never,,never,1,1,1
alive-classic,motion,H,url,phone,zxingcpp,,never,,never,1,1,1
alive-classic,motion,H,url,phone,any,,never,,never,1,1,1
alive-classic,motion,H,url,hard,jsqr,,never,,never,1,1,1
alive-classic,motion,H,url,hard,zxing,0,start,0.29,crossed,0.667,0.667,0.333
alive-classic,motion,H,url,hard,zxingcpp,,never,,never,1,1,1
alive-classic,motion,H,url,hard,any,,never,,never,1,1,1
alive-classic,motion,L,long,front,jsqr,,never,,never,1,1,1
alive-classic,motion,L,long,front,zxing,,never,,never,1,1,1
alive-classic,motion,L,long,front,zxingcpp,,never,,never,1,1,1
alive-classic,motion,L,long,front,any,,never,,never,1,1,1
alive-classic,motion,L,long,phone,jsqr,,never,,never,1,1,1
alive-classic,motion,L,long,phone,zxing,0.274,crossed,,never,1,1,0.667
alive-classic,motion,L,long,phone,zxingcpp,,never,,never,1,1,1
alive-classic,motion,L,long,phone,any,,never,,never,1,1,1
alive-classic,motion,L,long,hard,jsqr,0,start,0,start,0,0,0
alive-classic,motion,L,long,hard,zxing,0,start,0,start,0,0,0
alive-classic,motion,L,long,hard,zxingcpp,,never,,never,1,1,1
alive-classic,motion,L,long,hard,any,,never,,never,1,1,1
alive-classic,motion,M,long,front,jsqr,0,start,,never,0.667,0.667,0.667
alive-classic,motion,M,long,front,zxing,0,start,,never,0.667,0.667,0.667
alive-classic,motion,M,long,front,zxingcpp,,never,,never,1,1,1
alive-classic,motion,M,long,front,any,,never,,never,1,1,1
alive-classic,motion,M,long,phone,jsqr,0,start,0,start,0,0,0
alive-classic,motion,M,long,phone,zxing,0,start,0,start,0,0,0
alive-classic,motion,M,long,phone,zxingcpp,,never,,never,1,1,1
alive-classic,motion,M,long,phone,any,,never,,never,1,1,1
alive-classic,motion,M,long,hard,jsqr,0,start,0,start,0,0,0
alive-classic,motion,M,long,hard,zxing,0,start,0,start,0,0,0
alive-classic,motion,M,long,hard,zxingcpp,,never,,never,1,1,1
alive-classic,motion,M,long,hard,any,,never,,never,1,1,1
alive-classic,motion,Q,long,front,jsqr,0,start,,never,0.667,0.667,0.667
alive-classic,motion,Q,long,front,zxing,0,start,,never,0.667,0.667,0.667
alive-classic,motion,Q,long,front,zxingcpp,,never,,never,1,1,1
alive-classic,motion,Q,long,front,any,,never,,never,1,1,1
alive-classic,motion,Q,long,phone,jsqr,0,start,0,start,0,0,0
alive-classic,motion,Q,long,phone,zxing,0,start,0,start,0,0,0
alive-classic,motion,Q,long,phone,zxingcpp,,never,,never,1,1,1
alive-classic,motion,Q,long,phone,any,,never,,never,1,1,1
alive-classic,motion,Q,long,hard,jsqr,0,start,0,start,0,0,0
alive-classic,motion,Q,long,hard,zxing,0,start,0,start,0,0,0
alive-classic,motion,Q,long,hard,zxingcpp,,never,,never,1,1,1
alive-classic,motion,Q,long,hard,any,,never,,never,1,1,1
alive-classic,motion,H,long,front,jsqr,0,start,0,start,0.333,0.333,0.333
alive-classic,motion,H,long,front,zxing,0,start,0,start,0.333,0.333,0.333
alive-classic,motion,H,long,front,zxingcpp,,never,,never,1,1,1
alive-classic,motion,H,long,front,any,,never,,never,1,1,1
alive-classic,motion,H,long,phone,jsqr,0,start,0,start,0,0,0
alive-classic,motion,H,long,phone,zxing,0,start,0,start,0,0,0
alive-classic,motion,H,long,phone,zxingcpp,,never,,never,1,1,1
alive-classic,motion,H,long,phone,any,,never,,never,1,1,1
alive-classic,motion,H,long,hard,jsqr,0,start,0,start,0,0,0
alive-classic,motion,H,long,hard,zxing,0,start,0,start,0,0,0
alive-classic,motion,H,long,hard,zxingcpp,,never,,never,1,1,1
alive-classic,motion,H,long,hard,any,,never,,never,1,1,1
alive-gray,motion,L,all,front,jsqr,,never,,never,1,1,1
alive-gray,motion,L,all,front,zxing,,never,,never,1,1,1
alive-gray,motion,L,all,front,zxingcpp,,never,,never,1,1,1
alive-gray,motion,L,all,front,any,,never,,never,1,1,1
alive-gray,motion,L,all,phone,jsqr,,never,,never,1,1,1
alive-gray,motion,L,all,phone,zxing,,never,,never,1,1,1
alive-gray,motion,L,all,phone,zxingcpp,,never,,never,1,1,1
alive-gray,motion,L,all,phone,any,,never,,never,1,1,1
alive-gray,motion,L,all,hard,jsqr,0,start,,never,0.889,0.667,0.556
alive-gray,motion,L,all,hard,zxing,0,start,0,start,0.222,0.222,0.111
alive-gray,motion,L,all,hard,zxingcpp,0,start,,never,0.889,0.889,0.556
alive-gray,motion,L,all,hard,any,0.322,crossed,,never,1,0.889,0.889
alive-gray,motion,M,all,front,jsqr,,never,,never,1,1,1
alive-gray,motion,M,all,front,zxing,,never,,never,1,1,1
alive-gray,motion,M,all,front,zxingcpp,,never,,never,1,1,1
alive-gray,motion,M,all,front,any,,never,,never,1,1,1
alive-gray,motion,M,all,phone,jsqr,0.411,crossed,,never,1,1,0.889
alive-gray,motion,M,all,phone,zxing,0,start,,never,0.778,0.778,0.778
alive-gray,motion,M,all,phone,zxingcpp,,never,,never,1,1,1
alive-gray,motion,M,all,phone,any,,never,,never,1,1,1
alive-gray,motion,M,all,hard,jsqr,0,start,,never,0.667,0.667,0.556
alive-gray,motion,M,all,hard,zxing,0,start,0,start,0.111,0.111,0.111
alive-gray,motion,M,all,hard,zxingcpp,,never,,never,1,1,1
alive-gray,motion,M,all,hard,any,,never,,never,1,1,1
alive-gray,motion,Q,all,front,jsqr,,never,,never,1,1,1
alive-gray,motion,Q,all,front,zxing,0,start,,never,0.778,0.778,0.667
alive-gray,motion,Q,all,front,zxingcpp,,never,,never,1,1,1
alive-gray,motion,Q,all,front,any,,never,,never,1,1,1
alive-gray,motion,Q,all,phone,jsqr,0,start,,never,0.667,0.778,0.667
alive-gray,motion,Q,all,phone,zxing,0,start,0.04,crossed,0.556,0.667,0.444
alive-gray,motion,Q,all,phone,zxingcpp,,never,,never,1,1,1
alive-gray,motion,Q,all,phone,any,,never,,never,1,1,1
alive-gray,motion,Q,all,hard,jsqr,0,start,,never,0.778,0.667,0.556
alive-gray,motion,Q,all,hard,zxing,0,start,0,start,0.222,0.111,0.111
alive-gray,motion,Q,all,hard,zxingcpp,,never,,never,1,1,1
alive-gray,motion,Q,all,hard,any,,never,,never,1,1,1
alive-gray,motion,H,all,front,jsqr,0,start,,never,0.889,0.889,0.889
alive-gray,motion,H,all,front,zxing,0,start,,never,0.889,0.889,0.889
alive-gray,motion,H,all,front,zxingcpp,,never,,never,1,1,1
alive-gray,motion,H,all,front,any,,never,,never,1,1,1
alive-gray,motion,H,all,phone,jsqr,0,start,,never,0.778,0.778,0.667
alive-gray,motion,H,all,phone,zxing,0,start,,never,0.667,0.667,0.667
alive-gray,motion,H,all,phone,zxingcpp,,never,,never,1,1,1
alive-gray,motion,H,all,phone,any,,never,,never,1,1,1
alive-gray,motion,H,all,hard,jsqr,0,start,,never,0.667,0.667,0.667
alive-gray,motion,H,all,hard,zxing,0,start,0.04,crossed,0.667,0.444,0.333
alive-gray,motion,H,all,hard,zxingcpp,,never,,never,1,1,1
alive-gray,motion,H,all,hard,any,,never,,never,1,1,1
alive-gray,motion,L,short,front,jsqr,,never,,never,1,1,1
alive-gray,motion,L,short,front,zxing,,never,,never,1,1,1
alive-gray,motion,L,short,front,zxingcpp,,never,,never,1,1,1
alive-gray,motion,L,short,front,any,,never,,never,1,1,1
alive-gray,motion,L,short,phone,jsqr,,never,,never,1,1,1
alive-gray,motion,L,short,phone,zxing,,never,,never,1,1,1
alive-gray,motion,L,short,phone,zxingcpp,,never,,never,1,1,1
alive-gray,motion,L,short,phone,any,,never,,never,1,1,1
alive-gray,motion,L,short,hard,jsqr,0,start,0.29,crossed,0.667,0.333,0.333
alive-gray,motion,L,short,hard,zxing,0,start,0,start,0,0,0
alive-gray,motion,L,short,hard,zxingcpp,0,start,0.04,crossed,0.667,0.667,0.333
alive-gray,motion,L,short,hard,any,0.274,crossed,,never,1,0.667,0.667
alive-gray,motion,M,short,front,jsqr,,never,,never,1,1,1
alive-gray,motion,M,short,front,zxing,,never,,never,1,1,1
alive-gray,motion,M,short,front,zxingcpp,,never,,never,1,1,1
alive-gray,motion,M,short,front,any,,never,,never,1,1,1
alive-gray,motion,M,short,phone,jsqr,,never,,never,1,1,1
alive-gray,motion,M,short,phone,zxing,,never,,never,1,1,1
alive-gray,motion,M,short,phone,zxingcpp,,never,,never,1,1,1
alive-gray,motion,M,short,phone,any,,never,,never,1,1,1
alive-gray,motion,M,short,hard,jsqr,,never,,never,1,1,1
alive-gray,motion,M,short,hard,zxing,0,start,0,start,0,0,0
alive-gray,motion,M,short,hard,zxingcpp,,never,,never,1,1,1
alive-gray,motion,M,short,hard,any,,never,,never,1,1,1
alive-gray,motion,Q,short,front,jsqr,,never,,never,1,1,1
alive-gray,motion,Q,short,front,zxing,0,start,0,start,0.333,0.333,0
alive-gray,motion,Q,short,front,zxingcpp,,never,,never,1,1,1
alive-gray,motion,Q,short,front,any,,never,,never,1,1,1
alive-gray,motion,Q,short,phone,jsqr,,never,,never,1,1,1
alive-gray,motion,Q,short,phone,zxing,0,start,0.04,crossed,0.667,1,0.333
alive-gray,motion,Q,short,phone,zxingcpp,,never,,never,1,1,1
alive-gray,motion,Q,short,phone,any,,never,,never,1,1,1
alive-gray,motion,Q,short,hard,jsqr,,never,,never,1,1,1
alive-gray,motion,Q,short,hard,zxing,0,start,0,start,0,0,0
alive-gray,motion,Q,short,hard,zxingcpp,,never,,never,1,1,1
alive-gray,motion,Q,short,hard,any,,never,,never,1,1,1
alive-gray,motion,H,short,front,jsqr,,never,,never,1,1,1
alive-gray,motion,H,short,front,zxing,,never,,never,1,1,1
alive-gray,motion,H,short,front,zxingcpp,,never,,never,1,1,1
alive-gray,motion,H,short,front,any,,never,,never,1,1,1
alive-gray,motion,H,short,phone,jsqr,,never,,never,1,1,1
alive-gray,motion,H,short,phone,zxing,,never,,never,1,1,1
alive-gray,motion,H,short,phone,zxingcpp,,never,,never,1,1,1
alive-gray,motion,H,short,phone,any,,never,,never,1,1,1
alive-gray,motion,H,short,hard,jsqr,,never,,never,1,1,1
alive-gray,motion,H,short,hard,zxing,0.012,crossed,0.06,crossed,1,0.333,0.333
alive-gray,motion,H,short,hard,zxingcpp,,never,,never,1,1,1
alive-gray,motion,H,short,hard,any,,never,,never,1,1,1
alive-gray,motion,L,url,front,jsqr,,never,,never,1,1,1
alive-gray,motion,L,url,front,zxing,,never,,never,1,1,1
alive-gray,motion,L,url,front,zxingcpp,,never,,never,1,1,1
alive-gray,motion,L,url,front,any,,never,,never,1,1,1
alive-gray,motion,L,url,phone,jsqr,,never,,never,1,1,1
alive-gray,motion,L,url,phone,zxing,,never,,never,1,1,1
alive-gray,motion,L,url,phone,zxingcpp,,never,,never,1,1,1
alive-gray,motion,L,url,phone,any,,never,,never,1,1,1
alive-gray,motion,L,url,hard,jsqr,0.024,crossed,,never,1,0.667,0.667
alive-gray,motion,L,url,hard,zxing,0,start,0.29,crossed,0.667,0.667,0.333
alive-gray,motion,L,url,hard,zxingcpp,0.182,crossed,0.23,crossed,1,1,0.333
alive-gray,motion,L,url,hard,any,,never,,never,1,1,1
alive-gray,motion,M,url,front,jsqr,,never,,never,1,1,1
alive-gray,motion,M,url,front,zxing,,never,,never,1,1,1
alive-gray,motion,M,url,front,zxingcpp,,never,,never,1,1,1
alive-gray,motion,M,url,front,any,,never,,never,1,1,1
alive-gray,motion,M,url,phone,jsqr,,never,,never,1,1,1
alive-gray,motion,M,url,phone,zxing,,never,,never,1,1,1
alive-gray,motion,M,url,phone,zxingcpp,,never,,never,1,1,1
alive-gray,motion,M,url,phone,any,,never,,never,1,1,1
alive-gray,motion,M,url,hard,jsqr,0.194,crossed,,never,1,1,0.667
alive-gray,motion,M,url,hard,zxing,0,start,0,start,0.333,0.333,0.333
alive-gray,motion,M,url,hard,zxingcpp,,never,,never,1,1,1
alive-gray,motion,M,url,hard,any,,never,,never,1,1,1
alive-gray,motion,Q,url,front,jsqr,,never,,never,1,1,1
alive-gray,motion,Q,url,front,zxing,,never,,never,1,1,1
alive-gray,motion,Q,url,front,zxingcpp,,never,,never,1,1,1
alive-gray,motion,Q,url,front,any,,never,,never,1,1,1
alive-gray,motion,Q,url,phone,jsqr,,never,,never,1,1,1
alive-gray,motion,Q,url,phone,zxing,,never,,never,1,1,1
alive-gray,motion,Q,url,phone,zxingcpp,,never,,never,1,1,1
alive-gray,motion,Q,url,phone,any,,never,,never,1,1,1
alive-gray,motion,Q,url,hard,jsqr,0.194,crossed,,never,1,1,0.667
alive-gray,motion,Q,url,hard,zxing,0,start,0,start,0.333,0.333,0.333
alive-gray,motion,Q,url,hard,zxingcpp,,never,,never,1,1,1
alive-gray,motion,Q,url,hard,any,,never,,never,1,1,1
alive-gray,motion,H,url,front,jsqr,,never,,never,1,1,1
alive-gray,motion,H,url,front,zxing,,never,,never,1,1,1
alive-gray,motion,H,url,front,zxingcpp,,never,,never,1,1,1
alive-gray,motion,H,url,front,any,,never,,never,1,1,1
alive-gray,motion,H,url,phone,jsqr,,never,,never,1,1,1
alive-gray,motion,H,url,phone,zxing,,never,,never,1,1,1
alive-gray,motion,H,url,phone,zxingcpp,,never,,never,1,1,1
alive-gray,motion,H,url,phone,any,,never,,never,1,1,1
alive-gray,motion,H,url,hard,jsqr,,never,,never,1,1,1
alive-gray,motion,H,url,hard,zxing,0,start,,never,0.667,0.667,0.667
alive-gray,motion,H,url,hard,zxingcpp,,never,,never,1,1,1
alive-gray,motion,H,url,hard,any,,never,,never,1,1,1
alive-gray,motion,L,long,front,jsqr,,never,,never,1,1,1
alive-gray,motion,L,long,front,zxing,,never,,never,1,1,1
alive-gray,motion,L,long,front,zxingcpp,,never,,never,1,1,1
alive-gray,motion,L,long,front,any,,never,,never,1,1,1
alive-gray,motion,L,long,phone,jsqr,,never,,never,1,1,1
alive-gray,motion,L,long,phone,zxing,,never,,never,1,1,1
alive-gray,motion,L,long,phone,zxingcpp,,never,,never,1,1,1
alive-gray,motion,L,long,phone,any,,never,,never,1,1,1
alive-gray,motion,L,long,hard,jsqr,0.774,crossed,,never,1,1,0.667
alive-gray,motion,L,long,hard,zxing,0,start,0,start,0,0,0
alive-gray,motion,L,long,hard,zxingcpp,0.107,crossed,,never,1,1,0.667
alive-gray,motion,L,long,hard,any,,never,,never,1,1,1
alive-gray,motion,M,long,front,jsqr,,never,,never,1,1,1
alive-gray,motion,M,long,front,zxing,,never,,never,1,1,1
alive-gray,motion,M,long,front,zxingcpp,,never,,never,1,1,1
alive-gray,motion,M,long,front,any,,never,,never,1,1,1
alive-gray,motion,M,long,phone,jsqr,0.357,crossed,,never,1,1,0.667
alive-gray,motion,M,long,phone,zxing,0,start,0,start,0.333,0.333,0.333
alive-gray,motion,M,long,phone,zxingcpp,,never,,never,1,1,1
alive-gray,motion,M,long,phone,any,,never,,never,1,1,1
alive-gray,motion,M,long,hard,jsqr,0,start,0,start,0,0,0
alive-gray,motion,M,long,hard,zxing,0,start,0,start,0,0,0
alive-gray,motion,M,long,hard,zxingcpp,,never,,never,1,1,1
alive-gray,motion,M,long,hard,any,,never,,never,1,1,1
alive-gray,motion,Q,long,front,jsqr,,never,,never,1,1,1
alive-gray,motion,Q,long,front,zxing,,never,,never,1,1,1
alive-gray,motion,Q,long,front,zxingcpp,,never,,never,1,1,1
alive-gray,motion,Q,long,front,any,,never,,never,1,1,1
alive-gray,motion,Q,long,phone,jsqr,0,start,0,start,0,0.333,0
alive-gray,motion,Q,long,phone,zxing,0,start,0,start,0,0,0
alive-gray,motion,Q,long,phone,zxingcpp,,never,,never,1,1,1
alive-gray,motion,Q,long,phone,any,,never,,never,1,1,1
alive-gray,motion,Q,long,hard,jsqr,0,start,0,start,0.333,0,0
alive-gray,motion,Q,long,hard,zxing,0,start,0,start,0.333,0,0
alive-gray,motion,Q,long,hard,zxingcpp,,never,,never,1,1,1
alive-gray,motion,Q,long,hard,any,,never,,never,1,1,1
alive-gray,motion,H,long,front,jsqr,0,start,,never,0.667,0.667,0.667
alive-gray,motion,H,long,front,zxing,0,start,,never,0.667,0.667,0.667
alive-gray,motion,H,long,front,zxingcpp,,never,,never,1,1,1
alive-gray,motion,H,long,front,any,,never,,never,1,1,1
alive-gray,motion,H,long,phone,jsqr,0,start,0,start,0.333,0.333,0
alive-gray,motion,H,long,phone,zxing,0,start,0,start,0,0,0
alive-gray,motion,H,long,phone,zxingcpp,,never,,never,1,1,1
alive-gray,motion,H,long,phone,any,,never,,never,1,1,1
alive-gray,motion,H,long,hard,jsqr,0,start,0,start,0,0,0
alive-gray,motion,H,long,hard,zxing,0,start,0,start,0.333,0.333,0
alive-gray,motion,H,long,hard,zxingcpp,,never,,never,1,1,1
alive-gray,motion,H,long,hard,any,,never,,never,1,1,1
time50-clear,motion,L,all,front,jsqr,0.371,crossed,0.54,crossed,1,0.889,0.111
time50-clear,motion,L,all,front,zxing,0,start,0.46,crossed,0.889,0.889,0
time50-clear,motion,L,all,front,zxingcpp,0.242,crossed,0.625,crossed,1,1,0.333
time50-clear,motion,L,all,front,any,0.572,crossed,0.643,crossed,1,1,0.333
time50-clear,motion,L,all,phone,jsqr,0.036,crossed,0.397,crossed,1,0.778,0
time50-clear,motion,L,all,phone,zxing,0,start,0,start,0.444,0.556,0
time50-clear,motion,L,all,phone,zxingcpp,0,start,0.02,crossed,0.556,0.778,0.333
time50-clear,motion,L,all,phone,any,0.411,crossed,0.603,crossed,1,1,0.333
time50-clear,motion,L,all,hard,jsqr,0,start,0,start,0,0,0
time50-clear,motion,L,all,hard,zxing,0,start,0,start,0,0,0
time50-clear,motion,L,all,hard,zxingcpp,0,start,0,start,0.111,0.111,0
time50-clear,motion,L,all,hard,any,0,start,0,start,0.111,0.111,0
time50-clear,motion,M,all,front,jsqr,0.286,crossed,0.614,crossed,1,0.889,0.222
time50-clear,motion,M,all,front,zxing,0.286,crossed,0.603,crossed,1,0.889,0.333
time50-clear,motion,M,all,front,zxingcpp,0.661,crossed,,never,1,1,0.778
time50-clear,motion,M,all,front,any,0.661,crossed,,never,1,1,0.889
time50-clear,motion,M,all,phone,jsqr,0.072,crossed,0.397,crossed,1,0.778,0.111
time50-clear,motion,M,all,phone,zxing,0,start,0.21,crossed,0.889,0.889,0.222
time50-clear,motion,M,all,phone,zxingcpp,0.024,crossed,,never,1,1,0.556
time50-clear,motion,M,all,phone,any,0.572,crossed,,never,1,1,0.667
time50-clear,motion,M,all,hard,jsqr,0,start,0,start,0.111,0,0
time50-clear,motion,M,all,hard,zxing,0,start,0,start,0,0,0
time50-clear,motion,M,all,hard,zxingcpp,0,start,0,start,0.333,0.333,0
time50-clear,motion,M,all,hard,any,0,start,0,start,0.444,0.333,0
time50-clear,motion,Q,all,front,jsqr,0.161,crossed,,never,1,0.889,0.667
time50-clear,motion,Q,all,front,zxing,0,start,0.27,crossed,0.889,0.667,0.222
time50-clear,motion,Q,all,front,zxingcpp,0.742,crossed,,never,1,1,0.889
time50-clear,motion,Q,all,front,any,,never,,never,1,1,1
time50-clear,motion,Q,all,phone,jsqr,0,start,0.397,crossed,0.889,0.444,0.111
time50-clear,motion,Q,all,phone,zxing,0,start,0.31,crossed,0.778,0.667,0.222
time50-clear,motion,Q,all,phone,zxingcpp,0.572,crossed,,never,1,1,0.778
time50-clear,motion,Q,all,phone,any,0.62,crossed,,never,1,1,0.778
time50-clear,motion,Q,all,hard,jsqr,0,start,0,start,0.222,0,0
time50-clear,motion,Q,all,hard,zxing,0,start,0,start,0,0,0
time50-clear,motion,Q,all,hard,zxingcpp,0,start,0.04,crossed,0.556,0.667,0.333
time50-clear,motion,Q,all,hard,any,0,start,0.54,crossed,0.667,0.667,0.333
time50-clear,motion,H,all,front,jsqr,0.194,crossed,0.46,crossed,1,0.778,0.333
time50-clear,motion,H,all,front,zxing,0.161,crossed,0.46,crossed,1,0.778,0.333
time50-clear,motion,H,all,front,zxingcpp,,never,,never,1,1,1
time50-clear,motion,H,all,front,any,,never,,never,1,1,1
time50-clear,motion,H,all,phone,jsqr,0,start,0.31,crossed,0.667,0.667,0.111
time50-clear,motion,H,all,phone,zxing,0,start,0.29,crossed,0.667,0.667,0
time50-clear,motion,H,all,phone,zxingcpp,,never,,never,1,1,1
time50-clear,motion,H,all,phone,any,,never,,never,1,1,1
time50-clear,motion,H,all,hard,jsqr,0,start,0,start,0.333,0.333,0.333
time50-clear,motion,H,all,hard,zxing,0,start,0,start,0.111,0.111,0
time50-clear,motion,H,all,hard,zxingcpp,0,start,0.103,crossed,0.667,0.333,0.333
time50-clear,motion,H,all,hard,any,0,start,,never,0.778,0.778,0.667
time50-clear,motion,L,short,front,jsqr,0.524,crossed,0.602,crossed,1,1,0
time50-clear,motion,L,short,front,zxing,0.428,crossed,0.46,crossed,1,1,0
time50-clear,motion,L,short,front,zxingcpp,0.357,crossed,0.46,crossed,1,1,0
time50-clear,motion,L,short,front,any,0.524,crossed,0.602,crossed,1,1,0
time50-clear,motion,L,short,phone,jsqr,0.344,crossed,0.397,crossed,1,1,0
time50-clear,motion,L,short,phone,zxing,0,start,0,start,0,1,0
time50-clear,motion,L,short,phone,zxingcpp,0,start,0.02,crossed,0.667,1,0
time50-clear,motion,L,short,phone,any,0.357,crossed,0.44,crossed,1,1,0
time50-clear,motion,L,short,hard,jsqr,0,start,0,start,0,0,0
time50-clear,motion,L,short,hard,zxing,0,start,0,start,0,0,0
time50-clear,motion,L,short,hard,zxingcpp,0,start,0,start,0,0,0
time50-clear,motion,L,short,hard,any,0,start,0,start,0,0,0
time50-clear,motion,M,short,front,jsqr,0.589,crossed,0.625,crossed,1,1,0
time50-clear,motion,M,short,front,zxing,0.524,crossed,0.625,crossed,1,1,0.333
time50-clear,motion,M,short,front,zxingcpp,0.607,crossed,0.71,crossed,1,1,0.333
time50-clear,motion,M,short,front,any,0.607,crossed,,never,1,1,0.667
time50-clear,motion,M,short,phone,jsqr,0.512,crossed,0.56,crossed,1,1,0
time50-clear,motion,M,short,phone,zxing,0,start,0.125,crossed,0.667,1,0
time50-clear,motion,M,short,phone,zxingcpp,0.008,crossed,0.04,crossed,1,1,0
time50-clear,motion,M,short,phone,any,0.524,crossed,0.625,crossed,1,1,0
time50-clear,motion,M,short,hard,jsqr,0,start,0,start,0,0,0
time50-clear,motion,M,short,hard,zxing,0,start,0,start,0,0,0
time50-clear,motion,M,short,hard,zxingcpp,0,start,0,start,0,0.333,0
time50-clear,motion,M,short,hard,any,0,start,0,start,0,0.333,0
time50-clear,motion,Q,short,front,jsqr,0.774,crossed,,never,1,1,0.667
time50-clear,motion,Q,short,front,zxing,0,start,0.04,crossed,0.667,0.333,0
time50-clear,motion,Q,short,front,zxingcpp,0.694,crossed,,never,1,1,0.667
time50-clear,motion,Q,short,front,any,,never,,never,1,1,1
time50-clear,motion,Q,short,phone,jsqr,0.593,crossed,0.648,crossed,1,1,0
time50-clear,motion,Q,short,phone,zxing,0.262,crossed,0.31,crossed,1,1,0
time50-clear,motion,Q,short,phone,zxingcpp,0.524,crossed,0.625,crossed,1,1,0.333
time50-clear,motion,Q,short,phone,any,0.593,crossed,0.648,crossed,1,1,0.333
time50-clear,motion,Q,short,hard,jsqr,0,start,0.04,crossed,0.667,0,0
time50-clear,motion,Q,short,hard,zxing,0,start,0,start,0,0,0
time50-clear,motion,Q,short,hard,zxingcpp,0,start,0.375,crossed,0.667,1,0
time50-clear,motion,Q,short,hard,any,0.024,crossed,0.52,crossed,1,1,0
time50-clear,motion,H,short,front,jsqr,,never,,never,1,1,1
time50-clear,motion,H,short,front,zxing,,never,,never,1,1,1
time50-clear,motion,H,short,front,zxingcpp,,never,,never,1,1,1
time50-clear,motion,H,short,front,any,,never,,never,1,1,1
time50-clear,motion,H,short,phone,jsqr,0.444,crossed,0.54,crossed,1,1,0.333
time50-clear,motion,H,short,phone,zxing,0.444,crossed,0.52,crossed,1,1,0
time50-clear,motion,H,short,phone,zxingcpp,,never,,never,1,1,1
time50-clear,motion,H,short,phone,any,,never,,never,1,1,1
time50-clear,motion,H,short,hard,jsqr,0,start,0.898,crossed,0.667,0.333,0.333
time50-clear,motion,H,short,hard,zxing,0,start,0,start,0.333,0.333,0
time50-clear,motion,H,short,hard,zxingcpp,0,start,0,start,0.333,0,0
time50-clear,motion,H,short,hard,any,0,start,,never,0.667,0.667,0.667
time50-clear,motion,L,url,front,jsqr,0.444,crossed,0.602,crossed,1,1,0
time50-clear,motion,L,url,front,zxing,0.589,crossed,0.625,crossed,1,1,0
time50-clear,motion,L,url,front,zxingcpp,0.194,crossed,0.625,crossed,1,1,0
time50-clear,motion,L,url,front,any,0.589,crossed,0.625,crossed,1,1,0
time50-clear,motion,L,url,phone,jsqr,0.444,crossed,0.54,crossed,1,1,0
time50-clear,motion,L,url,phone,zxing,0,start,0.103,crossed,0.667,0.333,0
time50-clear,motion,L,url,phone,zxingcpp,0,start,0,start,0,0.333,0
time50-clear,motion,L,url,phone,any,0.444,crossed,0.602,crossed,1,1,0
time50-clear,motion,L,url,hard,jsqr,0,start,0,start,0,0,0
time50-clear,motion,L,url,hard,zxing,0,start,0,start,0,0,0
time50-clear,motion,L,url,hard,zxingcpp,0,start,0,start,0,0,0
time50-clear,motion,L,url,hard,any,0,start,0,start,0,0,0
time50-clear,motion,M,url,front,jsqr,0.607,crossed,,never,1,1,0.667
time50-clear,motion,M,url,front,zxing,0.607,crossed,,never,1,1,0.667
time50-clear,motion,M,url,front,zxingcpp,0.774,crossed,,never,1,1,0.667
time50-clear,motion,M,url,front,any,,never,,never,1,1,1
time50-clear,motion,M,url,phone,jsqr,0.344,crossed,0.397,crossed,1,0.667,0
time50-clear,motion,M,url,phone,zxing,0.274,crossed,0.375,crossed,1,1,0.333
time50-clear,motion,M,url,phone,zxingcpp,0.094,crossed,0.148,crossed,1,1,0.333
time50-clear,motion,M,url,phone,any,0.774,crossed,,never,1,1,0.667
time50-clear,motion,M,url,hard,jsqr,0,start,0,start,0.333,0,0
time50-clear,motion,M,url,hard,zxing,0,start,0,start,0,0,0
time50-clear,motion,M,url,hard,zxingcpp,0,start,0,start,0,0,0
time50-clear,motion,M,url,hard,any,0,start,0,start,0.333,0,0
time50-clear,motion,Q,url,front,jsqr,,never,,never,1,1,1
time50-clear,motion,Q,url,front,zxing,0.607,crossed,,never,1,1,0.667
time50-clear,motion,Q,url,front,zxingcpp,,never,,never,1,1,1
time50-clear,motion,Q,url,front,any,,never,,never,1,1,1
time50-clear,motion,Q,url,phone,jsqr,0.344,crossed,0.397,crossed,1,0.333,0.333
time50-clear,motion,Q,url,phone,zxing,0.344,crossed,0.397,crossed,1,1,0
time50-clear,motion,Q,url,phone,zxingcpp,0.774,crossed,,never,1,1,0.667
time50-clear,motion,Q,url,phone,any,,never,,never,1,1,1
time50-clear,motion,Q,url,hard,jsqr,0,start,0,start,0,0,0
time50-clear,motion,Q,url,hard,zxing,0,start,0,start,0,0,0
time50-clear,motion,Q,url,hard,zxingcpp,0,start,0,start,0,0,0
time50-clear,motion,Q,url,hard,any,0,start,0,start,0,0,0
time50-clear,motion,H,url,front,jsqr,0.428,crossed,0.46,crossed,1,1,0
time50-clear,motion,H,url,front,zxing,0.107,crossed,0.46,crossed,1,1,0
time50-clear,motion,H,url,front,zxingcpp,,never,,never,1,1,1
time50-clear,motion,H,url,front,any,,never,,never,1,1,1
time50-clear,motion,H,url,phone,jsqr,0.262,crossed,0.31,crossed,1,1,0
time50-clear,motion,H,url,phone,zxing,0.024,crossed,0.29,crossed,1,1,0
time50-clear,motion,H,url,phone,zxingcpp,,never,,never,1,1,1
time50-clear,motion,H,url,phone,any,,never,,never,1,1,1
time50-clear,motion,H,url,hard,jsqr,0,start,0,start,0.333,0.667,0
time50-clear,motion,H,url,hard,zxing,0,start,0,start,0,0,0
time50-clear,motion,H,url,hard,zxingcpp,0,start,0.04,crossed,0.667,0,0
time50-clear,motion,H,url,hard,any,0,start,0.353,crossed,0.667,0.667,0
time50-clear,motion,L,long,front,jsqr,0.344,crossed,0.397,crossed,1,0.667,0
time50-clear,motion,L,long,front,zxing,0,start,0.375,crossed,0.667,0.667,0
time50-clear,motion,L,long,front,zxingcpp,,never,,never,1,1,1
time50-clear,motion,L,long,front,any,,never,,never,1,1,1
time50-clear,motion,L,long,phone,jsqr,0.012,crossed,0.06,crossed,1,0.333,0
time50-clear,motion,L,long,phone,zxing,0,start,0.02,crossed,0.667,0.333,0
time50-clear,motion,L,long,phone,zxingcpp,,never,,never,1,1,1
time50-clear,motion,L,long,phone,any,,never,,never,1,1,1
time50-clear,motion,L,long,hard,jsqr,0,start,0,start,0,0,0
time50-clear,motion,L,long,hard,zxing,0,start,0,start,0,0,0
time50-clear,motion,L,long,hard,zxingcpp,0,start,0,start,0.333,0.333,0
time50-clear,motion,L,long,hard,any,0,start,0,start,0.333,0.333,0
time50-clear,motion,M,long,front,jsqr,0.262,crossed,0.31,crossed,1,0.667,0
time50-clear,motion,M,long,front,zxing,0.262,crossed,0.31,crossed,1,0.667,0
time50-clear,motion,M,long,front,zxingcpp,,never,,never,1,1,1
time50-clear,motion,M,long,front,any,,never,,never,1,1,1
time50-clear,motion,M,long,phone,jsqr,0.024,crossed,0.125,crossed,1,0.667,0
time50-clear,motion,M,long,phone,zxing,0.012,crossed,0.06,crossed,1,0.667,0
time50-clear,motion,M,long,phone,zxingcpp,,never,,never,1,1,1
time50-clear,motion,M,long,phone,any,,never,,never,1,1,1
time50-clear,motion,M,long,hard,jsqr,0,start,0,start,0,0,0
time50-clear,motion,M,long,hard,zxing,0,start,0,start,0,0,0
time50-clear,motion,M,long,hard,zxingcpp,0.024,crossed,0.125,crossed,1,0.667,0
time50-clear,motion,M,long,hard,any,0.024,crossed,0.125,crossed,1,0.667,0
time50-clear,motion,Q,long,front,jsqr,0.107,crossed,0.29,crossed,1,0.667,0
time50-clear,motion,Q,long,front,zxing,0.094,crossed,0.148,crossed,1,0.667,0
time50-clear,motion,Q,long,front,zxingcpp,,never,,never,1,1,1
time50-clear,motion,Q,long,front,any,,never,,never,1,1,1
time50-clear,motion,Q,long,phone,jsqr,0,start,0.04,crossed,0.667,0,0
time50-clear,motion,Q,long,phone,zxing,0,start,0,start,0.333,0,0
time50-clear,motion,Q,long,phone,zxingcpp,,never,,never,1,1,1
time50-clear,motion,Q,long,phone,any,,never,,never,1,1,1
time50-clear,motion,Q,long,hard,jsqr,0,start,0,start,0,0,0
time50-clear,motion,Q,long,hard,zxing,0,start,0,start,0,0,0
time50-clear,motion,Q,long,hard,zxingcpp,0.024,crossed,,never,1,1,0.667
time50-clear,motion,Q,long,hard,any,0.024,crossed,,never,1,1,0.667
time50-clear,motion,H,long,front,jsqr,0.178,crossed,0.21,crossed,1,0.333,0
time50-clear,motion,H,long,front,zxing,0.178,crossed,0.21,crossed,1,0.333,0
time50-clear,motion,H,long,front,zxingcpp,,never,,never,1,1,1
time50-clear,motion,H,long,front,any,,never,,never,1,1,1
time50-clear,motion,H,long,phone,jsqr,0,start,0,start,0,0,0
time50-clear,motion,H,long,phone,zxing,0,start,0,start,0,0,0
time50-clear,motion,H,long,phone,zxingcpp,,never,,never,1,1,1
time50-clear,motion,H,long,phone,any,,never,,never,1,1,1
time50-clear,motion,H,long,hard,jsqr,0,start,0,start,0,0,0
time50-clear,motion,H,long,hard,zxing,0,start,0,start,0,0,0
time50-clear,motion,H,long,hard,zxingcpp,0.274,crossed,,never,1,1,0.667
time50-clear,motion,H,long,hard,any,0.274,crossed,,never,1,1,0.667
time100-clear,motion,L,all,front,jsqr,0,start,0,start,0,0,0
time100-clear,motion,L,all,front,zxing,0,start,0,start,0,0,0
time100-clear,motion,L,all,front,zxingcpp,0,start,0,start,0.111,0.333,0
time100-clear,motion,L,all,front,any,0,start,0,start,0.111,0.333,0
time100-clear,motion,L,all,phone,jsqr,0,start,0,start,0,0,0
time100-clear,motion,L,all,phone,zxing,0,start,0,start,0,0,0
time100-clear,motion,L,all,phone,zxingcpp,0,start,0,start,0,0,0
time100-clear,motion,L,all,phone,any,0,start,0,start,0,0,0
time100-clear,motion,L,all,hard,jsqr,0,start,0,start,0,0,0
time100-clear,motion,L,all,hard,zxing,0,start,0,start,0,0,0
time100-clear,motion,L,all,hard,zxingcpp,0,start,0,start,0,0,0
time100-clear,motion,L,all,hard,any,0,start,0,start,0,0,0
time100-clear,motion,M,all,front,jsqr,0,start,0,start,0,0,0
time100-clear,motion,M,all,front,zxing,0,start,0,start,0,0,0
time100-clear,motion,M,all,front,zxingcpp,0,start,0,start,0.333,0.333,0.222
time100-clear,motion,M,all,front,any,0,start,0,start,0.333,0.333,0.222
time100-clear,motion,M,all,phone,jsqr,0,start,0,start,0,0,0
time100-clear,motion,M,all,phone,zxing,0,start,0,start,0,0,0
time100-clear,motion,M,all,phone,zxingcpp,0,start,0,start,0,0.333,0
time100-clear,motion,M,all,phone,any,0,start,0,start,0,0.333,0
time100-clear,motion,M,all,hard,jsqr,0,start,0,start,0,0,0
time100-clear,motion,M,all,hard,zxing,0,start,0,start,0,0,0
time100-clear,motion,M,all,hard,zxingcpp,0,start,0,start,0,0,0
time100-clear,motion,M,all,hard,any,0,start,0,start,0,0,0
time100-clear,motion,Q,all,front,jsqr,0,start,0,start,0,0,0
time100-clear,motion,Q,all,front,zxing,0,start,0,start,0,0,0
time100-clear,motion,Q,all,front,zxingcpp,0,start,0,start,0.333,0.333,0.333
time100-clear,motion,Q,all,front,any,0,start,0,start,0.333,0.333,0.333
time100-clear,motion,Q,all,phone,jsqr,0,start,0,start,0,0,0
time100-clear,motion,Q,all,phone,zxing,0,start,0,start,0,0,0
time100-clear,motion,Q,all,phone,zxingcpp,0,start,0,start,0.333,0.333,0.222
time100-clear,motion,Q,all,phone,any,0,start,0,start,0.333,0.333,0.222
time100-clear,motion,Q,all,hard,jsqr,0,start,0,start,0,0,0
time100-clear,motion,Q,all,hard,zxing,0,start,0,start,0,0,0
time100-clear,motion,Q,all,hard,zxingcpp,0,start,0,start,0,0,0
time100-clear,motion,Q,all,hard,any,0,start,0,start,0,0,0
time100-clear,motion,H,all,front,jsqr,0,start,0,start,0,0,0
time100-clear,motion,H,all,front,zxing,0,start,0,start,0,0,0
time100-clear,motion,H,all,front,zxingcpp,0,start,0,start,0.333,0.333,0.333
time100-clear,motion,H,all,front,any,0,start,0,start,0.333,0.333,0.333
time100-clear,motion,H,all,phone,jsqr,0,start,0,start,0,0,0
time100-clear,motion,H,all,phone,zxing,0,start,0,start,0,0,0
time100-clear,motion,H,all,phone,zxingcpp,0,start,0,start,0.333,0.333,0.222
time100-clear,motion,H,all,phone,any,0,start,0,start,0.333,0.333,0.222
time100-clear,motion,H,all,hard,jsqr,0,start,0,start,0,0,0
time100-clear,motion,H,all,hard,zxing,0,start,0,start,0,0,0
time100-clear,motion,H,all,hard,zxingcpp,0,start,0,start,0,0,0
time100-clear,motion,H,all,hard,any,0,start,0,start,0,0,0
time100-clear,motion,L,short,front,jsqr,0,start,0,start,0,0,0
time100-clear,motion,L,short,front,zxing,0,start,0,start,0,0,0
time100-clear,motion,L,short,front,zxingcpp,0,start,0,start,0,0,0
time100-clear,motion,L,short,front,any,0,start,0,start,0,0,0
time100-clear,motion,L,short,phone,jsqr,0,start,0,start,0,0,0
time100-clear,motion,L,short,phone,zxing,0,start,0,start,0,0,0
time100-clear,motion,L,short,phone,zxingcpp,0,start,0,start,0,0,0
time100-clear,motion,L,short,phone,any,0,start,0,start,0,0,0
time100-clear,motion,L,short,hard,jsqr,0,start,0,start,0,0,0
time100-clear,motion,L,short,hard,zxing,0,start,0,start,0,0,0
time100-clear,motion,L,short,hard,zxingcpp,0,start,0,start,0,0,0
time100-clear,motion,L,short,hard,any,0,start,0,start,0,0,0
time100-clear,motion,M,short,front,jsqr,0,start,0,start,0,0,0
time100-clear,motion,M,short,front,zxing,0,start,0,start,0,0,0
time100-clear,motion,M,short,front,zxingcpp,0,start,0,start,0,0,0
time100-clear,motion,M,short,front,any,0,start,0,start,0,0,0
time100-clear,motion,M,short,phone,jsqr,0,start,0,start,0,0,0
time100-clear,motion,M,short,phone,zxing,0,start,0,start,0,0,0
time100-clear,motion,M,short,phone,zxingcpp,0,start,0,start,0,0,0
time100-clear,motion,M,short,phone,any,0,start,0,start,0,0,0
time100-clear,motion,M,short,hard,jsqr,0,start,0,start,0,0,0
time100-clear,motion,M,short,hard,zxing,0,start,0,start,0,0,0
time100-clear,motion,M,short,hard,zxingcpp,0,start,0,start,0,0,0
time100-clear,motion,M,short,hard,any,0,start,0,start,0,0,0
time100-clear,motion,Q,short,front,jsqr,0,start,0,start,0,0,0
time100-clear,motion,Q,short,front,zxing,0,start,0,start,0,0,0
time100-clear,motion,Q,short,front,zxingcpp,0,start,0,start,0,0,0
time100-clear,motion,Q,short,front,any,0,start,0,start,0,0,0
time100-clear,motion,Q,short,phone,jsqr,0,start,0,start,0,0,0
time100-clear,motion,Q,short,phone,zxing,0,start,0,start,0,0,0
time100-clear,motion,Q,short,phone,zxingcpp,0,start,0,start,0,0,0
time100-clear,motion,Q,short,phone,any,0,start,0,start,0,0,0
time100-clear,motion,Q,short,hard,jsqr,0,start,0,start,0,0,0
time100-clear,motion,Q,short,hard,zxing,0,start,0,start,0,0,0
time100-clear,motion,Q,short,hard,zxingcpp,0,start,0,start,0,0,0
time100-clear,motion,Q,short,hard,any,0,start,0,start,0,0,0
time100-clear,motion,H,short,front,jsqr,0,start,0,start,0,0,0
time100-clear,motion,H,short,front,zxing,0,start,0,start,0,0,0
time100-clear,motion,H,short,front,zxingcpp,0,start,0,start,0,0,0
time100-clear,motion,H,short,front,any,0,start,0,start,0,0,0
time100-clear,motion,H,short,phone,jsqr,0,start,0,start,0,0,0
time100-clear,motion,H,short,phone,zxing,0,start,0,start,0,0,0
time100-clear,motion,H,short,phone,zxingcpp,0,start,0,start,0,0,0
time100-clear,motion,H,short,phone,any,0,start,0,start,0,0,0
time100-clear,motion,H,short,hard,jsqr,0,start,0,start,0,0,0
time100-clear,motion,H,short,hard,zxing,0,start,0,start,0,0,0
time100-clear,motion,H,short,hard,zxingcpp,0,start,0,start,0,0,0
time100-clear,motion,H,short,hard,any,0,start,0,start,0,0,0
time100-clear,motion,L,url,front,jsqr,0,start,0,start,0,0,0
time100-clear,motion,L,url,front,zxing,0,start,0,start,0,0,0
time100-clear,motion,L,url,front,zxingcpp,0,start,0,start,0,0,0
time100-clear,motion,L,url,front,any,0,start,0,start,0,0,0
time100-clear,motion,L,url,phone,jsqr,0,start,0,start,0,0,0
time100-clear,motion,L,url,phone,zxing,0,start,0,start,0,0,0
time100-clear,motion,L,url,phone,zxingcpp,0,start,0,start,0,0,0
time100-clear,motion,L,url,phone,any,0,start,0,start,0,0,0
time100-clear,motion,L,url,hard,jsqr,0,start,0,start,0,0,0
time100-clear,motion,L,url,hard,zxing,0,start,0,start,0,0,0
time100-clear,motion,L,url,hard,zxingcpp,0,start,0,start,0,0,0
time100-clear,motion,L,url,hard,any,0,start,0,start,0,0,0
time100-clear,motion,M,url,front,jsqr,0,start,0,start,0,0,0
time100-clear,motion,M,url,front,zxing,0,start,0,start,0,0,0
time100-clear,motion,M,url,front,zxingcpp,0,start,0,start,0,0,0
time100-clear,motion,M,url,front,any,0,start,0,start,0,0,0
time100-clear,motion,M,url,phone,jsqr,0,start,0,start,0,0,0
time100-clear,motion,M,url,phone,zxing,0,start,0,start,0,0,0
time100-clear,motion,M,url,phone,zxingcpp,0,start,0,start,0,0,0
time100-clear,motion,M,url,phone,any,0,start,0,start,0,0,0
time100-clear,motion,M,url,hard,jsqr,0,start,0,start,0,0,0
time100-clear,motion,M,url,hard,zxing,0,start,0,start,0,0,0
time100-clear,motion,M,url,hard,zxingcpp,0,start,0,start,0,0,0
time100-clear,motion,M,url,hard,any,0,start,0,start,0,0,0
time100-clear,motion,Q,url,front,jsqr,0,start,0,start,0,0,0
time100-clear,motion,Q,url,front,zxing,0,start,0,start,0,0,0
time100-clear,motion,Q,url,front,zxingcpp,0,start,0,start,0,0,0
time100-clear,motion,Q,url,front,any,0,start,0,start,0,0,0
time100-clear,motion,Q,url,phone,jsqr,0,start,0,start,0,0,0
time100-clear,motion,Q,url,phone,zxing,0,start,0,start,0,0,0
time100-clear,motion,Q,url,phone,zxingcpp,0,start,0,start,0,0,0
time100-clear,motion,Q,url,phone,any,0,start,0,start,0,0,0
time100-clear,motion,Q,url,hard,jsqr,0,start,0,start,0,0,0
time100-clear,motion,Q,url,hard,zxing,0,start,0,start,0,0,0
time100-clear,motion,Q,url,hard,zxingcpp,0,start,0,start,0,0,0
time100-clear,motion,Q,url,hard,any,0,start,0,start,0,0,0
time100-clear,motion,H,url,front,jsqr,0,start,0,start,0,0,0
time100-clear,motion,H,url,front,zxing,0,start,0,start,0,0,0
time100-clear,motion,H,url,front,zxingcpp,0,start,0,start,0,0,0
time100-clear,motion,H,url,front,any,0,start,0,start,0,0,0
time100-clear,motion,H,url,phone,jsqr,0,start,0,start,0,0,0
time100-clear,motion,H,url,phone,zxing,0,start,0,start,0,0,0
time100-clear,motion,H,url,phone,zxingcpp,0,start,0,start,0,0,0
time100-clear,motion,H,url,phone,any,0,start,0,start,0,0,0
time100-clear,motion,H,url,hard,jsqr,0,start,0,start,0,0,0
time100-clear,motion,H,url,hard,zxing,0,start,0,start,0,0,0
time100-clear,motion,H,url,hard,zxingcpp,0,start,0,start,0,0,0
time100-clear,motion,H,url,hard,any,0,start,0,start,0,0,0
time100-clear,motion,L,long,front,jsqr,0,start,0,start,0,0,0
time100-clear,motion,L,long,front,zxing,0,start,0,start,0,0,0
time100-clear,motion,L,long,front,zxingcpp,0,start,0,start,0.333,1,0
time100-clear,motion,L,long,front,any,0,start,0,start,0.333,1,0
time100-clear,motion,L,long,phone,jsqr,0,start,0,start,0,0,0
time100-clear,motion,L,long,phone,zxing,0,start,0,start,0,0,0
time100-clear,motion,L,long,phone,zxingcpp,0,start,0,start,0,0,0
time100-clear,motion,L,long,phone,any,0,start,0,start,0,0,0
time100-clear,motion,L,long,hard,jsqr,0,start,0,start,0,0,0
time100-clear,motion,L,long,hard,zxing,0,start,0,start,0,0,0
time100-clear,motion,L,long,hard,zxingcpp,0,start,0,start,0,0,0
time100-clear,motion,L,long,hard,any,0,start,0,start,0,0,0
time100-clear,motion,M,long,front,jsqr,0,start,0,start,0,0,0
time100-clear,motion,M,long,front,zxing,0,start,0,start,0,0,0
time100-clear,motion,M,long,front,zxingcpp,0.194,crossed,,never,1,1,0.667
time100-clear,motion,M,long,front,any,0.194,crossed,,never,1,1,0.667
time100-clear,motion,M,long,phone,jsqr,0,start,0,start,0,0,0
time100-clear,motion,M,long,phone,zxing,0,start,0,start,0,0,0
time100-clear,motion,M,long,phone,zxingcpp,0,start,0,start,0,1,0
time100-clear,motion,M,long,phone,any,0,start,0,start,0,1,0
time100-clear,motion,M,long,hard,jsqr,0,start,0,start,0,0,0
time100-clear,motion,M,long,hard,zxing,0,start,0,start,0,0,0
time100-clear,motion,M,long,hard,zxingcpp,0,start,0,start,0,0,0
time100-clear,motion,M,long,hard,any,0,start,0,start,0,0,0
time100-clear,motion,Q,long,front,jsqr,0,start,0,start,0,0,0
time100-clear,motion,Q,long,front,zxing,0,start,0,start,0,0,0
time100-clear,motion,Q,long,front,zxingcpp,,never,,never,1,1,1
time100-clear,motion,Q,long,front,any,,never,,never,1,1,1
time100-clear,motion,Q,long,phone,jsqr,0,start,0,start,0,0,0
time100-clear,motion,Q,long,phone,zxing,0,start,0,start,0,0,0
time100-clear,motion,Q,long,phone,zxingcpp,0.107,crossed,,never,1,1,0.667
time100-clear,motion,Q,long,phone,any,0.107,crossed,,never,1,1,0.667
time100-clear,motion,Q,long,hard,jsqr,0,start,0,start,0,0,0
time100-clear,motion,Q,long,hard,zxing,0,start,0,start,0,0,0
time100-clear,motion,Q,long,hard,zxingcpp,0,start,0,start,0,0,0
time100-clear,motion,Q,long,hard,any,0,start,0,start,0,0,0
time100-clear,motion,H,long,front,jsqr,0,start,0,start,0,0,0
time100-clear,motion,H,long,front,zxing,0,start,0,start,0,0,0
time100-clear,motion,H,long,front,zxingcpp,,never,,never,1,1,1
time100-clear,motion,H,long,front,any,,never,,never,1,1,1
time100-clear,motion,H,long,phone,jsqr,0,start,0,start,0,0,0
time100-clear,motion,H,long,phone,zxing,0,start,0,start,0,0,0
time100-clear,motion,H,long,phone,zxingcpp,0.194,crossed,,never,1,1,0.667
time100-clear,motion,H,long,phone,any,0.194,crossed,,never,1,1,0.667
time100-clear,motion,H,long,hard,jsqr,0,start,0,start,0,0,0
time100-clear,motion,H,long,hard,zxing,0,start,0,start,0,0,0
time100-clear,motion,H,long,hard,zxingcpp,0,start,0,start,0,0,0
time100-clear,motion,H,long,hard,any,0,start,0,start,0,0,0
time50,motion,L,all,front,jsqr,0,start,0,start,0,0,0
time50,motion,L,all,front,zxing,0,start,0,start,0,0,0
time50,motion,L,all,front,zxingcpp,0,start,0,start,0,0,0
time50,motion,L,all,front,any,0,start,0,start,0,0,0
time50,motion,L,all,phone,jsqr,0,start,0,start,0,0,0
time50,motion,L,all,phone,zxing,0,start,0,start,0,0,0
time50,motion,L,all,phone,zxingcpp,0,start,0,start,0,0,0
time50,motion,L,all,phone,any,0,start,0,start,0,0,0
time50,motion,L,all,hard,jsqr,0,start,0,start,0,0,0
time50,motion,L,all,hard,zxing,0,start,0,start,0,0,0
time50,motion,L,all,hard,zxingcpp,0,start,0,start,0,0,0
time50,motion,L,all,hard,any,0,start,0,start,0,0,0
time50,motion,M,all,front,jsqr,0,start,0,start,0,0,0
time50,motion,M,all,front,zxing,0,start,0,start,0,0,0
time50,motion,M,all,front,zxingcpp,0,start,0,start,0,0,0
time50,motion,M,all,front,any,0,start,0,start,0,0,0
time50,motion,M,all,phone,jsqr,0,start,0,start,0,0,0
time50,motion,M,all,phone,zxing,0,start,0,start,0,0,0
time50,motion,M,all,phone,zxingcpp,0,start,0,start,0,0,0
time50,motion,M,all,phone,any,0,start,0,start,0,0,0
time50,motion,M,all,hard,jsqr,0,start,0,start,0,0,0
time50,motion,M,all,hard,zxing,0,start,0,start,0,0,0
time50,motion,M,all,hard,zxingcpp,0,start,0,start,0,0,0
time50,motion,M,all,hard,any,0,start,0,start,0,0,0
time50,motion,Q,all,front,jsqr,0,start,0,start,0,0,0
time50,motion,Q,all,front,zxing,0,start,0,start,0,0,0
time50,motion,Q,all,front,zxingcpp,0,start,0,start,0,0,0
time50,motion,Q,all,front,any,0,start,0,start,0,0,0
time50,motion,Q,all,phone,jsqr,0,start,0,start,0,0,0
time50,motion,Q,all,phone,zxing,0,start,0,start,0,0,0
time50,motion,Q,all,phone,zxingcpp,0,start,0,start,0,0,0
time50,motion,Q,all,phone,any,0,start,0,start,0,0,0
time50,motion,Q,all,hard,jsqr,0,start,0,start,0,0,0
time50,motion,Q,all,hard,zxing,0,start,0,start,0,0,0
time50,motion,Q,all,hard,zxingcpp,0,start,0,start,0,0,0
time50,motion,Q,all,hard,any,0,start,0,start,0,0,0
time50,motion,H,all,front,jsqr,0,start,0,start,0,0,0
time50,motion,H,all,front,zxing,0,start,0,start,0,0,0
time50,motion,H,all,front,zxingcpp,0,start,0,start,0,0,0
time50,motion,H,all,front,any,0,start,0,start,0,0,0
time50,motion,H,all,phone,jsqr,0,start,0,start,0,0,0
time50,motion,H,all,phone,zxing,0,start,0,start,0,0,0
time50,motion,H,all,phone,zxingcpp,0,start,0,start,0,0,0
time50,motion,H,all,phone,any,0,start,0,start,0,0,0
time50,motion,H,all,hard,jsqr,0,start,0,start,0,0,0
time50,motion,H,all,hard,zxing,0,start,0,start,0,0,0
time50,motion,H,all,hard,zxingcpp,0,start,0,start,0,0,0
time50,motion,H,all,hard,any,0,start,0,start,0,0,0
time50,motion,L,short,front,jsqr,0,start,0,start,0,0,0
time50,motion,L,short,front,zxing,0,start,0,start,0,0,0
time50,motion,L,short,front,zxingcpp,0,start,0,start,0,0,0
time50,motion,L,short,front,any,0,start,0,start,0,0,0
time50,motion,L,short,phone,jsqr,0,start,0,start,0,0,0
time50,motion,L,short,phone,zxing,0,start,0,start,0,0,0
time50,motion,L,short,phone,zxingcpp,0,start,0,start,0,0,0
time50,motion,L,short,phone,any,0,start,0,start,0,0,0
time50,motion,L,short,hard,jsqr,0,start,0,start,0,0,0
time50,motion,L,short,hard,zxing,0,start,0,start,0,0,0
time50,motion,L,short,hard,zxingcpp,0,start,0,start,0,0,0
time50,motion,L,short,hard,any,0,start,0,start,0,0,0
time50,motion,M,short,front,jsqr,0,start,0,start,0,0,0
time50,motion,M,short,front,zxing,0,start,0,start,0,0,0
time50,motion,M,short,front,zxingcpp,0,start,0,start,0,0,0
time50,motion,M,short,front,any,0,start,0,start,0,0,0
time50,motion,M,short,phone,jsqr,0,start,0,start,0,0,0
time50,motion,M,short,phone,zxing,0,start,0,start,0,0,0
time50,motion,M,short,phone,zxingcpp,0,start,0,start,0,0,0
time50,motion,M,short,phone,any,0,start,0,start,0,0,0
time50,motion,M,short,hard,jsqr,0,start,0,start,0,0,0
time50,motion,M,short,hard,zxing,0,start,0,start,0,0,0
time50,motion,M,short,hard,zxingcpp,0,start,0,start,0,0,0
time50,motion,M,short,hard,any,0,start,0,start,0,0,0
time50,motion,Q,short,front,jsqr,0,start,0,start,0,0,0
time50,motion,Q,short,front,zxing,0,start,0,start,0,0,0
time50,motion,Q,short,front,zxingcpp,0,start,0,start,0,0,0
time50,motion,Q,short,front,any,0,start,0,start,0,0,0
time50,motion,Q,short,phone,jsqr,0,start,0,start,0,0,0
time50,motion,Q,short,phone,zxing,0,start,0,start,0,0,0
time50,motion,Q,short,phone,zxingcpp,0,start,0,start,0,0,0
time50,motion,Q,short,phone,any,0,start,0,start,0,0,0
time50,motion,Q,short,hard,jsqr,0,start,0,start,0,0,0
time50,motion,Q,short,hard,zxing,0,start,0,start,0,0,0
time50,motion,Q,short,hard,zxingcpp,0,start,0,start,0,0,0
time50,motion,Q,short,hard,any,0,start,0,start,0,0,0
time50,motion,H,short,front,jsqr,0,start,0,start,0,0,0
time50,motion,H,short,front,zxing,0,start,0,start,0,0,0
time50,motion,H,short,front,zxingcpp,0,start,0,start,0,0,0
time50,motion,H,short,front,any,0,start,0,start,0,0,0
time50,motion,H,short,phone,jsqr,0,start,0,start,0,0,0
time50,motion,H,short,phone,zxing,0,start,0,start,0,0,0
time50,motion,H,short,phone,zxingcpp,0,start,0,start,0,0,0
time50,motion,H,short,phone,any,0,start,0,start,0,0,0
time50,motion,H,short,hard,jsqr,0,start,0,start,0,0,0
time50,motion,H,short,hard,zxing,0,start,0,start,0,0,0
time50,motion,H,short,hard,zxingcpp,0,start,0,start,0,0,0
time50,motion,H,short,hard,any,0,start,0,start,0,0,0
time50,motion,L,url,front,jsqr,0,start,0,start,0,0,0
time50,motion,L,url,front,zxing,0,start,0,start,0,0,0
time50,motion,L,url,front,zxingcpp,0,start,0,start,0,0,0
time50,motion,L,url,front,any,0,start,0,start,0,0,0
time50,motion,L,url,phone,jsqr,0,start,0,start,0,0,0
time50,motion,L,url,phone,zxing,0,start,0,start,0,0,0
time50,motion,L,url,phone,zxingcpp,0,start,0,start,0,0,0
time50,motion,L,url,phone,any,0,start,0,start,0,0,0
time50,motion,L,url,hard,jsqr,0,start,0,start,0,0,0
time50,motion,L,url,hard,zxing,0,start,0,start,0,0,0
time50,motion,L,url,hard,zxingcpp,0,start,0,start,0,0,0
time50,motion,L,url,hard,any,0,start,0,start,0,0,0
time50,motion,M,url,front,jsqr,0,start,0,start,0,0,0
time50,motion,M,url,front,zxing,0,start,0,start,0,0,0
time50,motion,M,url,front,zxingcpp,0,start,0,start,0,0,0
time50,motion,M,url,front,any,0,start,0,start,0,0,0
time50,motion,M,url,phone,jsqr,0,start,0,start,0,0,0
time50,motion,M,url,phone,zxing,0,start,0,start,0,0,0
time50,motion,M,url,phone,zxingcpp,0,start,0,start,0,0,0
time50,motion,M,url,phone,any,0,start,0,start,0,0,0
time50,motion,M,url,hard,jsqr,0,start,0,start,0,0,0
time50,motion,M,url,hard,zxing,0,start,0,start,0,0,0
time50,motion,M,url,hard,zxingcpp,0,start,0,start,0,0,0
time50,motion,M,url,hard,any,0,start,0,start,0,0,0
time50,motion,Q,url,front,jsqr,0,start,0,start,0,0,0
time50,motion,Q,url,front,zxing,0,start,0,start,0,0,0
time50,motion,Q,url,front,zxingcpp,0,start,0,start,0,0,0
time50,motion,Q,url,front,any,0,start,0,start,0,0,0
time50,motion,Q,url,phone,jsqr,0,start,0,start,0,0,0
time50,motion,Q,url,phone,zxing,0,start,0,start,0,0,0
time50,motion,Q,url,phone,zxingcpp,0,start,0,start,0,0,0
time50,motion,Q,url,phone,any,0,start,0,start,0,0,0
time50,motion,Q,url,hard,jsqr,0,start,0,start,0,0,0
time50,motion,Q,url,hard,zxing,0,start,0,start,0,0,0
time50,motion,Q,url,hard,zxingcpp,0,start,0,start,0,0,0
time50,motion,Q,url,hard,any,0,start,0,start,0,0,0
time50,motion,H,url,front,jsqr,0,start,0,start,0,0,0
time50,motion,H,url,front,zxing,0,start,0,start,0,0,0
time50,motion,H,url,front,zxingcpp,0,start,0,start,0,0,0
time50,motion,H,url,front,any,0,start,0,start,0,0,0
time50,motion,H,url,phone,jsqr,0,start,0,start,0,0,0
time50,motion,H,url,phone,zxing,0,start,0,start,0,0,0
time50,motion,H,url,phone,zxingcpp,0,start,0,start,0,0,0
time50,motion,H,url,phone,any,0,start,0,start,0,0,0
time50,motion,H,url,hard,jsqr,0,start,0,start,0,0,0
time50,motion,H,url,hard,zxing,0,start,0,start,0,0,0
time50,motion,H,url,hard,zxingcpp,0,start,0,start,0,0,0
time50,motion,H,url,hard,any,0,start,0,start,0,0,0
time50,motion,L,long,front,jsqr,0,start,0,start,0,0,0
time50,motion,L,long,front,zxing,0,start,0,start,0,0,0
time50,motion,L,long,front,zxingcpp,0,start,0,start,0,0,0
time50,motion,L,long,front,any,0,start,0,start,0,0,0
time50,motion,L,long,phone,jsqr,0,start,0,start,0,0,0
time50,motion,L,long,phone,zxing,0,start,0,start,0,0,0
time50,motion,L,long,phone,zxingcpp,0,start,0,start,0,0,0
time50,motion,L,long,phone,any,0,start,0,start,0,0,0
time50,motion,L,long,hard,jsqr,0,start,0,start,0,0,0
time50,motion,L,long,hard,zxing,0,start,0,start,0,0,0
time50,motion,L,long,hard,zxingcpp,0,start,0,start,0,0,0
time50,motion,L,long,hard,any,0,start,0,start,0,0,0
time50,motion,M,long,front,jsqr,0,start,0,start,0,0,0
time50,motion,M,long,front,zxing,0,start,0,start,0,0,0
time50,motion,M,long,front,zxingcpp,0,start,0,start,0,0,0
time50,motion,M,long,front,any,0,start,0,start,0,0,0
time50,motion,M,long,phone,jsqr,0,start,0,start,0,0,0
time50,motion,M,long,phone,zxing,0,start,0,start,0,0,0
time50,motion,M,long,phone,zxingcpp,0,start,0,start,0,0,0
time50,motion,M,long,phone,any,0,start,0,start,0,0,0
time50,motion,M,long,hard,jsqr,0,start,0,start,0,0,0
time50,motion,M,long,hard,zxing,0,start,0,start,0,0,0
time50,motion,M,long,hard,zxingcpp,0,start,0,start,0,0,0
time50,motion,M,long,hard,any,0,start,0,start,0,0,0
time50,motion,Q,long,front,jsqr,0,start,0,start,0,0,0
time50,motion,Q,long,front,zxing,0,start,0,start,0,0,0
time50,motion,Q,long,front,zxingcpp,0,start,0,start,0,0,0
time50,motion,Q,long,front,any,0,start,0,start,0,0,0
time50,motion,Q,long,phone,jsqr,0,start,0,start,0,0,0
time50,motion,Q,long,phone,zxing,0,start,0,start,0,0,0
time50,motion,Q,long,phone,zxingcpp,0,start,0,start,0,0,0
time50,motion,Q,long,phone,any,0,start,0,start,0,0,0
time50,motion,Q,long,hard,jsqr,0,start,0,start,0,0,0
time50,motion,Q,long,hard,zxing,0,start,0,start,0,0,0
time50,motion,Q,long,hard,zxingcpp,0,start,0,start,0,0,0
time50,motion,Q,long,hard,any,0,start,0,start,0,0,0
time50,motion,H,long,front,jsqr,0,start,0,start,0,0,0
time50,motion,H,long,front,zxing,0,start,0,start,0,0,0
time50,motion,H,long,front,zxingcpp,0,start,0,start,0,0,0
time50,motion,H,long,front,any,0,start,0,start,0,0,0
time50,motion,H,long,phone,jsqr,0,start,0,start,0,0,0
time50,motion,H,long,phone,zxing,0,start,0,start,0,0,0
time50,motion,H,long,phone,zxingcpp,0,start,0,start,0,0,0
time50,motion,H,long,phone,any,0,start,0,start,0,0,0
time50,motion,H,long,hard,jsqr,0,start,0,start,0,0,0
time50,motion,H,long,hard,zxing,0,start,0,start,0,0,0
time50,motion,H,long,hard,zxingcpp,0,start,0,start,0,0,0
time50,motion,H,long,hard,any,0,start,0,start,0,0,0
time100,motion,L,all,front,jsqr,0,start,0,start,0,0,0
time100,motion,L,all,front,zxing,0,start,0,start,0,0,0
time100,motion,L,all,front,zxingcpp,0,start,0,start,0,0,0
time100,motion,L,all,front,any,0,start,0,start,0,0,0
time100,motion,L,all,phone,jsqr,0,start,0,start,0,0,0
time100,motion,L,all,phone,zxing,0,start,0,start,0,0,0
time100,motion,L,all,phone,zxingcpp,0,start,0,start,0,0,0
time100,motion,L,all,phone,any,0,start,0,start,0,0,0
time100,motion,L,all,hard,jsqr,0,start,0,start,0,0,0
time100,motion,L,all,hard,zxing,0,start,0,start,0,0,0
time100,motion,L,all,hard,zxingcpp,0,start,0,start,0,0,0
time100,motion,L,all,hard,any,0,start,0,start,0,0,0
time100,motion,M,all,front,jsqr,0,start,0,start,0,0,0
time100,motion,M,all,front,zxing,0,start,0,start,0,0,0
time100,motion,M,all,front,zxingcpp,0,start,0,start,0,0,0
time100,motion,M,all,front,any,0,start,0,start,0,0,0
time100,motion,M,all,phone,jsqr,0,start,0,start,0,0,0
time100,motion,M,all,phone,zxing,0,start,0,start,0,0,0
time100,motion,M,all,phone,zxingcpp,0,start,0,start,0,0,0
time100,motion,M,all,phone,any,0,start,0,start,0,0,0
time100,motion,M,all,hard,jsqr,0,start,0,start,0,0,0
time100,motion,M,all,hard,zxing,0,start,0,start,0,0,0
time100,motion,M,all,hard,zxingcpp,0,start,0,start,0,0,0
time100,motion,M,all,hard,any,0,start,0,start,0,0,0
time100,motion,Q,all,front,jsqr,0,start,0,start,0,0,0
time100,motion,Q,all,front,zxing,0,start,0,start,0,0,0
time100,motion,Q,all,front,zxingcpp,0,start,0,start,0,0,0
time100,motion,Q,all,front,any,0,start,0,start,0,0,0
time100,motion,Q,all,phone,jsqr,0,start,0,start,0,0,0
time100,motion,Q,all,phone,zxing,0,start,0,start,0,0,0
time100,motion,Q,all,phone,zxingcpp,0,start,0,start,0,0,0
time100,motion,Q,all,phone,any,0,start,0,start,0,0,0
time100,motion,Q,all,hard,jsqr,0,start,0,start,0,0,0
time100,motion,Q,all,hard,zxing,0,start,0,start,0,0,0
time100,motion,Q,all,hard,zxingcpp,0,start,0,start,0,0,0
time100,motion,Q,all,hard,any,0,start,0,start,0,0,0
time100,motion,H,all,front,jsqr,0,start,0,start,0,0,0
time100,motion,H,all,front,zxing,0,start,0,start,0,0,0
time100,motion,H,all,front,zxingcpp,0,start,0,start,0,0,0
time100,motion,H,all,front,any,0,start,0,start,0,0,0
time100,motion,H,all,phone,jsqr,0,start,0,start,0,0,0
time100,motion,H,all,phone,zxing,0,start,0,start,0,0,0
time100,motion,H,all,phone,zxingcpp,0,start,0,start,0,0,0
time100,motion,H,all,phone,any,0,start,0,start,0,0,0
time100,motion,H,all,hard,jsqr,0,start,0,start,0,0,0
time100,motion,H,all,hard,zxing,0,start,0,start,0,0,0
time100,motion,H,all,hard,zxingcpp,0,start,0,start,0,0,0
time100,motion,H,all,hard,any,0,start,0,start,0,0,0
time100,motion,L,short,front,jsqr,0,start,0,start,0,0,0
time100,motion,L,short,front,zxing,0,start,0,start,0,0,0
time100,motion,L,short,front,zxingcpp,0,start,0,start,0,0,0
time100,motion,L,short,front,any,0,start,0,start,0,0,0
time100,motion,L,short,phone,jsqr,0,start,0,start,0,0,0
time100,motion,L,short,phone,zxing,0,start,0,start,0,0,0
time100,motion,L,short,phone,zxingcpp,0,start,0,start,0,0,0
time100,motion,L,short,phone,any,0,start,0,start,0,0,0
time100,motion,L,short,hard,jsqr,0,start,0,start,0,0,0
time100,motion,L,short,hard,zxing,0,start,0,start,0,0,0
time100,motion,L,short,hard,zxingcpp,0,start,0,start,0,0,0
time100,motion,L,short,hard,any,0,start,0,start,0,0,0
time100,motion,M,short,front,jsqr,0,start,0,start,0,0,0
time100,motion,M,short,front,zxing,0,start,0,start,0,0,0
time100,motion,M,short,front,zxingcpp,0,start,0,start,0,0,0
time100,motion,M,short,front,any,0,start,0,start,0,0,0
time100,motion,M,short,phone,jsqr,0,start,0,start,0,0,0
time100,motion,M,short,phone,zxing,0,start,0,start,0,0,0
time100,motion,M,short,phone,zxingcpp,0,start,0,start,0,0,0
time100,motion,M,short,phone,any,0,start,0,start,0,0,0
time100,motion,M,short,hard,jsqr,0,start,0,start,0,0,0
time100,motion,M,short,hard,zxing,0,start,0,start,0,0,0
time100,motion,M,short,hard,zxingcpp,0,start,0,start,0,0,0
time100,motion,M,short,hard,any,0,start,0,start,0,0,0
time100,motion,Q,short,front,jsqr,0,start,0,start,0,0,0
time100,motion,Q,short,front,zxing,0,start,0,start,0,0,0
time100,motion,Q,short,front,zxingcpp,0,start,0,start,0,0,0
time100,motion,Q,short,front,any,0,start,0,start,0,0,0
time100,motion,Q,short,phone,jsqr,0,start,0,start,0,0,0
time100,motion,Q,short,phone,zxing,0,start,0,start,0,0,0
time100,motion,Q,short,phone,zxingcpp,0,start,0,start,0,0,0
time100,motion,Q,short,phone,any,0,start,0,start,0,0,0
time100,motion,Q,short,hard,jsqr,0,start,0,start,0,0,0
time100,motion,Q,short,hard,zxing,0,start,0,start,0,0,0
time100,motion,Q,short,hard,zxingcpp,0,start,0,start,0,0,0
time100,motion,Q,short,hard,any,0,start,0,start,0,0,0
time100,motion,H,short,front,jsqr,0,start,0,start,0,0,0
time100,motion,H,short,front,zxing,0,start,0,start,0,0,0
time100,motion,H,short,front,zxingcpp,0,start,0,start,0,0,0
time100,motion,H,short,front,any,0,start,0,start,0,0,0
time100,motion,H,short,phone,jsqr,0,start,0,start,0,0,0
time100,motion,H,short,phone,zxing,0,start,0,start,0,0,0
time100,motion,H,short,phone,zxingcpp,0,start,0,start,0,0,0
time100,motion,H,short,phone,any,0,start,0,start,0,0,0
time100,motion,H,short,hard,jsqr,0,start,0,start,0,0,0
time100,motion,H,short,hard,zxing,0,start,0,start,0,0,0
time100,motion,H,short,hard,zxingcpp,0,start,0,start,0,0,0
time100,motion,H,short,hard,any,0,start,0,start,0,0,0
time100,motion,L,url,front,jsqr,0,start,0,start,0,0,0
time100,motion,L,url,front,zxing,0,start,0,start,0,0,0
time100,motion,L,url,front,zxingcpp,0,start,0,start,0,0,0
time100,motion,L,url,front,any,0,start,0,start,0,0,0
time100,motion,L,url,phone,jsqr,0,start,0,start,0,0,0
time100,motion,L,url,phone,zxing,0,start,0,start,0,0,0
time100,motion,L,url,phone,zxingcpp,0,start,0,start,0,0,0
time100,motion,L,url,phone,any,0,start,0,start,0,0,0
time100,motion,L,url,hard,jsqr,0,start,0,start,0,0,0
time100,motion,L,url,hard,zxing,0,start,0,start,0,0,0
time100,motion,L,url,hard,zxingcpp,0,start,0,start,0,0,0
time100,motion,L,url,hard,any,0,start,0,start,0,0,0
time100,motion,M,url,front,jsqr,0,start,0,start,0,0,0
time100,motion,M,url,front,zxing,0,start,0,start,0,0,0
time100,motion,M,url,front,zxingcpp,0,start,0,start,0,0,0
time100,motion,M,url,front,any,0,start,0,start,0,0,0
time100,motion,M,url,phone,jsqr,0,start,0,start,0,0,0
time100,motion,M,url,phone,zxing,0,start,0,start,0,0,0
time100,motion,M,url,phone,zxingcpp,0,start,0,start,0,0,0
time100,motion,M,url,phone,any,0,start,0,start,0,0,0
time100,motion,M,url,hard,jsqr,0,start,0,start,0,0,0
time100,motion,M,url,hard,zxing,0,start,0,start,0,0,0
time100,motion,M,url,hard,zxingcpp,0,start,0,start,0,0,0
time100,motion,M,url,hard,any,0,start,0,start,0,0,0
time100,motion,Q,url,front,jsqr,0,start,0,start,0,0,0
time100,motion,Q,url,front,zxing,0,start,0,start,0,0,0
time100,motion,Q,url,front,zxingcpp,0,start,0,start,0,0,0
time100,motion,Q,url,front,any,0,start,0,start,0,0,0
time100,motion,Q,url,phone,jsqr,0,start,0,start,0,0,0
time100,motion,Q,url,phone,zxing,0,start,0,start,0,0,0
time100,motion,Q,url,phone,zxingcpp,0,start,0,start,0,0,0
time100,motion,Q,url,phone,any,0,start,0,start,0,0,0
time100,motion,Q,url,hard,jsqr,0,start,0,start,0,0,0
time100,motion,Q,url,hard,zxing,0,start,0,start,0,0,0
time100,motion,Q,url,hard,zxingcpp,0,start,0,start,0,0,0
time100,motion,Q,url,hard,any,0,start,0,start,0,0,0
time100,motion,H,url,front,jsqr,0,start,0,start,0,0,0
time100,motion,H,url,front,zxing,0,start,0,start,0,0,0
time100,motion,H,url,front,zxingcpp,0,start,0,start,0,0,0
time100,motion,H,url,front,any,0,start,0,start,0,0,0
time100,motion,H,url,phone,jsqr,0,start,0,start,0,0,0
time100,motion,H,url,phone,zxing,0,start,0,start,0,0,0
time100,motion,H,url,phone,zxingcpp,0,start,0,start,0,0,0
time100,motion,H,url,phone,any,0,start,0,start,0,0,0
time100,motion,H,url,hard,jsqr,0,start,0,start,0,0,0
time100,motion,H,url,hard,zxing,0,start,0,start,0,0,0
time100,motion,H,url,hard,zxingcpp,0,start,0,start,0,0,0
time100,motion,H,url,hard,any,0,start,0,start,0,0,0
time100,motion,L,long,front,jsqr,0,start,0,start,0,0,0
time100,motion,L,long,front,zxing,0,start,0,start,0,0,0
time100,motion,L,long,front,zxingcpp,0,start,0,start,0,0,0
time100,motion,L,long,front,any,0,start,0,start,0,0,0
time100,motion,L,long,phone,jsqr,0,start,0,start,0,0,0
time100,motion,L,long,phone,zxing,0,start,0,start,0,0,0
time100,motion,L,long,phone,zxingcpp,0,start,0,start,0,0,0
time100,motion,L,long,phone,any,0,start,0,start,0,0,0
time100,motion,L,long,hard,jsqr,0,start,0,start,0,0,0
time100,motion,L,long,hard,zxing,0,start,0,start,0,0,0
time100,motion,L,long,hard,zxingcpp,0,start,0,start,0,0,0
time100,motion,L,long,hard,any,0,start,0,start,0,0,0
time100,motion,M,long,front,jsqr,0,start,0,start,0,0,0
time100,motion,M,long,front,zxing,0,start,0,start,0,0,0
time100,motion,M,long,front,zxingcpp,0,start,0,start,0,0,0
time100,motion,M,long,front,any,0,start,0,start,0,0,0
time100,motion,M,long,phone,jsqr,0,start,0,start,0,0,0
time100,motion,M,long,phone,zxing,0,start,0,start,0,0,0
time100,motion,M,long,phone,zxingcpp,0,start,0,start,0,0,0
time100,motion,M,long,phone,any,0,start,0,start,0,0,0
time100,motion,M,long,hard,jsqr,0,start,0,start,0,0,0
time100,motion,M,long,hard,zxing,0,start,0,start,0,0,0
time100,motion,M,long,hard,zxingcpp,0,start,0,start,0,0,0
time100,motion,M,long,hard,any,0,start,0,start,0,0,0
time100,motion,Q,long,front,jsqr,0,start,0,start,0,0,0
time100,motion,Q,long,front,zxing,0,start,0,start,0,0,0
time100,motion,Q,long,front,zxingcpp,0,start,0,start,0,0,0
time100,motion,Q,long,front,any,0,start,0,start,0,0,0
time100,motion,Q,long,phone,jsqr,0,start,0,start,0,0,0
time100,motion,Q,long,phone,zxing,0,start,0,start,0,0,0
time100,motion,Q,long,phone,zxingcpp,0,start,0,start,0,0,0
time100,motion,Q,long,phone,any,0,start,0,start,0,0,0
time100,motion,Q,long,hard,jsqr,0,start,0,start,0,0,0
time100,motion,Q,long,hard,zxing,0,start,0,start,0,0,0
time100,motion,Q,long,hard,zxingcpp,0,start,0,start,0,0,0
time100,motion,Q,long,hard,any,0,start,0,start,0,0,0
time100,motion,H,long,front,jsqr,0,start,0,start,0,0,0
time100,motion,H,long,front,zxing,0,start,0,start,0,0,0
time100,motion,H,long,front,zxingcpp,0,start,0,start,0,0,0
time100,motion,H,long,front,any,0,start,0,start,0,0,0
time100,motion,H,long,phone,jsqr,0,start,0,start,0,0,0
time100,motion,H,long,phone,zxing,0,start,0,start,0,0,0
time100,motion,H,long,phone,zxingcpp,0,start,0,start,0,0,0
time100,motion,H,long,phone,any,0,start,0,start,0,0,0
time100,motion,H,long,hard,jsqr,0,start,0,start,0,0,0
time100,motion,H,long,hard,zxing,0,start,0,start,0,0,0
time100,motion,H,long,hard,zxingcpp,0,start,0,start,0,0,0
time100,motion,H,long,hard,any,0,start,0,start,0,0,0
yaw,view,L,all,front,jsqr,16.5,crossed,63.214,crossed,1,0,0
yaw,view,L,all,front,zxing,16.125,crossed,37.917,crossed,1,0,0
yaw,view,L,all,front,zxingcpp,61.5,crossed,72.188,crossed,1,0,0
yaw,view,L,all,front,any,61.5,crossed,72.188,crossed,1,0,0
yaw,view,L,all,phone,jsqr,39.5,crossed,57.5,crossed,1,0,0
yaw,view,L,all,phone,zxing,15.75,crossed,18.75,crossed,1,0,0
yaw,view,L,all,phone,zxingcpp,59.5,crossed,62.188,crossed,1,0,0
yaw,view,L,all,phone,any,59.5,crossed,62.188,crossed,1,0,0
yaw,view,L,all,hard,jsqr,0,start,0,start,0.333,0,0
yaw,view,L,all,hard,zxing,0,start,0,start,0,0,0
yaw,view,L,all,hard,zxingcpp,0,start,17.813,crossed,0.778,0,0
yaw,view,L,all,hard,any,0,start,17.813,crossed,0.889,0,0
yaw,view,M,all,front,jsqr,0,start,62.5,crossed,0.889,0,0
yaw,view,M,all,front,zxing,0,start,21.25,crossed,0.889,0,0
yaw,view,M,all,front,zxingcpp,62.25,crossed,72.5,crossed,1,0,0
yaw,view,M,all,front,any,62.25,crossed,72.5,crossed,1,0,0
yaw,view,M,all,phone,jsqr,0,start,59.5,crossed,0.667,0,0
yaw,view,M,all,phone,zxing,0,start,18.214,crossed,0.667,0,0
yaw,view,M,all,phone,zxingcpp,60.563,crossed,62.813,crossed,1,0,0
yaw,view,M,all,phone,any,60.563,crossed,62.813,crossed,1,0,0
yaw,view,M,all,hard,jsqr,0,start,17.5,crossed,0.556,0,0
yaw,view,M,all,hard,zxing,0,start,0,start,0.111,0,0
yaw,view,M,all,hard,zxingcpp,16.125,crossed,20.833,crossed,1,0,0
yaw,view,M,all,hard,any,16.5,crossed,21.875,crossed,1,0,0
yaw,view,Q,all,front,jsqr,0,start,62.188,crossed,0.889,0,0
yaw,view,Q,all,front,zxing,0,start,18.214,crossed,0.667,0,0
yaw,view,Q,all,front,zxingcpp,70.5,crossed,72.5,crossed,1,0,0
yaw,view,Q,all,front,any,70.5,crossed,72.5,crossed,1,0,0
yaw,view,Q,all,phone,jsqr,0,start,58.75,crossed,0.667,0,0
yaw,view,Q,all,phone,zxing,0,start,18.75,crossed,0.556,0,0
yaw,view,Q,all,phone,zxingcpp,54.5,crossed,62.813,crossed,1,0,0
yaw,view,Q,all,phone,any,60.563,crossed,62.813,crossed,1,0,0
yaw,view,Q,all,hard,jsqr,0,start,17.813,crossed,0.667,0,0
yaw,view,Q,all,hard,zxing,0,start,0,start,0.111,0,0
yaw,view,Q,all,hard,zxingcpp,15.9,crossed,19.5,crossed,1,0,0
yaw,view,Q,all,hard,any,16.125,crossed,38.75,crossed,1,0,0
yaw,view,H,all,front,jsqr,0,start,62.188,crossed,0.667,0,0
yaw,view,H,all,front,zxing,0,start,35.833,crossed,0.667,0,0
yaw,view,H,all,front,zxingcpp,64.5,crossed,72.188,crossed,1,0,0
yaw,view,H,all,front,any,64.5,crossed,72.188,crossed,1,0,0
yaw,view,H,all,phone,jsqr,0,start,61.25,crossed,0.667,0,0
yaw,view,H,all,phone,zxing,0,start,18.214,crossed,0.667,0,0
yaw,view,H,all,phone,zxingcpp,59.5,crossed,62.188,crossed,1,0,0
yaw,view,H,all,phone,any,60.5,crossed,62.5,crossed,1,0,0
yaw,view,H,all,hard,jsqr,0,start,18.214,crossed,0.667,0,0
yaw,view,H,all,hard,zxing,0,start,0,start,0.111,0,0
yaw,view,H,all,hard,zxingcpp,19.5,crossed,24.375,crossed,1,0,0
yaw,view,H,all,hard,any,19.5,crossed,42.5,crossed,1,0,0
yaw,view,L,short,front,jsqr,61.5,crossed,66.25,crossed,1,0,0
yaw,view,L,short,front,zxing,15.75,crossed,18.75,crossed,1,0,0
yaw,view,L,short,front,zxingcpp,70.5,crossed,72.5,crossed,1,0,0
yaw,view,L,short,front,any,70.5,crossed,72.5,crossed,1,0,0
yaw,view,L,short,phone,jsqr,55.5,crossed,57.5,crossed,1,0,0
yaw,view,L,short,phone,zxing,16.5,crossed,22.5,crossed,1,0,0
yaw,view,L,short,phone,zxingcpp,60.5,crossed,62.5,crossed,1,0,0
yaw,view,L,short,phone,any,60.5,crossed,62.5,crossed,1,0,0
yaw,view,L,short,hard,jsqr,0,start,0,start,0.333,0,0
yaw,view,L,short,hard,zxing,0,start,0,start,0,0,0
yaw,view,L,short,hard,zxingcpp,15.5,crossed,17.5,crossed,1,0,0
yaw,view,L,short,hard,any,15.5,crossed,17.5,crossed,1,0,0
yaw,view,M,short,front,jsqr,16.5,crossed,62.5,crossed,1,0,0
yaw,view,M,short,front,zxing,16.5,crossed,22.5,crossed,1,0,0
yaw,view,M,short,front,zxingcpp,70.5,crossed,72.5,crossed,1,0,0
yaw,view,M,short,front,any,70.5,crossed,72.5,crossed,1,0,0
yaw,view,M,short,phone,jsqr,55.5,crossed,57.5,crossed,1,0,0
yaw,view,M,short,phone,zxing,16.5,crossed,26.25,crossed,1,0,0
yaw,view,M,short,phone,zxingcpp,60.5,crossed,62.5,crossed,1,0,0
yaw,view,M,short,phone,any,60.5,crossed,62.5,crossed,1,0,0
yaw,view,M,short,hard,jsqr,0,start,18.75,crossed,0.667,0,0
yaw,view,M,short,hard,zxing,0,start,0,start,0,0,0
yaw,view,M,short,hard,zxingcpp,15.75,crossed,18.75,crossed,1,0,0
yaw,view,M,short,hard,any,16.5,crossed,21.25,crossed,1,0,0
yaw,view,Q,short,front,jsqr,16.5,crossed,62.5,crossed,1,0,0
yaw,view,Q,short,front,zxing,0,start,0,start,0.333,0,0
yaw,view,Q,short,front,zxingcpp,70.5,crossed,72.5,crossed,1,0,0
yaw,view,Q,short,front,any,70.5,crossed,72.5,crossed,1,0,0
yaw,view,Q,short,phone,jsqr,55.5,crossed,57.5,crossed,1,0,0
yaw,view,Q,short,phone,zxing,0,start,26.25,crossed,0.667,0,0
yaw,view,Q,short,phone,zxingcpp,51.5,crossed,62.5,crossed,1,0,0
yaw,view,Q,short,phone,any,60.5,crossed,62.5,crossed,1,0,0
yaw,view,Q,short,hard,jsqr,15.5,crossed,17.5,crossed,1,0,0
yaw,view,Q,short,hard,zxing,0,start,0,start,0,0,0
yaw,view,Q,short,hard,zxingcpp,16.5,crossed,26.25,crossed,1,0,0
yaw,view,Q,short,hard,any,16.5,crossed,46.25,crossed,1,0,0
yaw,view,H,short,front,jsqr,60.5,crossed,62.5,crossed,1,0,0
yaw,view,H,short,front,zxing,16.5,crossed,37.5,crossed,1,0,0
yaw,view,H,short,front,zxingcpp,70.5,crossed,72.5,crossed,1,0,0
yaw,view,H,short,front,any,70.5,crossed,72.5,crossed,1,0,0
yaw,view,H,short,phone,jsqr,41.5,crossed,62.5,crossed,1,0,0
yaw,view,H,short,phone,zxing,16.5,crossed,22.5,crossed,1,0,0
yaw,view,H,short,phone,zxingcpp,60.5,crossed,62.5,crossed,1,0,0
yaw,view,H,short,phone,any,60.5,crossed,62.5,crossed,1,0,0
yaw,view,H,short,hard,jsqr,15.5,crossed,17.5,crossed,1,0,0
yaw,view,H,short,hard,zxing,0,start,0,start,0,0,0
yaw,view,H,short,hard,zxingcpp,21.5,crossed,27.5,crossed,1,0,0
yaw,view,H,short,hard,any,21.5,crossed,27.5,crossed,1,0,0
yaw,view,L,url,front,jsqr,60.5,crossed,62.5,crossed,1,0,0
yaw,view,L,url,front,zxing,31.5,crossed,37.5,crossed,1,0,0
yaw,view,L,url,front,zxingcpp,70.5,crossed,72.5,crossed,1,0,0
yaw,view,L,url,front,any,70.5,crossed,72.5,crossed,1,0,0
yaw,view,L,url,phone,jsqr,51.5,crossed,57.5,crossed,1,0,0
yaw,view,L,url,phone,zxing,15.75,crossed,18.75,crossed,1,0,0
yaw,view,L,url,phone,zxingcpp,56.5,crossed,61.25,crossed,1,0,0
yaw,view,L,url,phone,any,56.5,crossed,61.25,crossed,1,0,0
yaw,view,L,url,hard,jsqr,0,start,17.5,crossed,0.667,0,0
yaw,view,L,url,hard,zxing,0,start,0,start,0,0,0
yaw,view,L,url,hard,zxingcpp,0,start,0,start,0.333,0,0
yaw,view,L,url,hard,any,0,start,17.5,crossed,0.667,0,0
yaw,view,M,url,front,jsqr,20.75,crossed,23.75,crossed,1,0,0
yaw,view,M,url,front,zxing,15.75,crossed,18.75,crossed,1,0,0
yaw,view,M,url,front,zxingcpp,70.5,crossed,72.5,crossed,1,0,0
yaw,view,M,url,front,any,70.5,crossed,72.5,crossed,1,0,0
yaw,view,M,url,phone,jsqr,16.5,crossed,26.25,crossed,1,0,0
yaw,view,M,url,phone,zxing,15.5,crossed,17.5,crossed,1,0,0
yaw,view,M,url,phone,zxingcpp,60.5,crossed,62.5,crossed,1,0,0
yaw,view,M,url,phone,any,60.5,crossed,62.5,crossed,1,0,0
yaw,view,M,url,hard,jsqr,11.5,crossed,16.25,crossed,1,0,0
yaw,view,M,url,hard,zxing,0,start,0,start,0.333,0,0
yaw,view,M,url,hard,zxingcpp,15.75,crossed,18.75,crossed,1,0,0
yaw,view,M,url,hard,any,15.75,crossed,18.75,crossed,1,0,0
yaw,view,Q,url,front,jsqr,26.5,crossed,32.5,crossed,1,0,0
yaw,view,Q,url,front,zxing,15.5,crossed,17.5,crossed,1,0,0
yaw,view,Q,url,front,zxingcpp,70.5,crossed,72.5,crossed,1,0,0
yaw,view,Q,url,front,any,70.5,crossed,72.5,crossed,1,0,0
yaw,view,Q,url,phone,jsqr,26.5,crossed,62.5,crossed,1,0,0
yaw,view,Q,url,phone,zxing,15.75,crossed,18.75,crossed,1,0,0
yaw,view,Q,url,phone,zxingcpp,60.75,crossed,63.75,crossed,1,0,0
yaw,view,Q,url,phone,any,60.75,crossed,63.75,crossed,1,0,0
yaw,view,Q,url,hard,jsqr,15.5,crossed,17.5,crossed,1,0,0
yaw,view,Q,url,hard,zxing,0,start,0,start,0.333,0,0
yaw,view,Q,url,hard,zxingcpp,16.5,crossed,37.5,crossed,1,0,0
yaw,view,Q,url,hard,any,16.5,crossed,37.5,crossed,1,0,0
yaw,view,H,url,front,jsqr,0,start,62.5,crossed,0.667,0,0
yaw,view,H,url,front,zxing,0,start,37.5,crossed,0.667,0,0
yaw,view,H,url,front,zxingcpp,70.5,crossed,72.5,crossed,1,0,0
yaw,view,H,url,front,any,70.5,crossed,72.5,crossed,1,0,0
yaw,view,H,url,phone,jsqr,51.5,crossed,62.5,crossed,1,0,0
yaw,view,H,url,phone,zxing,15.5,crossed,17.5,crossed,1,0,0
yaw,view,H,url,phone,zxingcpp,56.5,crossed,61.25,crossed,1,0,0
yaw,view,H,url,phone,any,60.5,crossed,62.5,crossed,1,0,0
yaw,view,H,url,hard,jsqr,15.5,crossed,17.5,crossed,1,0,0
yaw,view,H,url,hard,zxing,0,start,0,start,0.333,0,0
yaw,view,H,url,hard,zxingcpp,20.75,crossed,23.75,crossed,1,0,0
yaw,view,H,url,hard,any,21.5,crossed,42.5,crossed,1,0,0
yaw,view,L,long,front,jsqr,15.5,crossed,17.5,crossed,1,0,0
yaw,view,L,long,front,zxing,15.75,crossed,18.75,crossed,1,0,0
yaw,view,L,long,front,zxingcpp,60.5,crossed,62.5,crossed,1,0,0
yaw,view,L,long,front,any,60.5,crossed,62.5,crossed,1,0,0
yaw,view,L,long,phone,jsqr,36.5,crossed,57.5,crossed,1,0,0
yaw,view,L,long,phone,zxing,15.5,crossed,17.5,crossed,1,0,0
yaw,view,L,long,phone,zxingcpp,60.5,crossed,62.5,crossed,1,0,0
yaw,view,L,long,phone,any,60.5,crossed,62.5,crossed,1,0,0
yaw,view,L,long,hard,jsqr,0,start,0,start,0,0,0
yaw,view,L,long,hard,zxing,0,start,0,start,0,0,0
yaw,view,L,long,hard,zxingcpp,15.75,crossed,18.75,crossed,1,0,0
yaw,view,L,long,hard,any,15.75,crossed,18.75,crossed,1,0,0
yaw,view,M,long,front,jsqr,0,start,26.25,crossed,0.667,0,0
yaw,view,M,long,front,zxing,0,start,32.5,crossed,0.667,0,0
yaw,view,M,long,front,zxingcpp,60.75,crossed,63.75,crossed,1,0,0
yaw,view,M,long,front,any,60.75,crossed,63.75,crossed,1,0,0
yaw,view,M,long,phone,jsqr,0,start,0,start,0,0,0
yaw,view,M,long,phone,zxing,0,start,0,start,0,0,0
yaw,view,M,long,phone,zxingcpp,60.75,crossed,63.75,crossed,1,0,0
yaw,view,M,long,phone,any,60.75,crossed,63.75,crossed,1,0,0
yaw,view,M,long,hard,jsqr,0,start,0,start,0,0,0
yaw,view,M,long,hard,zxing,0,start,0,start,0,0,0
yaw,view,M,long,hard,zxingcpp,21.5,crossed,41.25,crossed,1,0,0
yaw,view,M,long,hard,any,21.5,crossed,41.25,crossed,1,0,0
yaw,view,Q,long,front,jsqr,0,start,61.25,crossed,0.667,0,0
yaw,view,Q,long,front,zxing,0,start,17.5,crossed,0.667,0,0
yaw,view,Q,long,front,zxingcpp,70.5,crossed,72.5,crossed,1,0,0
yaw,view,Q,long,front,any,70.5,crossed,72.5,crossed,1,0,0
yaw,view,Q,long,phone,jsqr,0,start,0,start,0,0,0
yaw,view,Q,long,phone,zxing,0,start,0,start,0,0,0
yaw,view,Q,long,phone,zxingcpp,60.5,crossed,62.5,crossed,1,0,0
yaw,view,Q,long,phone,any,60.5,crossed,62.5,crossed,1,0,0
yaw,view,Q,long,hard,jsqr,0,start,0,start,0,0,0
yaw,view,Q,long,hard,zxing,0,start,0,start,0,0,0
yaw,view,Q,long,hard,zxingcpp,15.5,crossed,17.5,crossed,1,0,0
yaw,view,Q,long,hard,any,15.75,crossed,18.75,crossed,1,0,0
yaw,view,H,long,front,jsqr,0,start,0,start,0.333,0,0
yaw,view,H,long,front,zxing,0,start,0,start,0.333,0,0
yaw,view,H,long,front,zxingcpp,61.5,crossed,71.25,crossed,1,0,0
yaw,view,H,long,front,any,61.5,crossed,71.25,crossed,1,0,0
yaw,view,H,long,phone,jsqr,0,start,0,start,0,0,0
yaw,view,H,long,phone,zxing,0,start,0,start,0,0,0
yaw,view,H,long,phone,zxingcpp,60.5,crossed,62.5,crossed,1,0,0
yaw,view,H,long,phone,any,60.5,crossed,62.5,crossed,1,0,0
yaw,view,H,long,hard,jsqr,0,start,0,start,0,0,0
yaw,view,H,long,hard,zxing,0,start,0,start,0,0,0
yaw,view,H,long,hard,zxingcpp,16.5,crossed,22.5,crossed,1,0,0
yaw,view,H,long,hard,any,16.5,crossed,22.5,crossed,1,0,0
yaw-lifted,view,L,all,front,jsqr,4.5,crossed,63.125,crossed,1,0,0
yaw-lifted,view,L,all,front,zxing,1.5,crossed,41.786,crossed,1,0,0
yaw-lifted,view,L,all,front,zxingcpp,59.5,crossed,69.5,crossed,1,0,0
yaw-lifted,view,L,all,front,any,59.5,crossed,69.5,crossed,1,0,0
yaw-lifted,view,L,all,phone,jsqr,0,start,51.25,crossed,0.778,0,0
yaw-lifted,view,L,all,phone,zxing,0,start,30.833,crossed,0.667,0,0
yaw-lifted,view,L,all,phone,zxingcpp,50.75,crossed,53.75,crossed,1,0,0
yaw-lifted,view,L,all,phone,any,50.9,crossed,54.5,crossed,1,0,0
yaw-lifted,view,L,all,hard,jsqr,0,start,5.833,crossed,0.556,0,0
yaw-lifted,view,L,all,hard,zxing,0,start,0,start,0,0,0
yaw-lifted,view,L,all,hard,zxingcpp,0,start,16.875,crossed,0.778,0,0
yaw-lifted,view,L,all,hard,any,9.5,crossed,17.5,crossed,1,0,0
yaw-lifted,view,M,all,front,jsqr,0,start,61.5,crossed,0.889,0,0
yaw-lifted,view,M,all,front,zxing,0,start,41.786,crossed,0.889,0,0
yaw-lifted,view,M,all,front,zxingcpp,59.5,crossed,69.5,crossed,1,0,0
yaw-lifted,view,M,all,front,any,59.5,crossed,69.5,crossed,1,0,0
yaw-lifted,view,M,all,phone,jsqr,0,start,34.375,crossed,0.778,0,0
yaw-lifted,view,M,all,phone,zxing,0,start,32.5,crossed,0.778,0,0
yaw-lifted,view,M,all,phone,zxingcpp,49.5,crossed,54.375,crossed,1,0,0
yaw-lifted,view,M,all,phone,any,49.5,crossed,54.375,crossed,1,0,0
yaw-lifted,view,M,all,hard,jsqr,0,start,14.375,crossed,0.667,0,0
yaw-lifted,view,M,all,hard,zxing,0,start,0,start,0.111,0,0
yaw-lifted,view,M,all,hard,zxingcpp,19.5,crossed,30.833,crossed,1,0,0
yaw-lifted,view,M,all,hard,any,19.5,crossed,30.833,crossed,1,0,0
yaw-lifted,view,Q,all,front,jsqr,0,start,61.875,crossed,0.667,0,0
yaw-lifted,view,Q,all,front,zxing,0,start,0,start,0.444,0,0
yaw-lifted,view,Q,all,front,zxingcpp,65.9,crossed,69.5,crossed,1,0,0
yaw-lifted,view,Q,all,front,any,65.9,crossed,69.5,crossed,1,0,0
yaw-lifted,view,Q,all,phone,jsqr,0,start,33.75,crossed,0.667,0,0
yaw-lifted,view,Q,all,phone,zxing,0,start,2.5,crossed,0.556,0,0
yaw-lifted,view,Q,all,phone,zxingcpp,51.5,crossed,56.25,crossed,1,0,0
yaw-lifted,view,Q,all,phone,any,51.5,crossed,56.25,crossed,1,0,0
yaw-lifted,view,Q,all,hard,jsqr,0,start,28.75,crossed,0.667,0,0
yaw-lifted,view,Q,all,hard,zxing,0,start,0,start,0.222,0,0
yaw-lifted,view,Q,all,hard,zxingcpp,30.75,crossed,33.75,crossed,1,0,0
yaw-lifted,view,Q,all,hard,any,30.75,crossed,33.75,crossed,1,0,0
yaw-lifted,view,H,all,front,jsqr,0,start,60.5,crossed,0.667,0,0
yaw-lifted,view,H,all,front,zxing,0,start,41.25,crossed,0.667,0,0
yaw-lifted,view,H,all,front,zxingcpp,64.5,crossed,69.375,crossed,1,0,0
yaw-lifted,view,H,all,front,any,64.5,crossed,69.375,crossed,1,0,0
yaw-lifted,view,H,all,phone,jsqr,0,start,47.5,crossed,0.667,0,0
yaw-lifted,view,H,all,phone,zxing,0,start,28.75,crossed,0.667,0,0
yaw-lifted,view,H,all,phone,zxingcpp,50.643,crossed,53.214,crossed,1,0,0
yaw-lifted,view,H,all,phone,any,51.125,crossed,55.5,crossed,1,0,0
yaw-lifted,view,H,all,hard,jsqr,0,start,3.75,crossed,0.667,0,0
yaw-lifted,view,H,all,hard,zxing,0,start,0,start,0.333,0,0
yaw-lifted,view,H,all,hard,zxingcpp,29.5,crossed,40.5,crossed,1,0,0
yaw-lifted,view,H,all,hard,any,29.5,crossed,40.5,crossed,1,0,0
yaw-lifted,view,L,short,front,jsqr,65.5,crossed,67.5,crossed,1,0,0
yaw-lifted,view,L,short,front,zxing,40.5,crossed,42.5,crossed,1,0,0
yaw-lifted,view,L,short,front,zxingcpp,65.75,crossed,68.75,crossed,1,0,0
yaw-lifted,view,L,short,front,any,65.75,crossed,68.75,crossed,1,0,0
yaw-lifted,view,L,short,phone,jsqr,46.5,crossed,52.5,crossed,1,0,0
yaw-lifted,view,L,short,phone,zxing,30.75,crossed,33.75,crossed,1,0,0
yaw-lifted,view,L,short,phone,zxingcpp,50.75,crossed,53.75,crossed,1,0,0
yaw-lifted,view,L,short,phone,any,51.5,crossed,56.25,crossed,1,0,0
yaw-lifted,view,L,short,hard,jsqr,0,start,8.75,crossed,0.667,0,0
yaw-lifted,view,L,short,hard,zxing,0,start,0,start,0,0,0
yaw-lifted,view,L,short,hard,zxingcpp,0,start,0,start,0.333,0,0
yaw-lifted,view,L,short,hard,any,6.5,crossed,11.25,crossed,1,0,0
yaw-lifted,view,M,short,front,jsqr,60.75,crossed,63.75,crossed,1,0,0
yaw-lifted,view,M,short,front,zxing,40.5,crossed,42.5,crossed,1,0,0
yaw-lifted,view,M,short,front,zxingcpp,65.75,crossed,68.75,crossed,1,0,0
yaw-lifted,view,M,short,front,any,65.75,crossed,68.75,crossed,1,0,0
yaw-lifted,view,M,short,phone,jsqr,50.5,crossed,52.5,crossed,1,0,0
yaw-lifted,view,M,short,phone,zxing,25.75,crossed,28.75,crossed,1,0,0
yaw-lifted,view,M,short,phone,zxingcpp,51.5,crossed,56.25,crossed,1,0,0
yaw-lifted,view,M,short,phone,any,51.5,crossed,56.25,crossed,1,0,0
yaw-lifted,view,M,short,hard,jsqr,10.75,crossed,13.75,crossed,1,0,0
yaw-lifted,view,M,short,hard,zxing,0,start,0,start,0,0,0
yaw-lifted,view,M,short,hard,zxingcpp,16.5,crossed,27.5,crossed,1,0,0
yaw-lifted,view,M,short,hard,any,16.5,crossed,27.5,crossed,1,0,0
yaw-lifted,view,Q,short,front,jsqr,61.5,crossed,66.25,crossed,1,0,0
yaw-lifted,view,Q,short,front,zxing,0,start,0,start,0,0,0
yaw-lifted,view,Q,short,front,zxingcpp,65.75,crossed,68.75,crossed,1,0,0
yaw-lifted,view,Q,short,front,any,65.75,crossed,68.75,crossed,1,0,0
yaw-lifted,view,Q,short,phone,jsqr,51.5,crossed,56.25,crossed,1,0,0
yaw-lifted,view,Q,short,phone,zxing,0,start,27.5,crossed,0.667,0,0
yaw-lifted,view,Q,short,phone,zxingcpp,51.5,crossed,56.25,crossed,1,0,0
yaw-lifted,view,Q,short,phone,any,51.5,crossed,56.25,crossed,1,0,0
yaw-lifted,view,Q,short,hard,jsqr,30.5,crossed,32.5,crossed,1,0,0
yaw-lifted,view,Q,short,hard,zxing,0,start,0,start,0,0,0
yaw-lifted,view,Q,short,hard,zxingcpp,30.5,crossed,32.5,crossed,1,0,0
yaw-lifted,view,Q,short,hard,any,30.5,crossed,32.5,crossed,1,0,0
yaw-lifted,view,H,short,front,jsqr,60.5,crossed,62.5,crossed,1,0,0
yaw-lifted,view,H,short,front,zxing,40.5,crossed,42.5,crossed,1,0,0
yaw-lifted,view,H,short,front,zxingcpp,66.5,crossed,71.25,crossed,1,0,0
yaw-lifted,view,H,short,front,any,66.5,crossed,71.25,crossed,1,0,0
yaw-lifted,view,H,short,phone,jsqr,55.5,crossed,57.5,crossed,1,0,0
yaw-lifted,view,H,short,phone,zxing,25.75,crossed,28.75,crossed,1,0,0
yaw-lifted,view,H,short,phone,zxingcpp,50.75,crossed,53.75,crossed,1,0,0
yaw-lifted,view,H,short,phone,any,55.5,crossed,57.5,crossed,1,0,0
yaw-lifted,view,H,short,hard,jsqr,16.5,crossed,21.25,crossed,1,0,0
yaw-lifted,view,H,short,hard,zxing,0,start,0,start,0,0,0
yaw-lifted,view,H,short,hard,zxingcpp,26.5,crossed,42.5,crossed,1,0,0
yaw-lifted,view,H,short,hard,any,26.5,crossed,42.5,crossed,1,0,0
yaw-lifted,view,L,url,front,jsqr,60.5,crossed,62.5,crossed,1,0,0
yaw-lifted,view,L,url,front,zxing,40.5,crossed,42.5,crossed,1,0,0
yaw-lifted,view,L,url,front,zxingcpp,66.5,crossed,71.25,crossed,1,0,0
yaw-lifted,view,L,url,front,any,66.5,crossed,71.25,crossed,1,0,0
yaw-lifted,view,L,url,phone,jsqr,51.5,crossed,56.25,crossed,1,0,0
yaw-lifted,view,L,url,phone,zxing,25.75,crossed,28.75,crossed,1,0,0
yaw-lifted,view,L,url,phone,zxingcpp,51.5,crossed,56.25,crossed,1,0,0
yaw-lifted,view,L,url,phone,any,51.5,crossed,56.25,crossed,1,0,0
yaw-lifted,view,L,url,hard,jsqr,0,start,7.5,crossed,0.667,0,0
yaw-lifted,view,L,url,hard,zxing,0,start,0,start,0,0,0
yaw-lifted,view,L,url,hard,zxingcpp,15.75,crossed,18.75,crossed,1,0,0
yaw-lifted,view,L,url,hard,any,15.75,crossed,18.75,crossed,1,0,0
yaw-lifted,view,M,url,front,jsqr,36.5,crossed,62.5,crossed,1,0,0
yaw-lifted,view,M,url,front,zxing,40.5,crossed,42.5,crossed,1,0,0
yaw-lifted,view,M,url,front,zxingcpp,66.5,crossed,71.25,crossed,1,0,0
yaw-lifted,view,M,url,front,any,66.5,crossed,71.25,crossed,1,0,0
yaw-lifted,view,M,url,phone,jsqr,30.75,crossed,33.75,crossed,1,0,0
yaw-lifted,view,M,url,phone,zxing,16.5,crossed,36.25,crossed,1,0,0
yaw-lifted,view,M,url,phone,zxingcpp,51.5,crossed,56.25,crossed,1,0,0
yaw-lifted,view,M,url,phone,any,51.5,crossed,56.25,crossed,1,0,0
yaw-lifted,view,M,url,hard,jsqr,20.75,crossed,23.75,crossed,1,0,0
yaw-lifted,view,M,url,hard,zxing,0,start,0,start,0.333,0,0
yaw-lifted,view,M,url,hard,zxingcpp,20.75,crossed,23.75,crossed,1,0,0
yaw-lifted,view,M,url,hard,any,21.5,crossed,27.5,crossed,1,0,0
yaw-lifted,view,Q,url,front,jsqr,60.5,crossed,62.5,crossed,1,0,0
yaw-lifted,view,Q,url,front,zxing,40.5,crossed,42.5,crossed,1,0,0
yaw-lifted,view,Q,url,front,zxingcpp,66.5,crossed,71.25,crossed,1,0,0
yaw-lifted,view,Q,url,front,any,66.5,crossed,71.25,crossed,1,0,0
yaw-lifted,view,Q,url,phone,jsqr,1.5,crossed,33.75,crossed,1,0,0
yaw-lifted,view,Q,url,phone,zxing,1.5,crossed,36.25,crossed,1,0,0
yaw-lifted,view,Q,url,phone,zxingcpp,51.5,crossed,56.25,crossed,1,0,0
yaw-lifted,view,Q,url,phone,any,51.5,crossed,56.25,crossed,1,0,0
yaw-lifted,view,Q,url,hard,jsqr,25.75,crossed,28.75,crossed,1,0,0
yaw-lifted,view,Q,url,hard,zxing,0,start,1.25,crossed,0.667,0,0
yaw-lifted,view,Q,url,hard,zxingcpp,31.5,crossed,41.25,crossed,1,0,0
yaw-lifted,view,Q,url,hard,any,31.5,crossed,41.25,crossed,1,0,0
yaw-lifted,view,H,url,front,jsqr,56.5,crossed,61.25,crossed,1,0,0
yaw-lifted,view,H,url,front,zxing,40.5,crossed,42.5,crossed,1,0,0
yaw-lifted,view,H,url,front,zxingcpp,65.75,crossed,68.75,crossed,1,0,0
yaw-lifted,view,H,url,front,any,65.75,crossed,68.75,crossed,1,0,0
yaw-lifted,view,H,url,phone,jsqr,1.5,crossed,47.5,crossed,1,0,0
yaw-lifted,view,H,url,phone,zxing,1.5,crossed,33.75,crossed,1,0,0
yaw-lifted,view,H,url,phone,zxingcpp,50.75,crossed,53.75,crossed,1,0,0
yaw-lifted,view,H,url,phone,any,51.5,crossed,56.25,crossed,1,0,0
yaw-lifted,view,H,url,hard,jsqr,0.75,crossed,3.75,crossed,1,0,0
yaw-lifted,view,H,url,hard,zxing,0.75,crossed,3.75,crossed,1,0,0
yaw-lifted,view,H,url,hard,zxingcpp,36.5,crossed,41.25,crossed,1,0,0
yaw-lifted,view,H,url,hard,any,36.5,crossed,41.25,crossed,1,0,0
yaw-lifted,view,L,long,front,jsqr,1.5,crossed,6.25,crossed,1,0,0
yaw-lifted,view,L,long,front,zxing,0.5,crossed,2.5,crossed,1,0,0
yaw-lifted,view,L,long,front,zxingcpp,56.5,crossed,68.75,crossed,1,0,0
yaw-lifted,view,L,long,front,any,56.5,crossed,68.75,crossed,1,0,0
yaw-lifted,view,L,long,phone,jsqr,0,start,0,start,0.333,0,0
yaw-lifted,view,L,long,phone,zxing,0,start,0,start,0,0,0
yaw-lifted,view,L,long,phone,zxingcpp,50.5,crossed,52.5,crossed,1,0,0
yaw-lifted,view,L,long,phone,any,50.5,crossed,52.5,crossed,1,0,0
yaw-lifted,view,L,long,hard,jsqr,0,start,0,start,0.333,0,0
yaw-lifted,view,L,long,hard,zxing,0,start,0,start,0,0,0
yaw-lifted,view,L,long,hard,zxingcpp,15.75,crossed,18.75,crossed,1,0,0
yaw-lifted,view,L,long,hard,any,16.5,crossed,21.25,crossed,1,0,0
yaw-lifted,view,M,long,front,jsqr,0,start,1.25,crossed,0.667,0,0
yaw-lifted,view,M,long,front,zxing,0,start,1.25,crossed,0.667,0,0
yaw-lifted,view,M,long,front,zxingcpp,56.5,crossed,68.75,crossed,1,0,0
yaw-lifted,view,M,long,front,any,56.5,crossed,68.75,crossed,1,0,0
yaw-lifted,view,M,long,phone,jsqr,0,start,0,start,0.333,0,0
yaw-lifted,view,M,long,phone,zxing,0,start,0,start,0.333,0,0
yaw-lifted,view,M,long,phone,zxingcpp,46.5,crossed,51.25,crossed,1,0,0
yaw-lifted,view,M,long,phone,any,46.5,crossed,51.25,crossed,1,0,0
yaw-lifted,view,M,long,hard,jsqr,0,start,0,start,0,0,0
yaw-lifted,view,M,long,hard,zxing,0,start,0,start,0,0,0
yaw-lifted,view,M,long,hard,zxingcpp,30.5,crossed,32.5,crossed,1,0,0
yaw-lifted,view,M,long,hard,any,30.5,crossed,32.5,crossed,1,0,0
yaw-lifted,view,Q,long,front,jsqr,0,start,0,start,0,0,0
yaw-lifted,view,Q,long,front,zxing,0,start,0,start,0.333,0,0
yaw-lifted,view,Q,long,front,zxingcpp,65.75,crossed,68.75,crossed,1,0,0
yaw-lifted,view,Q,long,front,any,65.75,crossed,68.75,crossed,1,0,0
yaw-lifted,view,Q,long,phone,jsqr,0,start,0,start,0,0,0
yaw-lifted,view,Q,long,phone,zxing,0,start,0,start,0,0,0
yaw-lifted,view,Q,long,phone,zxingcpp,51.5,crossed,56.25,crossed,1,0,0
yaw-lifted,view,Q,long,phone,any,51.5,crossed,56.25,crossed,1,0,0
yaw-lifted,view,Q,long,hard,jsqr,0,start,0,start,0,0,0
yaw-lifted,view,Q,long,hard,zxing,0,start,0,start,0,0,0
yaw-lifted,view,Q,long,hard,zxingcpp,30.75,crossed,33.75,crossed,1,0,0
yaw-lifted,view,Q,long,hard,any,30.75,crossed,33.75,crossed,1,0,0
yaw-lifted,view,H,long,front,jsqr,0,start,0,start,0,0,0
yaw-lifted,view,H,long,front,zxing,0,start,0,start,0,0,0
yaw-lifted,view,H,long,front,zxingcpp,61.5,crossed,67.5,crossed,1,0,0
yaw-lifted,view,H,long,front,any,61.5,crossed,67.5,crossed,1,0,0
yaw-lifted,view,H,long,phone,jsqr,0,start,0,start,0,0,0
yaw-lifted,view,H,long,phone,zxing,0,start,0,start,0,0,0
yaw-lifted,view,H,long,phone,zxingcpp,50.5,crossed,52.5,crossed,1,0,0
yaw-lifted,view,H,long,phone,any,50.5,crossed,52.5,crossed,1,0,0
yaw-lifted,view,H,long,hard,jsqr,0,start,0,start,0,0,0
yaw-lifted,view,H,long,hard,zxing,0,start,0,start,0,0,0
yaw-lifted,view,H,long,hard,zxingcpp,35.5,crossed,37.5,crossed,1,0,0
yaw-lifted,view,H,long,hard,any,35.5,crossed,37.5,crossed,1,0,0
lift,view,L,all,front,jsqr,0.6,start,,never,0.778,1,0.778
lift,view,L,all,front,zxing,0.6,start,,never,0.778,1,0.778
lift,view,L,all,front,zxingcpp,,never,,never,1,1,1
lift,view,L,all,front,any,,never,,never,1,1,1
lift,view,L,all,phone,jsqr,0.6,start,,never,0.889,1,0.667
lift,view,L,all,phone,zxing,0.6,start,,never,0.778,1,0.667
lift,view,L,all,phone,zxingcpp,,never,,never,1,1,1
lift,view,L,all,phone,any,,never,,never,1,1,1
lift,view,L,all,hard,jsqr,0.6,start,0.6,start,0.111,1,0
lift,view,L,all,hard,zxing,0.6,start,0.6,start,0,0.111,0
lift,view,L,all,hard,zxingcpp,0.6,start,0.6,start,0.111,1,0.111
lift,view,L,all,hard,any,0.6,start,0.6,start,0.222,1,0.222
lift,view,M,all,front,jsqr,0.6,start,,never,0.667,1,0.667
lift,view,M,all,front,zxing,0.6,start,,never,0.667,1,0.667
lift,view,M,all,front,zxingcpp,,never,,never,1,1,1
lift,view,M,all,front,any,,never,,never,1,1,1
lift,view,M,all,phone,jsqr,0.6,start,,never,0.667,1,0.667
lift,view,M,all,phone,zxing,0.6,start,,never,0.667,0.889,0.556
lift,view,M,all,phone,zxingcpp,,never,,never,1,1,1
lift,view,M,all,phone,any,,never,,never,1,1,1
lift,view,M,all,hard,jsqr,0.6,start,0.6,start,0.444,0.889,0.222
lift,view,M,all,hard,zxing,0.6,start,0.6,start,0,0.333,0
lift,view,M,all,hard,zxingcpp,0.6,start,,never,0.667,1,0.667
lift,view,M,all,hard,any,0.6,start,,never,0.889,1,0.889
lift,view,Q,all,front,jsqr,0.6,start,,never,0.667,1,0.667
lift,view,Q,all,front,zxing,0.6,start,0.5,crossed,0.556,1,0.444
lift,view,Q,all,front,zxingcpp,,never,,never,1,1,1
lift,view,Q,all,front,any,,never,,never,1,1,1
lift,view,Q,all,phone,jsqr,0.6,start,,never,0.667,1,0.667
lift,view,Q,all,phone,zxing,0.6,start,,never,0.667,1,0.556
lift,view,Q,all,phone,zxingcpp,,never,,never,1,1,1
lift,view,Q,all,phone,any,,never,,never,1,1,1
lift,view,Q,all,hard,jsqr,0.6,start,,never,0.667,1,0.667
lift,view,Q,all,hard,zxing,0.6,start,0.6,start,0,0.556,0
lift,view,Q,all,hard,zxingcpp,,never,,never,1,1,1
lift,view,Q,all,hard,any,,never,,never,1,1,1
lift,view,H,all,front,jsqr,0.6,start,,never,0.667,1,0.667
lift,view,H,all,front,zxing,0.6,start,,never,0.667,1,0.667
lift,view,H,all,front,zxingcpp,,never,,never,1,1,1
lift,view,H,all,front,any,,never,,never,1,1,1
lift,view,H,all,phone,jsqr,0.6,start,,never,0.667,1,0.667
lift,view,H,all,phone,zxing,0.6,start,,never,0.667,1,0.667
lift,view,H,all,phone,zxingcpp,,never,,never,1,1,1
lift,view,H,all,phone,any,,never,,never,1,1,1
lift,view,H,all,hard,jsqr,0.6,start,0.6,start,0.444,0.667,0.222
lift,view,H,all,hard,zxing,0.6,start,0.6,start,0,0.333,0
lift,view,H,all,hard,zxingcpp,,never,,never,1,1,1
lift,view,H,all,hard,any,,never,,never,1,1,1
lift,view,L,short,front,jsqr,,never,,never,1,1,1
lift,view,L,short,front,zxing,,never,,never,1,1,1
lift,view,L,short,front,zxingcpp,,never,,never,1,1,1
lift,view,L,short,front,any,,never,,never,1,1,1
lift,view,L,short,phone,jsqr,,never,,never,1,1,1
lift,view,L,short,phone,zxing,,never,,never,1,1,1
lift,view,L,short,phone,zxingcpp,,never,,never,1,1,1
lift,view,L,short,phone,any,,never,,never,1,1,1
lift,view,L,short,hard,jsqr,0.6,start,0.6,start,0,1,0
lift,view,L,short,hard,zxing,0.6,start,0.6,start,0,0.333,0
lift,view,L,short,hard,zxingcpp,0.6,start,0.6,start,0,1,0
lift,view,L,short,hard,any,0.6,start,0.6,start,0,1,0
lift,view,M,short,front,jsqr,,never,,never,1,1,1
lift,view,M,short,front,zxing,,never,,never,1,1,1
lift,view,M,short,front,zxingcpp,,never,,never,1,1,1
lift,view,M,short,front,any,,never,,never,1,1,1
lift,view,M,short,phone,jsqr,,never,,never,1,1,1
lift,view,M,short,phone,zxing,,never,,never,1,1,1
lift,view,M,short,phone,zxingcpp,,never,,never,1,1,1
lift,view,M,short,phone,any,,never,,never,1,1,1
lift,view,M,short,hard,jsqr,0.6,start,0.5,crossed,0.667,1,0
lift,view,M,short,hard,zxing,0.6,start,0.6,start,0,1,0
lift,view,M,short,hard,zxingcpp,0.54,crossed,,never,1,1,0.667
lift,view,M,short,hard,any,0.54,crossed,,never,1,1,0.667
lift,view,Q,short,front,jsqr,,never,,never,1,1,1
lift,view,Q,short,front,zxing,0.6,start,0.5,crossed,0.667,1,0.333
lift,view,Q,short,front,zxingcpp,,never,,never,1,1,1
lift,view,Q,short,front,any,,never,,never,1,1,1
lift,view,Q,short,phone,jsqr,,never,,never,1,1,1
lift,view,Q,short,phone,zxing,,never,,never,1,1,1
lift,view,Q,short,phone,zxingcpp,,never,,never,1,1,1
lift,view,Q,short,phone,any,,never,,never,1,1,1
lift,view,Q,short,hard,jsqr,,never,,never,1,1,1
lift,view,Q,short,hard,zxing,0.6,start,0.6,start,0,1,0
lift,view,Q,short,hard,zxingcpp,,never,,never,1,1,1
lift,view,Q,short,hard,any,,never,,never,1,1,1
lift,view,H,short,front,jsqr,,never,,never,1,1,1
lift,view,H,short,front,zxing,,never,,never,1,1,1
lift,view,H,short,front,zxingcpp,,never,,never,1,1,1
lift,view,H,short,front,any,,never,,never,1,1,1
lift,view,H,short,phone,jsqr,,never,,never,1,1,1
lift,view,H,short,phone,zxing,,never,,never,1,1,1
lift,view,H,short,phone,zxingcpp,,never,,never,1,1,1
lift,view,H,short,phone,any,,never,,never,1,1,1
lift,view,H,short,hard,jsqr,0.54,crossed,0.04,crossed,1,0,0
lift,view,H,short,hard,zxing,0.6,start,0.6,start,0,0.333,0
lift,view,H,short,hard,zxingcpp,,never,,never,1,1,1
lift,view,H,short,hard,any,,never,,never,1,1,1
lift,view,L,url,front,jsqr,,never,,never,1,1,1
lift,view,L,url,front,zxing,,never,,never,1,1,1
lift,view,L,url,front,zxingcpp,,never,,never,1,1,1
lift,view,L,url,front,any,,never,,never,1,1,1
lift,view,L,url,phone,jsqr,,never,,never,1,1,1
lift,view,L,url,phone,zxing,,never,,never,1,1,1
lift,view,L,url,phone,zxingcpp,,never,,never,1,1,1
lift,view,L,url,phone,any,,never,,never,1,1,1
lift,view,L,url,hard,jsqr,0.6,start,0.6,start,0.333,1,0
lift,view,L,url,hard,zxing,0.6,start,0.6,start,0,0,0
lift,view,L,url,hard,zxingcpp,0.6,start,0.6,start,0.333,1,0.333
lift,view,L,url,hard,any,0.6,start,0.35,crossed,0.667,1,0.333
lift,view,M,url,front,jsqr,,never,,never,1,1,1
lift,view,M,url,front,zxing,,never,,never,1,1,1
lift,view,M,url,front,zxingcpp,,never,,never,1,1,1
lift,view,M,url,front,any,,never,,never,1,1,1
lift,view,M,url,phone,jsqr,,never,,never,1,1,1
lift,view,M,url,phone,zxing,0.37,crossed,,never,1,0.667,0.667
lift,view,M,url,phone,zxingcpp,,never,,never,1,1,1
lift,view,M,url,phone,any,,never,,never,1,1,1
lift,view,M,url,hard,jsqr,0.6,start,0.5,crossed,0.667,1,0
lift,view,M,url,hard,zxing,0.6,start,0.6,start,0,0,0
lift,view,M,url,hard,zxingcpp,0.6,start,0.6,start,0,1,0
lift,view,M,url,hard,any,0.6,start,,never,0.667,1,0.667
lift,view,Q,url,front,jsqr,,never,,never,1,1,1
lift,view,Q,url,front,zxing,,never,,never,1,1,1
lift,view,Q,url,front,zxingcpp,,never,,never,1,1,1
lift,view,Q,url,front,any,,never,,never,1,1,1
lift,view,Q,url,phone,jsqr,,never,,never,1,1,1
lift,view,Q,url,phone,zxing,0.37,crossed,,never,1,1,0.667
lift,view,Q,url,phone,zxingcpp,,never,,never,1,1,1
lift,view,Q,url,phone,any,,never,,never,1,1,1
lift,view,Q,url,hard,jsqr,,never,,never,1,1,1
lift,view,Q,url,hard,zxing,0.6,start,0.6,start,0,0.333,0
lift,view,Q,url,hard,zxingcpp,,never,,never,1,1,1
lift,view,Q,url,hard,any,,never,,never,1,1,1
lift,view,H,url,front,jsqr,,never,,never,1,1,1
lift,view,H,url,front,zxing,,never,,never,1,1,1
lift,view,H,url,front,zxingcpp,,never,,never,1,1,1
lift,view,H,url,front,any,,never,,never,1,1,1
lift,view,H,url,phone,jsqr,,never,,never,1,1,1
lift,view,H,url,phone,zxing,,never,,never,1,1,1
lift,view,H,url,phone,zxingcpp,,never,,never,1,1,1
lift,view,H,url,phone,any,,never,,never,1,1,1
lift,view,H,url,hard,jsqr,0.6,start,0.6,start,0.333,1,0
lift,view,H,url,hard,zxing,0.6,start,0.6,start,0,0.333,0
lift,view,H,url,hard,zxingcpp,,never,,never,1,1,1
lift,view,H,url,hard,any,,never,,never,1,1,1
lift,view,L,long,front,jsqr,0.6,start,0.6,start,0.333,1,0.333
lift,view,L,long,front,zxing,0.6,start,0.6,start,0.333,1,0.333
lift,view,L,long,front,zxingcpp,,never,,never,1,1,1
lift,view,L,long,front,any,,never,,never,1,1,1
lift,view,L,long,phone,jsqr,0.6,start,0.55,crossed,0.667,1,0
lift,view,L,long,phone,zxing,0.6,start,0.6,start,0.333,1,0
lift,view,L,long,phone,zxingcpp,,never,,never,1,1,1
lift,view,L,long,phone,any,,never,,never,1,1,1
lift,view,L,long,hard,jsqr,0.6,start,0.6,start,0,1,0
lift,view,L,long,hard,zxing,0.6,start,0.6,start,0,0,0
lift,view,L,long,hard,zxingcpp,0.6,start,0.6,start,0,1,0
lift,view,L,long,hard,any,0.6,start,0.6,start,0,1,0
lift,view,M,long,front,jsqr,0.6,start,0.6,start,0,1,0
lift,view,M,long,front,zxing,0.6,start,0.6,start,0,1,0
lift,view,M,long,front,zxingcpp,,never,,never,1,1,1
lift,view,M,long,front,any,,never,,never,1,1,1
lift,view,M,long,phone,jsqr,0.6,start,0.6,start,0,1,0
lift,view,M,long,phone,zxing,0.6,start,0.6,start,0,1,0
lift,view,M,long,phone,zxingcpp,,never,,never,1,1,1
lift,view,M,long,phone,any,,never,,never,1,1,1
lift,view,M,long,hard,jsqr,0.6,start,0.6,start,0,0.667,0
lift,view,M,long,hard,zxing,0.6,start,0.6,start,0,0,0
lift,view,M,long,hard,zxingcpp,,never,,never,1,1,1
lift,view,M,long,hard,any,,never,,never,1,1,1
lift,view,Q,long,front,jsqr,0.6,start,0.6,start,0,1,0
lift,view,Q,long,front,zxing,0.6,start,0.6,start,0,1,0
lift,view,Q,long,front,zxingcpp,,never,,never,1,1,1
lift,view,Q,long,front,any,,never,,never,1,1,1
lift,view,Q,long,phone,jsqr,0.6,start,0.6,start,0,1,0
lift,view,Q,long,phone,zxing,0.6,start,0.6,start,0,1,0
lift,view,Q,long,phone,zxingcpp,,never,,never,1,1,1
lift,view,Q,long,phone,any,,never,,never,1,1,1
lift,view,Q,long,hard,jsqr,0.6,start,0.6,start,0,1,0
lift,view,Q,long,hard,zxing,0.6,start,0.6,start,0,0.333,0
lift,view,Q,long,hard,zxingcpp,,never,,never,1,1,1
lift,view,Q,long,hard,any,,never,,never,1,1,1
lift,view,H,long,front,jsqr,0.6,start,0.6,start,0,1,0
lift,view,H,long,front,zxing,0.6,start,0.6,start,0,1,0
lift,view,H,long,front,zxingcpp,,never,,never,1,1,1
lift,view,H,long,front,any,,never,,never,1,1,1
lift,view,H,long,phone,jsqr,0.6,start,0.6,start,0,1,0
lift,view,H,long,phone,zxing,0.6,start,0.6,start,0,1,0
lift,view,H,long,phone,zxingcpp,,never,,never,1,1,1
lift,view,H,long,phone,any,,never,,never,1,1,1
lift,view,H,long,hard,jsqr,0.6,start,0.6,start,0,1,0
lift,view,H,long,hard,zxing,0.6,start,0.6,start,0,0.333,0
lift,view,H,long,hard,zxingcpp,,never,,never,1,1,1
lift,view,H,long,hard,any,,never,,never,1,1,1
pitch,view,L,all,front,jsqr,17.25,crossed,63.75,crossed,1,0,0
pitch,view,L,all,front,zxing,4.5,crossed,24.167,crossed,1,0,0
pitch,view,L,all,front,zxingcpp,61.5,crossed,70.5,crossed,1,0,0
pitch,view,L,all,front,any,61.5,crossed,70.5,crossed,1,0,0
pitch,view,L,all,phone,jsqr,29.5,crossed,57.5,crossed,1,0,0
pitch,view,L,all,phone,zxing,14.5,crossed,18.5,crossed,1,0,0
pitch,view,L,all,phone,zxingcpp,56.5,crossed,61.5,crossed,1,0,0
pitch,view,L,all,phone,any,59.5,crossed,62.5,crossed,1,0,0
pitch,view,L,all,hard,jsqr,0,start,0,start,0.333,0,0
pitch,view,L,all,hard,zxing,0,start,0,start,0,0,0
pitch,view,L,all,hard,zxingcpp,0,start,22.5,crossed,0.778,0,0
pitch,view,L,all,hard,any,0,start,36.875,crossed,0.889,0,0
pitch,view,M,all,front,jsqr,0,start,63.214,crossed,0.889,0,0
pitch,view,M,all,front,zxing,0,start,24.375,crossed,0.889,0,0
pitch,view,M,all,front,zxingcpp,62.25,crossed,71.786,crossed,1,0,0
pitch,view,M,all,front,any,62.25,crossed,71.786,crossed,1,0,0
pitch,view,M,all,phone,jsqr,0,start,60.5,crossed,0.667,0,0
pitch,view,M,all,phone,zxing,0,start,17.813,crossed,0.667,0,0
pitch,view,M,all,phone,zxingcpp,54.5,crossed,61.5,crossed,1,0,0
pitch,view,M,all,phone,any,56.5,crossed,61.5,crossed,1,0,0
pitch,view,M,all,hard,jsqr,0,start,22.5,crossed,0.556,0,0
pitch,view,M,all,hard,zxing,0,start,0,start,0.111,0,0
pitch,view,M,all,hard,zxingcpp,17.25,crossed,27.5,crossed,1,0,0
pitch,view,M,all,hard,any,21.5,crossed,38.5,crossed,1,0,0
pitch,view,Q,all,front,jsqr,0,start,63.214,crossed,0.889,0,0
pitch,view,Q,all,front,zxing,0,start,24.375,crossed,0.667,0,0
pitch,view,Q,all,front,zxingcpp,67.25,crossed,71.786,crossed,1,0,0
pitch,view,Q,all,front,any,67.25,crossed,71.786,crossed,1,0,0
pitch,view,Q,all,phone,jsqr,0,start,58.75,crossed,0.667,0,0
pitch,view,Q,all,phone,zxing,0,start,17.083,crossed,0.556,0,0
pitch,view,Q,all,phone,zxingcpp,54.5,crossed,62.083,crossed,1,0,0
pitch,view,Q,all,phone,any,60.563,crossed,62.813,crossed,1,0,0
pitch,view,Q,all,hard,jsqr,0,start,32.5,crossed,0.667,0,0
pitch,view,Q,all,hard,zxing,0,start,0,start,0.111,0,0
pitch,view,Q,all,hard,zxingcpp,17.25,crossed,37.5,crossed,1,0,0
pitch,view,Q,all,hard,any,26.5,crossed,41.25,crossed,1,0,0
pitch,view,H,all,front,jsqr,0,start,62.5,crossed,0.667,0,0
pitch,view,H,all,front,zxing,0,start,47.083,crossed,0.667,0,0
pitch,view,H,all,front,zxingcpp,69.5,crossed,72.188,crossed,1,0,0
pitch,view,H,all,front,any,69.5,crossed,72.188,crossed,1,0,0
pitch,view,H,all,phone,jsqr,0,start,58.75,crossed,0.667,0,0
pitch,view,H,all,phone,zxing,0,start,18.214,crossed,0.667,0,0
pitch,view,H,all,phone,zxingcpp,54.5,crossed,59.375,crossed,1,0,0
pitch,view,H,all,phone,any,57.25,crossed,61.786,crossed,1,0,0
pitch,view,H,all,hard,jsqr,0,start,29.167,crossed,0.667,0,0
pitch,view,H,all,hard,zxing,0,start,0,start,0.111,0,0
pitch,view,H,all,hard,zxingcpp,16.125,crossed,36.25,crossed,1,0,0
pitch,view,H,all,hard,any,19.5,crossed,38.125,crossed,1,0,0
pitch,view,L,short,front,jsqr,65.5,crossed,67.5,crossed,1,0,0
pitch,view,L,short,front,zxing,20.75,crossed,23.75,crossed,1,0,0
pitch,view,L,short,front,zxingcpp,65.75,crossed,68.75,crossed,1,0,0
pitch,view,L,short,front,any,65.75,crossed,68.75,crossed,1,0,0
pitch,view,L,short,phone,jsqr,50.75,crossed,53.75,crossed,1,0,0
pitch,view,L,short,phone,zxing,11.5,crossed,16.25,crossed,1,0,0
pitch,view,L,short,phone,zxingcpp,60.75,crossed,63.75,crossed,1,0,0
pitch,view,L,short,phone,any,60.75,crossed,63.75,crossed,1,0,0
pitch,view,L,short,hard,jsqr,0,start,0,start,0.333,0,0
pitch,view,L,short,hard,zxing,0,start,0,start,0,0,0
pitch,view,L,short,hard,zxingcpp,16.5,crossed,21.25,crossed,1,0,0
pitch,view,L,short,hard,any,16.5,crossed,22.5,crossed,1,0,0
pitch,view,M,short,front,jsqr,61.5,crossed,66.25,crossed,1,0,0
pitch,view,M,short,front,zxing,16.5,crossed,46.25,crossed,1,0,0
pitch,view,M,short,front,zxingcpp,66.5,crossed,71.25,crossed,1,0,0
pitch,view,M,short,front,any,66.5,crossed,71.25,crossed,1,0,0
pitch,view,M,short,phone,jsqr,60.5,crossed,62.5,crossed,1,0,0
pitch,view,M,short,phone,zxing,15.75,crossed,18.75,crossed,1,0,0
pitch,view,M,short,phone,zxingcpp,60.75,crossed,63.75,crossed,1,0,0
pitch,view,M,short,phone,any,60.75,crossed,63.75,crossed,1,0,0
pitch,view,M,short,hard,jsqr,0,start,23.75,crossed,0.667,0,0
pitch,view,M,short,hard,zxing,0,start,0,start,0,0,0
pitch,view,M,short,hard,zxingcpp,16.5,crossed,22.5,crossed,1,0,0
pitch,view,M,short,hard,any,21.5,crossed,41.25,crossed,1,0,0
pitch,view,Q,short,front,jsqr,61.5,crossed,66.25,crossed,1,0,0
pitch,view,Q,short,front,zxing,0,start,0,start,0.333,0,0
pitch,view,Q,short,front,zxingcpp,66.5,crossed,71.25,crossed,1,0,0
pitch,view,Q,short,front,any,66.5,crossed,71.25,crossed,1,0,0
pitch,view,Q,short,phone,jsqr,60.5,crossed,62.5,crossed,1,0,0
pitch,view,Q,short,phone,zxing,0,start,18.75,crossed,0.667,0,0
pitch,view,Q,short,phone,zxingcpp,55.75,crossed,58.75,crossed,1,0,0
pitch,view,Q,short,phone,any,60.75,crossed,63.75,crossed,1,0,0
pitch,view,Q,short,hard,jsqr,21.5,crossed,27.5,crossed,1,0,0
pitch,view,Q,short,hard,zxing,0,start,0,start,0,0,0
pitch,view,Q,short,hard,zxingcpp,16.5,crossed,27.5,crossed,1,0,0
pitch,view,Q,short,hard,any,26.5,crossed,46.25,crossed,1,0,0
pitch,view,H,short,front,jsqr,46.5,crossed,52.5,crossed,1,0,0
pitch,view,H,short,front,zxing,25.5,crossed,27.5,crossed,1,0,0
pitch,view,H,short,front,zxingcpp,70.5,crossed,72.5,crossed,1,0,0
pitch,view,H,short,front,any,70.5,crossed,72.5,crossed,1,0,0
pitch,view,H,short,phone,jsqr,55.5,crossed,57.5,crossed,1,0,0
pitch,view,H,short,phone,zxing,15.5,crossed,17.5,crossed,1,0,0
pitch,view,H,short,phone,zxingcpp,60.5,crossed,62.5,crossed,1,0,0
pitch,view,H,short,phone,any,60.5,crossed,62.5,crossed,1,0,0
pitch,view,H,short,hard,jsqr,16.5,crossed,38.75,crossed,1,0,0
pitch,view,H,short,hard,zxing,0,start,0,start,0,0,0
pitch,view,H,short,hard,zxingcpp,16.5,crossed,36.25,crossed,1,0,0
pitch,view,H,short,hard,any,16.5,crossed,38.75,crossed,1,0,0
pitch,view,L,url,front,jsqr,60.5,crossed,62.5,crossed,1,0,0
pitch,view,L,url,front,zxing,25.5,crossed,27.5,crossed,1,0,0
pitch,view,L,url,front,zxingcpp,70.5,crossed,72.5,crossed,1,0,0
pitch,view,L,url,front,any,70.5,crossed,72.5,crossed,1,0,0
pitch,view,L,url,phone,jsqr,55.5,crossed,57.5,crossed,1,0,0
pitch,view,L,url,phone,zxing,15.75,crossed,18.75,crossed,1,0,0
pitch,view,L,url,phone,zxingcpp,60.5,crossed,62.5,crossed,1,0,0
pitch,view,L,url,phone,any,60.5,crossed,62.5,crossed,1,0,0
pitch,view,L,url,hard,jsqr,0,start,17.5,crossed,0.667,0,0
pitch,view,L,url,hard,zxing,0,start,0,start,0,0,0
pitch,view,L,url,hard,zxingcpp,0,start,0,start,0.333,0,0
pitch,view,L,url,hard,any,0,start,36.25,crossed,0.667,0,0
pitch,view,M,url,front,jsqr,41.5,crossed,62.5,crossed,1,0,0
pitch,view,M,url,front,zxing,20.5,crossed,22.5,crossed,1,0,0
pitch,view,M,url,front,zxingcpp,66.5,crossed,71.25,crossed,1,0,0
pitch,view,M,url,front,any,66.5,crossed,71.25,crossed,1,0,0
pitch,view,M,url,phone,jsqr,31.5,crossed,57.5,crossed,1,0,0
pitch,view,M,url,phone,zxing,15.5,crossed,17.5,crossed,1,0,0
pitch,view,M,url,phone,zxingcpp,51.5,crossed,56.25,crossed,1,0,0
pitch,view,M,url,phone,any,55.5,crossed,57.5,crossed,1,0,0
pitch,view,M,url,hard,jsqr,15.75,crossed,18.75,crossed,1,0,0
pitch,view,M,url,hard,zxing,0,start,0,start,0.333,0,0
pitch,view,M,url,hard,zxingcpp,16.5,crossed,22.5,crossed,1,0,0
pitch,view,M,url,hard,any,20.75,crossed,23.75,crossed,1,0,0
pitch,view,Q,url,front,jsqr,41.5,crossed,62.5,crossed,1,0,0
pitch,view,Q,url,front,zxing,20.5,crossed,22.5,crossed,1,0,0
pitch,view,Q,url,front,zxingcpp,66.5,crossed,71.25,crossed,1,0,0
pitch,view,Q,url,front,any,66.5,crossed,71.25,crossed,1,0,0
pitch,view,Q,url,phone,jsqr,55.5,crossed,57.5,crossed,1,0,0
pitch,view,Q,url,phone,zxing,10.75,crossed,13.75,crossed,1,0,0
pitch,view,Q,url,phone,zxingcpp,51.5,crossed,62.5,crossed,1,0,0
pitch,view,Q,url,phone,any,60.5,crossed,62.5,crossed,1,0,0
pitch,view,Q,url,hard,jsqr,11.5,crossed,38.75,crossed,1,0,0
pitch,view,Q,url,hard,zxing,0,start,0,start,0.333,0,0
pitch,view,Q,url,hard,zxingcpp,16.5,crossed,22.5,crossed,1,0,0
pitch,view,Q,url,hard,any,36.5,crossed,42.5,crossed,1,0,0
pitch,view,H,url,front,jsqr,0,start,62.5,crossed,0.667,0,0
pitch,view,H,url,front,zxing,0,start,48.75,crossed,0.667,0,0
pitch,view,H,url,front,zxingcpp,70.5,crossed,72.5,crossed,1,0,0
pitch,view,H,url,front,any,70.5,crossed,72.5,crossed,1,0,0
pitch,view,H,url,phone,jsqr,60.5,crossed,62.5,crossed,1,0,0
pitch,view,H,url,phone,zxing,15.75,crossed,18.75,crossed,1,0,0
pitch,view,H,url,phone,zxingcpp,51.5,crossed,56.25,crossed,1,0,0
pitch,view,H,url,phone,any,60.5,crossed,62.5,crossed,1,0,0
pitch,view,H,url,hard,jsqr,16.5,crossed,27.5,crossed,1,0,0
pitch,view,H,url,hard,zxing,0,start,0,start,0.333,0,0
pitch,view,H,url,hard,zxingcpp,16.5,crossed,28.75,crossed,1,0,0
pitch,view,H,url,hard,any,25.75,crossed,28.75,crossed,1,0,0
pitch,view,L,long,front,jsqr,15.75,crossed,18.75,crossed,1,0,0
pitch,view,L,long,front,zxing,1.5,crossed,18.75,crossed,1,0,0
pitch,view,L,long,front,zxingcpp,60.5,crossed,62.5,crossed,1,0,0
pitch,view,L,long,front,any,60.5,crossed,62.5,crossed,1,0,0
pitch,view,L,long,phone,jsqr,26.5,crossed,61.25,crossed,1,0,0
pitch,view,L,long,phone,zxing,16.5,crossed,22.5,crossed,1,0,0
pitch,view,L,long,phone,zxingcpp,55.5,crossed,57.5,crossed,1,0,0
pitch,view,L,long,phone,any,56.5,crossed,61.25,crossed,1,0,0
pitch,view,L,long,hard,jsqr,0,start,0,start,0,0,0
pitch,view,L,long,hard,zxing,0,start,0,start,0,0,0
pitch,view,L,long,hard,zxingcpp,15.75,crossed,18.75,crossed,1,0,0
pitch,view,L,long,hard,any,15.75,crossed,18.75,crossed,1,0,0
pitch,view,M,long,front,jsqr,0,start,62.5,crossed,0.667,0,0
pitch,view,M,long,front,zxing,0,start,47.5,crossed,0.667,0,0
pitch,view,M,long,front,zxingcpp,60.75,crossed,63.75,crossed,1,0,0
pitch,view,M,long,front,any,60.75,crossed,63.75,crossed,1,0,0
pitch,view,M,long,phone,jsqr,0,start,0,start,0,0,0
pitch,view,M,long,phone,zxing,0,start,0,start,0,0,0
pitch,view,M,long,phone,zxingcpp,60.5,crossed,62.5,crossed,1,0,0
pitch,view,M,long,phone,any,60.5,crossed,62.5,crossed,1,0,0
pitch,view,M,long,hard,jsqr,0,start,0,start,0,0,0
pitch,view,M,long,hard,zxing,0,start,0,start,0,0,0
pitch,view,M,long,hard,zxingcpp,26.5,crossed,36.25,crossed,1,0,0
pitch,view,M,long,hard,any,26.5,crossed,36.25,crossed,1,0,0
pitch,view,Q,long,front,jsqr,0,start,62.5,crossed,0.667,0,0
pitch,view,Q,long,front,zxing,0,start,51.25,crossed,0.667,0,0
pitch,view,Q,long,front,zxingcpp,70.5,crossed,72.5,crossed,1,0,0
pitch,view,Q,long,front,any,70.5,crossed,72.5,crossed,1,0,0
pitch,view,Q,long,phone,jsqr,0,start,0,start,0,0,0
pitch,view,Q,long,phone,zxing,0,start,0,start,0,0,0
pitch,view,Q,long,phone,zxingcpp,60.5,crossed,62.5,crossed,1,0,0
pitch,view,Q,long,phone,any,60.5,crossed,62.5,crossed,1,0,0
pitch,view,Q,long,hard,jsqr,0,start,0,start,0,0,0
pitch,view,Q,long,hard,zxing,0,start,0,start,0,0,0
pitch,view,Q,long,hard,zxingcpp,25.75,crossed,28.75,crossed,1,0,0
pitch,view,Q,long,hard,any,25.75,crossed,28.75,crossed,1,0,0
pitch,view,H,long,front,jsqr,0,start,0,start,0.333,0,0
pitch,view,H,long,front,zxing,0,start,0,start,0.333,0,0
pitch,view,H,long,front,zxingcpp,66.5,crossed,71.25,crossed,1,0,0
pitch,view,H,long,front,any,66.5,crossed,71.25,crossed,1,0,0
pitch,view,H,long,phone,jsqr,0,start,0,start,0,0,0
pitch,view,H,long,phone,zxing,0,start,0,start,0,0,0
pitch,view,H,long,phone,zxingcpp,55.75,crossed,58.75,crossed,1,0,0
pitch,view,H,long,phone,any,55.75,crossed,58.75,crossed,1,0,0
pitch,view,H,long,hard,jsqr,0,start,0,start,0,0,0
pitch,view,H,long,hard,zxing,0,start,0,start,0,0,0
pitch,view,H,long,hard,zxingcpp,15.75,crossed,18.75,crossed,1,0,0
pitch,view,H,long,hard,any,21.5,crossed,33.75,crossed,1,0,0
dist,view,L,all,front,jsqr,6.56,crossed,3.67,crossed,1,0,0
dist,view,L,all,front,zxing,6.56,crossed,4.428,crossed,1,0,0
dist,view,L,all,front,zxingcpp,3.901,crossed,3.524,crossed,1,0,0
dist,view,L,all,front,any,3.802,crossed,3.113,crossed,1,0,0
dist,view,L,all,phone,jsqr,7.52,crossed,6.133,crossed,1,0,0
dist,view,L,all,phone,zxing,7.82,crossed,7.1,crossed,1,0,0
dist,view,L,all,phone,zxingcpp,6.293,crossed,5.865,crossed,1,0,0
dist,view,L,all,phone,any,6.293,crossed,5.865,crossed,1,0,0
dist,view,L,all,hard,jsqr,8,start,8,start,0.333,0,0
dist,view,L,all,hard,zxing,8,start,8,start,0,0,0
dist,view,L,all,hard,zxingcpp,8,start,7.429,crossed,0.778,0,0
dist,view,L,all,hard,any,8,start,7.3,crossed,0.889,0,0
dist,view,M,all,front,jsqr,8,start,3.78,crossed,0.889,0,0
dist,view,M,all,front,zxing,8,start,4.399,crossed,0.889,0,0
dist,view,M,all,front,zxingcpp,3.524,crossed,3.38,crossed,1,0,0
dist,view,M,all,front,any,3.495,crossed,3.236,crossed,1,0,0
dist,view,M,all,phone,jsqr,8,start,5.059,crossed,0.667,0,0
dist,view,M,all,phone,zxing,8,start,7.52,crossed,0.667,0,0
dist,view,M,all,phone,zxingcpp,6.207,crossed,5.437,crossed,1,0,0
dist,view,M,all,phone,any,5.919,crossed,5.059,crossed,1,0,0
dist,view,M,all,hard,jsqr,8,start,7.84,crossed,0.556,0,0
dist,view,M,all,hard,zxing,8,start,8,start,0.111,0,0
dist,view,M,all,hard,zxingcpp,7.84,crossed,7.2,crossed,1,0,0
dist,view,M,all,hard,any,7.84,crossed,7.2,crossed,1,0,0
dist,view,Q,all,front,jsqr,8,start,3.78,crossed,0.889,0,0
dist,view,Q,all,front,zxing,8,start,4.499,crossed,0.667,0,0
dist,view,Q,all,front,zxingcpp,3.524,crossed,3.38,crossed,1,0,0
dist,view,Q,all,front,any,3.495,crossed,3.236,crossed,1,0,0
dist,view,Q,all,phone,jsqr,8,start,5.254,crossed,0.667,0,0
dist,view,Q,all,phone,zxing,8,start,7.84,crossed,0.556,0,0
dist,view,Q,all,phone,zxingcpp,5.437,crossed,4.998,crossed,1,0,0
dist,view,Q,all,phone,any,5.254,crossed,4.95,crossed,1,0,0
dist,view,Q,all,hard,jsqr,8,start,7.6,crossed,0.667,0,0
dist,view,Q,all,hard,zxing,8,start,8,start,0.111,0,0
dist,view,Q,all,hard,zxingcpp,7.84,crossed,7.2,crossed,1,0,0
dist,view,Q,all,hard,any,7.84,crossed,7.2,crossed,1,0,0
dist,view,H,all,front,jsqr,8,start,3.89,crossed,0.667,0,0
dist,view,H,all,front,zxing,8,start,4.499,crossed,0.667,0,0
dist,view,H,all,front,zxingcpp,3.524,crossed,3.38,crossed,1,0,0
dist,view,H,all,front,any,3.506,crossed,3.29,crossed,1,0,0
dist,view,H,all,phone,jsqr,8,start,7.2,crossed,0.667,0,0
dist,view,H,all,phone,zxing,8,start,7.6,crossed,0.667,0,0
dist,view,H,all,phone,zxingcpp,5.254,crossed,4.95,crossed,1,0,0
dist,view,H,all,phone,any,5.254,crossed,4.95,crossed,1,0,0
dist,view,H,all,hard,jsqr,8,start,7.6,crossed,0.667,0,0
dist,view,H,all,hard,zxing,8,start,8,start,0.111,0,0
dist,view,H,all,hard,zxingcpp,7.84,crossed,7.2,crossed,1,0,0
dist,view,H,all,hard,any,7.84,crossed,7.2,crossed,1,0,0
dist,view,L,short,front,jsqr,4.399,crossed,2.983,crossed,1,0,0
dist,view,L,short,front,zxing,4.513,crossed,4.285,crossed,1,0,0
dist,view,L,short,front,zxingcpp,3.524,crossed,3.38,crossed,1,0,0
dist,view,L,short,front,any,3.157,crossed,2.983,crossed,1,0,0
dist,view,L,short,phone,jsqr,6.293,crossed,5.865,crossed,1,0,0
dist,view,L,short,phone,zxing,7.76,crossed,6.8,crossed,1,0,0
dist,view,L,short,phone,zxingcpp,6.293,crossed,5.865,crossed,1,0,0
dist,view,L,short,phone,any,6.293,crossed,5.865,crossed,1,0,0
dist,view,L,short,hard,jsqr,8,start,8,start,0.333,0,0
dist,view,L,short,hard,zxing,8,start,8,start,0,0,0
dist,view,L,short,hard,zxingcpp,7.84,crossed,7.2,crossed,1,0,0
dist,view,L,short,hard,any,7.84,crossed,7.2,crossed,1,0,0
dist,view,M,short,front,jsqr,3.113,crossed,2.85,crossed,1,0,0
dist,view,M,short,front,zxing,4.513,crossed,4.285,crossed,1,0,0
dist,view,M,short,front,zxingcpp,3.524,crossed,3.38,crossed,1,0,0
dist,view,M,short,front,any,3.113,crossed,2.85,crossed,1,0,0
dist,view,M,short,phone,jsqr,5.254,crossed,4.95,crossed,1,0,0
dist,view,M,short,phone,zxing,7.84,crossed,7.2,crossed,1,0,0
dist,view,M,short,phone,zxingcpp,6.079,crossed,5.14,crossed,1,0,0
dist,view,M,short,phone,any,5.254,crossed,4.95,crossed,1,0,0
dist,view,M,short,hard,jsqr,8,start,7.6,crossed,0.667,0,0
dist,view,M,short,hard,zxing,8,start,8,start,0,0,0
dist,view,M,short,hard,zxingcpp,7.84,crossed,7.2,crossed,1,0,0
dist,view,M,short,hard,any,7.84,crossed,7.2,crossed,1,0,0
dist,view,Q,short,front,jsqr,2.886,crossed,2.79,crossed,1,0,0
dist,view,Q,short,front,zxing,8,start,8,start,0.333,0,0
dist,view,Q,short,front,zxingcpp,3.524,crossed,3.38,crossed,1,0,0
dist,view,Q,short,front,any,2.886,crossed,2.79,crossed,1,0,0
dist,view,Q,short,phone,jsqr,6.079,crossed,5.14,crossed,1,0,0
dist,view,Q,short,phone,zxing,8,start,7.6,crossed,0.667,0,0
dist,view,Q,short,phone,zxingcpp,5.254,crossed,4.95,crossed,1,0,0
dist,view,Q,short,phone,any,5.254,crossed,4.95,crossed,1,0,0
dist,view,Q,short,hard,jsqr,7.84,crossed,7.2,crossed,1,0,0
dist,view,Q,short,hard,zxing,8,start,8,start,0,0,0
dist,view,Q,short,hard,zxingcpp,7.84,crossed,7.2,crossed,1,0,0
dist,view,Q,short,hard,any,7.84,crossed,7.2,crossed,1,0,0
dist,view,H,short,front,jsqr,3.157,crossed,2.983,crossed,1,0,0
dist,view,H,short,front,zxing,4.485,crossed,4.143,crossed,1,0,0
dist,view,H,short,front,zxingcpp,3.524,crossed,3.38,crossed,1,0,0
dist,view,H,short,front,any,3.157,crossed,2.983,crossed,1,0,0
dist,view,H,short,phone,jsqr,6.079,crossed,5.14,crossed,1,0,0
dist,view,H,short,phone,zxing,7.84,crossed,7.2,crossed,1,0,0
dist,view,H,short,phone,zxingcpp,5.254,crossed,4.95,crossed,1,0,0
dist,view,H,short,phone,any,5.254,crossed,4.95,crossed,1,0,0
dist,view,H,short,hard,jsqr,7.84,crossed,7.2,crossed,1,0,0
dist,view,H,short,hard,zxing,8,start,8,start,0,0,0
dist,view,H,short,hard,zxingcpp,7.84,crossed,7.2,crossed,1,0,0
dist,view,H,short,hard,any,7.84,crossed,7.2,crossed,1,0,0
dist,view,L,url,front,jsqr,3.934,crossed,3.67,crossed,1,0,0
dist,view,L,url,front,zxing,4.513,crossed,4.285,crossed,1,0,0
dist,view,L,url,front,zxingcpp,3.934,crossed,3.67,crossed,1,0,0
dist,view,L,url,front,any,3.171,crossed,3.055,crossed,1,0,0
dist,view,L,url,phone,jsqr,6.293,crossed,5.865,crossed,1,0,0
dist,view,L,url,phone,zxing,7.84,crossed,7.2,crossed,1,0,0
dist,view,L,url,phone,zxingcpp,6.293,crossed,5.865,crossed,1,0,0
dist,view,L,url,phone,any,6.293,crossed,5.865,crossed,1,0,0
dist,view,L,url,hard,jsqr,8,start,7.6,crossed,0.667,0,0
dist,view,L,url,hard,zxing,8,start,8,start,0,0,0
dist,view,L,url,hard,zxingcpp,8,start,8,start,0.333,0,0
dist,view,L,url,hard,any,8,start,7.6,crossed,0.667,0,0
dist,view,M,url,front,jsqr,4.399,crossed,3.78,crossed,1,0,0
dist,view,M,url,front,zxing,4.485,crossed,4.143,crossed,1,0,0
dist,view,M,url,front,zxingcpp,3.524,crossed,3.38,crossed,1,0,0
dist,view,M,url,front,any,3.506,crossed,3.29,crossed,1,0,0
dist,view,M,url,phone,jsqr,5.254,crossed,4.95,crossed,1,0,0
dist,view,M,url,phone,zxing,7.76,crossed,6.8,crossed,1,0,0
dist,view,M,url,phone,zxingcpp,6.079,crossed,5.14,crossed,1,0,0
dist,view,M,url,phone,any,5.254,crossed,4.95,crossed,1,0,0
dist,view,M,url,hard,jsqr,7.84,crossed,7.2,crossed,1,0,0
dist,view,M,url,hard,zxing,8,start,8,start,0.333,0,0
dist,view,M,url,hard,zxingcpp,7.84,crossed,7.2,crossed,1,0,0
dist,view,M,url,hard,any,7.84,crossed,7.2,crossed,1,0,0
dist,view,Q,url,front,jsqr,4.399,crossed,3.78,crossed,1,0,0
dist,view,Q,url,front,zxing,4.485,crossed,4.143,crossed,1,0,0
dist,view,Q,url,front,zxingcpp,3.524,crossed,3.38,crossed,1,0,0
dist,view,Q,url,front,any,3.506,crossed,3.29,crossed,1,0,0
dist,view,Q,url,phone,jsqr,7.52,crossed,4.95,crossed,1,0,0
dist,view,Q,url,phone,zxing,7.84,crossed,7.2,crossed,1,0,0
dist,view,Q,url,phone,zxingcpp,6.079,crossed,5.14,crossed,1,0,0
dist,view,Q,url,phone,any,5.254,crossed,4.95,crossed,1,0,0
dist,view,Q,url,hard,jsqr,7.84,crossed,7.2,crossed,1,0,0
dist,view,Q,url,hard,zxing,8,start,8,start,0.333,0,0
dist,view,Q,url,hard,zxingcpp,7.84,crossed,7.2,crossed,1,0,0
dist,view,Q,url,hard,any,7.84,crossed,7.2,crossed,1,0,0
dist,view,H,url,front,jsqr,8,start,3.89,crossed,0.667,0,0
dist,view,H,url,front,zxing,8,start,4.428,crossed,0.667,0,0
dist,view,H,url,front,zxingcpp,3.524,crossed,3.38,crossed,1,0,0
dist,view,H,url,front,any,3.524,crossed,3.38,crossed,1,0,0
dist,view,H,url,phone,jsqr,7.84,crossed,7.2,crossed,1,0,0
dist,view,H,url,phone,zxing,7.84,crossed,7.2,crossed,1,0,0
dist,view,H,url,phone,zxingcpp,5.254,crossed,4.95,crossed,1,0,0
dist,view,H,url,phone,any,5.254,crossed,4.95,crossed,1,0,0
dist,view,H,url,hard,jsqr,7.84,crossed,7.2,crossed,1,0,0
dist,view,H,url,hard,zxing,8,start,8,start,0.333,0,0
dist,view,H,url,hard,zxingcpp,7.84,crossed,7.2,crossed,1,0,0
dist,view,H,url,hard,any,7.84,crossed,7.2,crossed,1,0,0
dist,view,L,long,front,jsqr,7.52,crossed,6.133,crossed,1,0,0
dist,view,L,long,front,zxing,7.52,crossed,6.133,crossed,1,0,0
dist,view,L,long,front,zxingcpp,3.934,crossed,3.67,crossed,1,0,0
dist,view,L,long,front,any,3.934,crossed,3.67,crossed,1,0,0
dist,view,L,long,phone,jsqr,7.84,crossed,7.2,crossed,1,0,0
dist,view,L,long,phone,zxing,7.84,crossed,7.2,crossed,1,0,0
dist,view,L,long,phone,zxingcpp,6.293,crossed,5.865,crossed,1,0,0
dist,view,L,long,phone,any,6.293,crossed,5.865,crossed,1,0,0
dist,view,L,long,hard,jsqr,8,start,8,start,0,0,0
dist,view,L,long,hard,zxing,8,start,8,start,0,0,0
dist,view,L,long,hard,zxingcpp,7.84,crossed,7.2,crossed,1,0,0
dist,view,L,long,hard,any,7.84,crossed,7.2,crossed,1,0,0
dist,view,M,long,front,jsqr,8,start,5.598,crossed,0.667,0,0
dist,view,M,long,front,zxing,8,start,5.865,crossed,0.667,0,0
dist,view,M,long,front,zxingcpp,3.524,crossed,3.38,crossed,1,0,0
dist,view,M,long,front,any,3.524,crossed,3.38,crossed,1,0,0
dist,view,M,long,phone,jsqr,8,start,8,start,0,0,0
dist,view,M,long,phone,zxing,8,start,8,start,0,0,0
dist,view,M,long,phone,zxingcpp,6.293,crossed,5.865,crossed,1,0,0
dist,view,M,long,phone,any,6.24,crossed,5.598,crossed,1,0,0
dist,view,M,long,hard,jsqr,8,start,8,start,0,0,0
dist,view,M,long,hard,zxing,8,start,8,start,0,0,0
dist,view,M,long,hard,zxingcpp,7.84,crossed,7.2,crossed,1,0,0
dist,view,M,long,hard,any,7.84,crossed,7.2,crossed,1,0,0
dist,view,Q,long,front,jsqr,8,start,7.2,crossed,0.667,0,0
dist,view,Q,long,front,zxing,8,start,7.2,crossed,0.667,0,0
dist,view,Q,long,front,zxingcpp,3.524,crossed,3.38,crossed,1,0,0
dist,view,Q,long,front,any,3.524,crossed,3.38,crossed,1,0,0
dist,view,Q,long,phone,jsqr,8,start,8,start,0,0,0
dist,view,Q,long,phone,zxing,8,start,8,start,0,0,0
dist,view,Q,long,phone,zxingcpp,5.254,crossed,4.95,crossed,1,0,0
dist,view,Q,long,phone,any,5.254,crossed,4.95,crossed,1,0,0
dist,view,Q,long,hard,jsqr,8,start,8,start,0,0,0
dist,view,Q,long,hard,zxing,8,start,8,start,0,0,0
dist,view,Q,long,hard,zxingcpp,7.84,crossed,7.2,crossed,1,0,0
dist,view,Q,long,hard,any,7.84,crossed,7.2,crossed,1,0,0
dist,view,H,long,front,jsqr,8,start,8,start,0.333,0,0
dist,view,H,long,front,zxing,8,start,8,start,0.333,0,0
dist,view,H,long,front,zxingcpp,3.524,crossed,3.38,crossed,1,0,0
dist,view,H,long,front,any,3.524,crossed,3.38,crossed,1,0,0
dist,view,H,long,phone,jsqr,8,start,8,start,0,0,0
dist,view,H,long,phone,zxing,8,start,8,start,0,0,0
dist,view,H,long,phone,zxingcpp,5.254,crossed,4.95,crossed,1,0,0
dist,view,H,long,phone,any,5.254,crossed,4.95,crossed,1,0,0
dist,view,H,long,hard,jsqr,8,start,8,start,0,0,0
dist,view,H,long,hard,zxing,8,start,8,start,0,0,0
dist,view,H,long,hard,zxingcpp,7.84,crossed,7.2,crossed,1,0,0
dist,view,H,long,hard,any,7.84,crossed,7.2,crossed,1,0,0
dmg-scratch-all,damage,L,all,front,jsqr,0.22,crossed,0.3,crossed,1,0,0
dmg-scratch-all,damage,L,all,front,zxing,0.22,crossed,0.4,crossed,1,0,0
dmg-scratch-all,damage,L,all,front,zxingcpp,0.22,crossed,0.7,crossed,1,0,0
dmg-scratch-all,damage,L,all,front,any,0.22,crossed,0.7,crossed,1,0,0
dmg-scratch-all,damage,L,all,phone,jsqr,0.02,crossed,0.7,crossed,1,0,0
dmg-scratch-all,damage,L,all,phone,zxing,0.41,crossed,0.45,crossed,1,0,0
dmg-scratch-all,damage,L,all,phone,zxingcpp,0.22,crossed,0.7,crossed,1,0,0
dmg-scratch-all,damage,L,all,phone,any,0.42,crossed,0.7,crossed,1,0,0
dmg-scratch-all,damage,M,all,front,jsqr,0.62,crossed,0.7,crossed,1,0,0
dmg-scratch-all,damage,M,all,front,zxing,0.42,crossed,0.6,crossed,1,0,0
dmg-scratch-all,damage,M,all,front,zxingcpp,0.62,crossed,,never,1,0.5,0.5
dmg-scratch-all,damage,M,all,front,any,0.62,crossed,,never,1,0.5,0.5
dmg-scratch-all,damage,M,all,phone,jsqr,0.42,crossed,0.7,crossed,1,0,0
dmg-scratch-all,damage,M,all,phone,zxing,0.02,crossed,0.4,crossed,1,0,0
dmg-scratch-all,damage,M,all,phone,zxingcpp,0.42,crossed,0.7,crossed,1,0,0
dmg-scratch-all,damage,M,all,phone,any,0.42,crossed,0.7,crossed,1,0,0
dmg-scratch-all,damage,Q,all,front,jsqr,0.71,crossed,0.75,crossed,1,0,0
dmg-scratch-all,damage,Q,all,front,zxing,0.52,crossed,0.6,crossed,1,0,0
dmg-scratch-all,damage,Q,all,front,zxingcpp,0.72,crossed,,never,1,0.5,0.5
dmg-scratch-all,damage,Q,all,front,any,0.72,crossed,,never,1,0.5,0.5
dmg-scratch-all,damage,Q,all,phone,jsqr,0.22,crossed,0.7,crossed,1,0,0
dmg-scratch-all,damage,Q,all,phone,zxing,0.02,crossed,0.4,crossed,1,0,0
dmg-scratch-all,damage,Q,all,phone,zxingcpp,0.42,crossed,0.7,crossed,1,0,0
dmg-scratch-all,damage,Q,all,phone,any,0.42,crossed,0.7,crossed,1,0,0
dmg-scratch-all,damage,H,all,front,jsqr,0,start,0.7,crossed,0.5,0,0
dmg-scratch-all,damage,H,all,front,zxing,0,start,0.6,crossed,0.5,0,0
dmg-scratch-all,damage,H,all,front,zxingcpp,0.12,crossed,,never,1,0.5,0.5
dmg-scratch-all,damage,H,all,front,any,0.72,crossed,,never,1,0.5,0.5
dmg-scratch-all,damage,H,all,phone,jsqr,0.62,crossed,,never,1,0.5,0.5
dmg-scratch-all,damage,H,all,phone,zxing,0.12,crossed,,never,1,0.5,0.5
dmg-scratch-all,damage,H,all,phone,zxingcpp,0.42,crossed,0.5,crossed,1,0.5,0
dmg-scratch-all,damage,H,all,phone,any,0.62,crossed,,never,1,0.5,0.5
dmg-scratch-all,damage,L,url,front,jsqr,0.22,crossed,0.3,crossed,1,0,0
dmg-scratch-all,damage,L,url,front,zxing,0.22,crossed,0.4,crossed,1,0,0
dmg-scratch-all,damage,L,url,front,zxingcpp,0.22,crossed,0.7,crossed,1,0,0
dmg-scratch-all,damage,L,url,front,any,0.22,crossed,0.7,crossed,1,0,0
dmg-scratch-all,damage,L,url,phone,jsqr,0.02,crossed,0.7,crossed,1,0,0
dmg-scratch-all,damage,L,url,phone,zxing,0.41,crossed,0.45,crossed,1,0,0
dmg-scratch-all,damage,L,url,phone,zxingcpp,0.22,crossed,0.7,crossed,1,0,0
dmg-scratch-all,damage,L,url,phone,any,0.42,crossed,0.7,crossed,1,0,0
dmg-scratch-all,damage,M,url,front,jsqr,0.62,crossed,0.7,crossed,1,0,0
dmg-scratch-all,damage,M,url,front,zxing,0.42,crossed,0.6,crossed,1,0,0
dmg-scratch-all,damage,M,url,front,zxingcpp,0.62,crossed,,never,1,0.5,0.5
dmg-scratch-all,damage,M,url,front,any,0.62,crossed,,never,1,0.5,0.5
dmg-scratch-all,damage,M,url,phone,jsqr,0.42,crossed,0.7,crossed,1,0,0
dmg-scratch-all,damage,M,url,phone,zxing,0.02,crossed,0.4,crossed,1,0,0
dmg-scratch-all,damage,M,url,phone,zxingcpp,0.42,crossed,0.7,crossed,1,0,0
dmg-scratch-all,damage,M,url,phone,any,0.42,crossed,0.7,crossed,1,0,0
dmg-scratch-all,damage,Q,url,front,jsqr,0.71,crossed,0.75,crossed,1,0,0
dmg-scratch-all,damage,Q,url,front,zxing,0.52,crossed,0.6,crossed,1,0,0
dmg-scratch-all,damage,Q,url,front,zxingcpp,0.72,crossed,,never,1,0.5,0.5
dmg-scratch-all,damage,Q,url,front,any,0.72,crossed,,never,1,0.5,0.5
dmg-scratch-all,damage,Q,url,phone,jsqr,0.22,crossed,0.7,crossed,1,0,0
dmg-scratch-all,damage,Q,url,phone,zxing,0.02,crossed,0.4,crossed,1,0,0
dmg-scratch-all,damage,Q,url,phone,zxingcpp,0.42,crossed,0.7,crossed,1,0,0
dmg-scratch-all,damage,Q,url,phone,any,0.42,crossed,0.7,crossed,1,0,0
dmg-scratch-all,damage,H,url,front,jsqr,0,start,0.7,crossed,0.5,0,0
dmg-scratch-all,damage,H,url,front,zxing,0,start,0.6,crossed,0.5,0,0
dmg-scratch-all,damage,H,url,front,zxingcpp,0.12,crossed,,never,1,0.5,0.5
dmg-scratch-all,damage,H,url,front,any,0.72,crossed,,never,1,0.5,0.5
dmg-scratch-all,damage,H,url,phone,jsqr,0.62,crossed,,never,1,0.5,0.5
dmg-scratch-all,damage,H,url,phone,zxing,0.12,crossed,,never,1,0.5,0.5
dmg-scratch-all,damage,H,url,phone,zxingcpp,0.42,crossed,0.5,crossed,1,0.5,0
dmg-scratch-all,damage,H,url,phone,any,0.62,crossed,,never,1,0.5,0.5
dmg-scratch-corner,damage,L,all,front,jsqr,0.62,crossed,0.7,crossed,1,0,0
dmg-scratch-corner,damage,L,all,front,zxing,0.62,crossed,0.7,crossed,1,0,0
dmg-scratch-corner,damage,L,all,front,zxingcpp,,never,,never,1,1,1
dmg-scratch-corner,damage,L,all,front,any,,never,,never,1,1,1
dmg-scratch-corner,damage,L,all,phone,jsqr,,never,,never,1,1,1
dmg-scratch-corner,damage,L,all,phone,zxing,,never,,never,1,1,1
dmg-scratch-corner,damage,L,all,phone,zxingcpp,0.62,crossed,,never,1,0.5,0.5
dmg-scratch-corner,damage,L,all,phone,any,,never,,never,1,1,1
dmg-scratch-corner,damage,M,all,front,jsqr,0.72,crossed,,never,1,1,0.5
dmg-scratch-corner,damage,M,all,front,zxing,0.72,crossed,,never,1,0.5,0.5
dmg-scratch-corner,damage,M,all,front,zxingcpp,,never,,never,1,1,1
dmg-scratch-corner,damage,M,all,front,any,,never,,never,1,1,1
dmg-scratch-corner,damage,M,all,phone,jsqr,0.02,crossed,,never,1,0.5,0.5
dmg-scratch-corner,damage,M,all,phone,zxing,0.72,crossed,,never,1,0.5,0.5
dmg-scratch-corner,damage,M,all,phone,zxingcpp,0.02,crossed,,never,1,0.5,0.5
dmg-scratch-corner,damage,M,all,phone,any,0.72,crossed,,never,1,0.5,0.5
dmg-scratch-corner,damage,Q,all,front,jsqr,,never,,never,1,1,1
dmg-scratch-corner,damage,Q,all,front,zxing,0.72,crossed,,never,1,0.5,0.5
dmg-scratch-corner,damage,Q,all,front,zxingcpp,,never,,never,1,1,1
dmg-scratch-corner,damage,Q,all,front,any,,never,,never,1,1,1
dmg-scratch-corner,damage,Q,all,phone,jsqr,0.72,crossed,,never,1,0.5,0.5
dmg-scratch-corner,damage,Q,all,phone,zxing,0.72,crossed,,never,1,0.5,0.5
dmg-scratch-corner,damage,Q,all,phone,zxingcpp,,never,,never,1,1,1
dmg-scratch-corner,damage,Q,all,phone,any,,never,,never,1,1,1
dmg-scratch-corner,damage,H,all,front,jsqr,0,start,0.2,crossed,0.5,0.5,0
dmg-scratch-corner,damage,H,all,front,zxing,0,start,,never,0.5,0.5,0.5
dmg-scratch-corner,damage,H,all,front,zxingcpp,,never,,never,1,1,1
dmg-scratch-corner,damage,H,all,front,any,,never,,never,1,1,1
dmg-scratch-corner,damage,H,all,phone,jsqr,0.12,crossed,0.7,crossed,1,0.5,0
dmg-scratch-corner,damage,H,all,phone,zxing,0.02,crossed,0.9,crossed,1,0,0
dmg-scratch-corner,damage,H,all,phone,zxingcpp,0.12,crossed,,never,1,0.5,0.5
dmg-scratch-corner,damage,H,all,phone,any,0.12,crossed,,never,1,0.5,0.5
dmg-scratch-corner,damage,L,url,front,jsqr,0.62,crossed,0.7,crossed,1,0,0
dmg-scratch-corner,damage,L,url,front,zxing,0.62,crossed,0.7,crossed,1,0,0
dmg-scratch-corner,damage,L,url,front,zxingcpp,,never,,never,1,1,1
dmg-scratch-corner,damage,L,url,front,any,,never,,never,1,1,1
dmg-scratch-corner,damage,L,url,phone,jsqr,,never,,never,1,1,1
dmg-scratch-corner,damage,L,url,phone,zxing,,never,,never,1,1,1
dmg-scratch-corner,damage,L,url,phone,zxingcpp,0.62,crossed,,never,1,0.5,0.5
dmg-scratch-corner,damage,L,url,phone,any,,never,,never,1,1,1
dmg-scratch-corner,damage,M,url,front,jsqr,0.72,crossed,,never,1,1,0.5
dmg-scratch-corner,damage,M,url,front,zxing,0.72,crossed,,never,1,0.5,0.5
dmg-scratch-corner,damage,M,url,front,zxingcpp,,never,,never,1,1,1
dmg-scratch-corner,damage,M,url,front,any,,never,,never,1,1,1
dmg-scratch-corner,damage,M,url,phone,jsqr,0.02,crossed,,never,1,0.5,0.5
dmg-scratch-corner,damage,M,url,phone,zxing,0.72,crossed,,never,1,0.5,0.5
dmg-scratch-corner,damage,M,url,phone,zxingcpp,0.02,crossed,,never,1,0.5,0.5
dmg-scratch-corner,damage,M,url,phone,any,0.72,crossed,,never,1,0.5,0.5
dmg-scratch-corner,damage,Q,url,front,jsqr,,never,,never,1,1,1
dmg-scratch-corner,damage,Q,url,front,zxing,0.72,crossed,,never,1,0.5,0.5
dmg-scratch-corner,damage,Q,url,front,zxingcpp,,never,,never,1,1,1
dmg-scratch-corner,damage,Q,url,front,any,,never,,never,1,1,1
dmg-scratch-corner,damage,Q,url,phone,jsqr,0.72,crossed,,never,1,0.5,0.5
dmg-scratch-corner,damage,Q,url,phone,zxing,0.72,crossed,,never,1,0.5,0.5
dmg-scratch-corner,damage,Q,url,phone,zxingcpp,,never,,never,1,1,1
dmg-scratch-corner,damage,Q,url,phone,any,,never,,never,1,1,1
dmg-scratch-corner,damage,H,url,front,jsqr,0,start,0.2,crossed,0.5,0.5,0
dmg-scratch-corner,damage,H,url,front,zxing,0,start,,never,0.5,0.5,0.5
dmg-scratch-corner,damage,H,url,front,zxingcpp,,never,,never,1,1,1
dmg-scratch-corner,damage,H,url,front,any,,never,,never,1,1,1
dmg-scratch-corner,damage,H,url,phone,jsqr,0.12,crossed,0.7,crossed,1,0.5,0
dmg-scratch-corner,damage,H,url,phone,zxing,0.02,crossed,0.9,crossed,1,0,0
dmg-scratch-corner,damage,H,url,phone,zxingcpp,0.12,crossed,,never,1,0.5,0.5
dmg-scratch-corner,damage,H,url,phone,any,0.12,crossed,,never,1,0.5,0.5
dmg-scratch-center,damage,L,all,front,jsqr,0.42,crossed,0.8,crossed,1,0,0
dmg-scratch-center,damage,L,all,front,zxing,0.71,crossed,0.75,crossed,1,0,0
dmg-scratch-center,damage,L,all,front,zxingcpp,0.91,crossed,0.95,crossed,1,0,0
dmg-scratch-center,damage,L,all,front,any,0.91,crossed,0.95,crossed,1,0,0
dmg-scratch-center,damage,L,all,phone,jsqr,,never,,never,1,1,1
dmg-scratch-center,damage,L,all,phone,zxing,0.82,crossed,,never,1,0.5,0.5
dmg-scratch-center,damage,L,all,phone,zxingcpp,,never,,never,1,1,1
dmg-scratch-center,damage,L,all,phone,any,,never,,never,1,1,1
dmg-scratch-center,damage,M,all,front,jsqr,,never,,never,1,1,1
dmg-scratch-center,damage,M,all,front,zxing,,never,,never,1,1,1
dmg-scratch-center,damage,M,all,front,zxingcpp,,never,,never,1,1,1
dmg-scratch-center,damage,M,all,front,any,,never,,never,1,1,1
dmg-scratch-center,damage,M,all,phone,jsqr,,never,,never,1,1,1
dmg-scratch-center,damage,M,all,phone,zxing,,never,,never,1,1,1
dmg-scratch-center,damage,M,all,phone,zxingcpp,,never,,never,1,1,1
dmg-scratch-center,damage,M,all,phone,any,,never,,never,1,1,1
dmg-scratch-center,damage,Q,all,front,jsqr,,never,,never,1,1,1
dmg-scratch-center,damage,Q,all,front,zxing,,never,,never,1,1,1
dmg-scratch-center,damage,Q,all,front,zxingcpp,,never,,never,1,1,1
dmg-scratch-center,damage,Q,all,front,any,,never,,never,1,1,1
dmg-scratch-center,damage,Q,all,phone,jsqr,,never,,never,1,1,1
dmg-scratch-center,damage,Q,all,phone,zxing,,never,,never,1,1,1
dmg-scratch-center,damage,Q,all,phone,zxingcpp,,never,,never,1,1,1
dmg-scratch-center,damage,Q,all,phone,any,,never,,never,1,1,1
dmg-scratch-center,damage,H,all,front,jsqr,0,start,,never,0.5,0.5,0.5
dmg-scratch-center,damage,H,all,front,zxing,0,start,,never,0.5,0.5,0.5
dmg-scratch-center,damage,H,all,front,zxingcpp,,never,,never,1,1,1
dmg-scratch-center,damage,H,all,front,any,,never,,never,1,1,1
dmg-scratch-center,damage,H,all,phone,jsqr,,never,,never,1,1,1
dmg-scratch-center,damage,H,all,phone,zxing,,never,,never,1,1,1
dmg-scratch-center,damage,H,all,phone,zxingcpp,,never,,never,1,1,1
dmg-scratch-center,damage,H,all,phone,any,,never,,never,1,1,1
dmg-scratch-center,damage,L,url,front,jsqr,0.42,crossed,0.8,crossed,1,0,0
dmg-scratch-center,damage,L,url,front,zxing,0.71,crossed,0.75,crossed,1,0,0
dmg-scratch-center,damage,L,url,front,zxingcpp,0.91,crossed,0.95,crossed,1,0,0
dmg-scratch-center,damage,L,url,front,any,0.91,crossed,0.95,crossed,1,0,0
dmg-scratch-center,damage,L,url,phone,jsqr,,never,,never,1,1,1
dmg-scratch-center,damage,L,url,phone,zxing,0.82,crossed,,never,1,0.5,0.5
dmg-scratch-center,damage,L,url,phone,zxingcpp,,never,,never,1,1,1
dmg-scratch-center,damage,L,url,phone,any,,never,,never,1,1,1
dmg-scratch-center,damage,M,url,front,jsqr,,never,,never,1,1,1
dmg-scratch-center,damage,M,url,front,zxing,,never,,never,1,1,1
dmg-scratch-center,damage,M,url,front,zxingcpp,,never,,never,1,1,1
dmg-scratch-center,damage,M,url,front,any,,never,,never,1,1,1
dmg-scratch-center,damage,M,url,phone,jsqr,,never,,never,1,1,1
dmg-scratch-center,damage,M,url,phone,zxing,,never,,never,1,1,1
dmg-scratch-center,damage,M,url,phone,zxingcpp,,never,,never,1,1,1
dmg-scratch-center,damage,M,url,phone,any,,never,,never,1,1,1
dmg-scratch-center,damage,Q,url,front,jsqr,,never,,never,1,1,1
dmg-scratch-center,damage,Q,url,front,zxing,,never,,never,1,1,1
dmg-scratch-center,damage,Q,url,front,zxingcpp,,never,,never,1,1,1
dmg-scratch-center,damage,Q,url,front,any,,never,,never,1,1,1
dmg-scratch-center,damage,Q,url,phone,jsqr,,never,,never,1,1,1
dmg-scratch-center,damage,Q,url,phone,zxing,,never,,never,1,1,1
dmg-scratch-center,damage,Q,url,phone,zxingcpp,,never,,never,1,1,1
dmg-scratch-center,damage,Q,url,phone,any,,never,,never,1,1,1
dmg-scratch-center,damage,H,url,front,jsqr,0,start,,never,0.5,0.5,0.5
dmg-scratch-center,damage,H,url,front,zxing,0,start,,never,0.5,0.5,0.5
dmg-scratch-center,damage,H,url,front,zxingcpp,,never,,never,1,1,1
dmg-scratch-center,damage,H,url,front,any,,never,,never,1,1,1
dmg-scratch-center,damage,H,url,phone,jsqr,,never,,never,1,1,1
dmg-scratch-center,damage,H,url,phone,zxing,,never,,never,1,1,1
dmg-scratch-center,damage,H,url,phone,zxingcpp,,never,,never,1,1,1
dmg-scratch-center,damage,H,url,phone,any,,never,,never,1,1,1
dmg-scratch-finder,damage,L,all,front,jsqr,0.22,crossed,0.6,crossed,1,0.5,0
dmg-scratch-finder,damage,L,all,front,zxing,0.02,crossed,0.3,crossed,1,0,0
dmg-scratch-finder,damage,L,all,front,zxingcpp,0.22,crossed,0.7,crossed,1,0,0
dmg-scratch-finder,damage,L,all,front,any,0.22,crossed,,never,1,0.5,0.5
dmg-scratch-finder,damage,L,all,phone,jsqr,0.72,crossed,,never,1,1,0.5
dmg-scratch-finder,damage,L,all,phone,zxing,0.22,crossed,0.7,crossed,1,0.5,0
dmg-scratch-finder,damage,L,all,phone,zxingcpp,0.22,crossed,0.3,crossed,1,0,0
dmg-scratch-finder,damage,L,all,phone,any,,never,,never,1,1,1
dmg-scratch-finder,damage,M,all,front,jsqr,0.22,crossed,,never,1,0.5,0.5
dmg-scratch-finder,damage,M,all,front,zxing,0.02,crossed,0.5,crossed,1,0,0
dmg-scratch-finder,damage,M,all,front,zxingcpp,0.22,crossed,0.3,crossed,1,0,0
dmg-scratch-finder,damage,M,all,front,any,0.22,crossed,,never,1,0.5,0.5
dmg-scratch-finder,damage,M,all,phone,jsqr,0.22,crossed,0.7,crossed,1,0,0
dmg-scratch-finder,damage,M,all,phone,zxing,0.22,crossed,,never,1,1,0.5
dmg-scratch-finder,damage,M,all,phone,zxingcpp,0.22,crossed,0.3,crossed,1,0,0
dmg-scratch-finder,damage,M,all,phone,any,0.22,crossed,,never,1,1,0.5
dmg-scratch-finder,damage,Q,all,front,jsqr,0.22,crossed,,never,1,0.5,0.5
dmg-scratch-finder,damage,Q,all,front,zxing,0.02,crossed,0.5,crossed,1,0,0
dmg-scratch-finder,damage,Q,all,front,zxingcpp,0.22,crossed,0.3,crossed,1,0,0
dmg-scratch-finder,damage,Q,all,front,any,0.22,crossed,,never,1,0.5,0.5
dmg-scratch-finder,damage,Q,all,phone,jsqr,0.32,crossed,,never,1,1,0.5
dmg-scratch-finder,damage,Q,all,phone,zxing,0.22,crossed,,never,1,1,0.5
dmg-scratch-finder,damage,Q,all,phone,zxingcpp,0.22,crossed,0.8,crossed,1,0,0
dmg-scratch-finder,damage,Q,all,phone,any,0.32,crossed,,never,1,1,0.5
dmg-scratch-finder,damage,H,all,front,jsqr,0,start,0.2,crossed,0.5,1,0
dmg-scratch-finder,damage,H,all,front,zxing,0,start,0,crossed,0.5,0,0
dmg-scratch-finder,damage,H,all,front,zxingcpp,0.22,crossed,0.3,crossed,1,0,0
dmg-scratch-finder,damage,H,all,front,any,0.22,crossed,,never,1,1,0.5
dmg-scratch-finder,damage,H,all,phone,jsqr,0.02,crossed,,never,1,1,0.5
dmg-scratch-finder,damage,H,all,phone,zxing,0.02,crossed,0.2,crossed,1,0.5,0
dmg-scratch-finder,damage,H,all,phone,zxingcpp,0.22,crossed,0.9,crossed,1,0,0
dmg-scratch-finder,damage,H,all,phone,any,,never,,never,1,1,1
dmg-scratch-finder,damage,L,url,front,jsqr,0.22,crossed,0.6,crossed,1,0.5,0
dmg-scratch-finder,damage,L,url,front,zxing,0.02,crossed,0.3,crossed,1,0,0
dmg-scratch-finder,damage,L,url,front,zxingcpp,0.22,crossed,0.7,crossed,1,0,0
dmg-scratch-finder,damage,L,url,front,any,0.22,crossed,,never,1,0.5,0.5
dmg-scratch-finder,damage,L,url,phone,jsqr,0.72,crossed,,never,1,1,0.5
dmg-scratch-finder,damage,L,url,phone,zxing,0.22,crossed,0.7,crossed,1,0.5,0
dmg-scratch-finder,damage,L,url,phone,zxingcpp,0.22,crossed,0.3,crossed,1,0,0
dmg-scratch-finder,damage,L,url,phone,any,,never,,never,1,1,1
dmg-scratch-finder,damage,M,url,front,jsqr,0.22,crossed,,never,1,0.5,0.5
dmg-scratch-finder,damage,M,url,front,zxing,0.02,crossed,0.5,crossed,1,0,0
dmg-scratch-finder,damage,M,url,front,zxingcpp,0.22,crossed,0.3,crossed,1,0,0
dmg-scratch-finder,damage,M,url,front,any,0.22,crossed,,never,1,0.5,0.5
dmg-scratch-finder,damage,M,url,phone,jsqr,0.22,crossed,0.7,crossed,1,0,0
dmg-scratch-finder,damage,M,url,phone,zxing,0.22,crossed,,never,1,1,0.5
dmg-scratch-finder,damage,M,url,phone,zxingcpp,0.22,crossed,0.3,crossed,1,0,0
dmg-scratch-finder,damage,M,url,phone,any,0.22,crossed,,never,1,1,0.5
dmg-scratch-finder,damage,Q,url,front,jsqr,0.22,crossed,,never,1,0.5,0.5
dmg-scratch-finder,damage,Q,url,front,zxing,0.02,crossed,0.5,crossed,1,0,0
dmg-scratch-finder,damage,Q,url,front,zxingcpp,0.22,crossed,0.3,crossed,1,0,0
dmg-scratch-finder,damage,Q,url,front,any,0.22,crossed,,never,1,0.5,0.5
dmg-scratch-finder,damage,Q,url,phone,jsqr,0.32,crossed,,never,1,1,0.5
dmg-scratch-finder,damage,Q,url,phone,zxing,0.22,crossed,,never,1,1,0.5
dmg-scratch-finder,damage,Q,url,phone,zxingcpp,0.22,crossed,0.8,crossed,1,0,0
dmg-scratch-finder,damage,Q,url,phone,any,0.32,crossed,,never,1,1,0.5
dmg-scratch-finder,damage,H,url,front,jsqr,0,start,0.2,crossed,0.5,1,0
dmg-scratch-finder,damage,H,url,front,zxing,0,start,0,crossed,0.5,0,0
dmg-scratch-finder,damage,H,url,front,zxingcpp,0.22,crossed,0.3,crossed,1,0,0
dmg-scratch-finder,damage,H,url,front,any,0.22,crossed,,never,1,1,0.5
dmg-scratch-finder,damage,H,url,phone,jsqr,0.02,crossed,,never,1,1,0.5
dmg-scratch-finder,damage,H,url,phone,zxing,0.02,crossed,0.2,crossed,1,0.5,0
dmg-scratch-finder,damage,H,url,phone,zxingcpp,0.22,crossed,0.9,crossed,1,0,0
dmg-scratch-finder,damage,H,url,phone,any,,never,,never,1,1,1
dmg-scratch-edge,damage,L,all,front,jsqr,0.22,crossed,0.5,crossed,1,0,0
dmg-scratch-edge,damage,L,all,front,zxing,0.02,crossed,0.2,crossed,1,0,0
dmg-scratch-edge,damage,L,all,front,zxingcpp,0.02,crossed,0.9,crossed,1,0,0
dmg-scratch-edge,damage,L,all,front,any,0.22,crossed,0.9,crossed,1,0,0
dmg-scratch-edge,damage,L,all,phone,jsqr,0.52,crossed,,never,1,0.5,0.5
dmg-scratch-edge,damage,L,all,phone,zxing,0.21,crossed,0.25,crossed,1,0,0
dmg-scratch-edge,damage,L,all,phone,zxingcpp,0.02,crossed,0.5,crossed,1,0,0
dmg-scratch-edge,damage,L,all,phone,any,0.52,crossed,,never,1,0.5,0.5
dmg-scratch-edge,damage,M,all,front,jsqr,0.22,crossed,0.5,crossed,1,0,0
dmg-scratch-edge,damage,M,all,front,zxing,0.02,crossed,0.2,crossed,1,0,0
dmg-scratch-edge,damage,M,all,front,zxingcpp,0.22,crossed,0.7,crossed,1,0,0
dmg-scratch-edge,damage,M,all,front,any,0.22,crossed,0.7,crossed,1,0,0
dmg-scratch-edge,damage,M,all,phone,jsqr,0.32,crossed,0.5,crossed,1,0.5,0
dmg-scratch-edge,damage,M,all,phone,zxing,0.22,crossed,0.7,crossed,1,0.5,0
dmg-scratch-edge,damage,M,all,phone,zxingcpp,0.02,crossed,0.5,crossed,1,0,0
dmg-scratch-edge,damage,M,all,phone,any,0.32,crossed,,never,1,0.5,0.5
dmg-scratch-edge,damage,Q,all,front,jsqr,0.22,crossed,0.5,crossed,1,0,0
dmg-scratch-edge,damage,Q,all,front,zxing,0.02,crossed,0.2,crossed,1,0,0
dmg-scratch-edge,damage,Q,all,front,zxingcpp,0.22,crossed,0.7,crossed,1,0,0
dmg-scratch-edge,damage,Q,all,front,any,0.22,crossed,0.7,crossed,1,0,0
dmg-scratch-edge,damage,Q,all,phone,jsqr,0.22,crossed,,never,1,0.5,0.5
dmg-scratch-edge,damage,Q,all,phone,zxing,0.22,crossed,,never,1,0.5,0.5
dmg-scratch-edge,damage,Q,all,phone,zxingcpp,0.02,crossed,0.5,crossed,1,0,0
dmg-scratch-edge,damage,Q,all,phone,any,0.22,crossed,,never,1,0.5,0.5
dmg-scratch-edge,damage,H,all,front,jsqr,0,start,0.5,crossed,0.5,0.5,0
dmg-scratch-edge,damage,H,all,front,zxing,0,start,0,crossed,0.5,0.5,0
dmg-scratch-edge,damage,H,all,front,zxingcpp,0.02,crossed,0.5,crossed,1,0,0
dmg-scratch-edge,damage,H,all,front,any,0.22,crossed,,never,1,0.5,0.5
dmg-scratch-edge,damage,H,all,phone,jsqr,0.22,crossed,,never,1,0.5,0.5
dmg-scratch-edge,damage,H,all,phone,zxing,0.22,crossed,0.9,crossed,1,0,0
dmg-scratch-edge,damage,H,all,phone,zxingcpp,0.02,crossed,0.7,crossed,1,0,0
dmg-scratch-edge,damage,H,all,phone,any,0.22,crossed,,never,1,0.5,0.5
dmg-scratch-edge,damage,L,url,front,jsqr,0.22,crossed,0.5,crossed,1,0,0
dmg-scratch-edge,damage,L,url,front,zxing,0.02,crossed,0.2,crossed,1,0,0
dmg-scratch-edge,damage,L,url,front,zxingcpp,0.02,crossed,0.9,crossed,1,0,0
dmg-scratch-edge,damage,L,url,front,any,0.22,crossed,0.9,crossed,1,0,0
dmg-scratch-edge,damage,L,url,phone,jsqr,0.52,crossed,,never,1,0.5,0.5
dmg-scratch-edge,damage,L,url,phone,zxing,0.21,crossed,0.25,crossed,1,0,0
dmg-scratch-edge,damage,L,url,phone,zxingcpp,0.02,crossed,0.5,crossed,1,0,0
dmg-scratch-edge,damage,L,url,phone,any,0.52,crossed,,never,1,0.5,0.5
dmg-scratch-edge,damage,M,url,front,jsqr,0.22,crossed,0.5,crossed,1,0,0
dmg-scratch-edge,damage,M,url,front,zxing,0.02,crossed,0.2,crossed,1,0,0
dmg-scratch-edge,damage,M,url,front,zxingcpp,0.22,crossed,0.7,crossed,1,0,0
dmg-scratch-edge,damage,M,url,front,any,0.22,crossed,0.7,crossed,1,0,0
dmg-scratch-edge,damage,M,url,phone,jsqr,0.32,crossed,0.5,crossed,1,0.5,0
dmg-scratch-edge,damage,M,url,phone,zxing,0.22,crossed,0.7,crossed,1,0.5,0
dmg-scratch-edge,damage,M,url,phone,zxingcpp,0.02,crossed,0.5,crossed,1,0,0
dmg-scratch-edge,damage,M,url,phone,any,0.32,crossed,,never,1,0.5,0.5
dmg-scratch-edge,damage,Q,url,front,jsqr,0.22,crossed,0.5,crossed,1,0,0
dmg-scratch-edge,damage,Q,url,front,zxing,0.02,crossed,0.2,crossed,1,0,0
dmg-scratch-edge,damage,Q,url,front,zxingcpp,0.22,crossed,0.7,crossed,1,0,0
dmg-scratch-edge,damage,Q,url,front,any,0.22,crossed,0.7,crossed,1,0,0
dmg-scratch-edge,damage,Q,url,phone,jsqr,0.22,crossed,,never,1,0.5,0.5
dmg-scratch-edge,damage,Q,url,phone,zxing,0.22,crossed,,never,1,0.5,0.5
dmg-scratch-edge,damage,Q,url,phone,zxingcpp,0.02,crossed,0.5,crossed,1,0,0
dmg-scratch-edge,damage,Q,url,phone,any,0.22,crossed,,never,1,0.5,0.5
dmg-scratch-edge,damage,H,url,front,jsqr,0,start,0.5,crossed,0.5,0.5,0
dmg-scratch-edge,damage,H,url,front,zxing,0,start,0,crossed,0.5,0.5,0
dmg-scratch-edge,damage,H,url,front,zxingcpp,0.02,crossed,0.5,crossed,1,0,0
dmg-scratch-edge,damage,H,url,front,any,0.22,crossed,,never,1,0.5,0.5
dmg-scratch-edge,damage,H,url,phone,jsqr,0.22,crossed,,never,1,0.5,0.5
dmg-scratch-edge,damage,H,url,phone,zxing,0.22,crossed,0.9,crossed,1,0,0
dmg-scratch-edge,damage,H,url,phone,zxingcpp,0.02,crossed,0.7,crossed,1,0,0
dmg-scratch-edge,damage,H,url,phone,any,0.22,crossed,,never,1,0.5,0.5
dmg-sticker-all,damage,L,all,front,jsqr,0.22,crossed,0.3,crossed,1,0,0
dmg-sticker-all,damage,L,all,front,zxing,0.31,crossed,0.35,crossed,1,0,0
dmg-sticker-all,damage,L,all,front,zxingcpp,0.31,crossed,0.35,crossed,1,0,0
dmg-sticker-all,damage,L,all,front,any,0.31,crossed,0.35,crossed,1,0,0
dmg-sticker-all,damage,L,all,phone,jsqr,0.31,crossed,0.35,crossed,1,0,0
dmg-sticker-all,damage,L,all,phone,zxing,0.31,crossed,0.35,crossed,1,0,0
dmg-sticker-all,damage,L,all,phone,zxingcpp,0.31,crossed,0.35,crossed,1,0,0
dmg-sticker-all,damage,L,all,phone,any,0.31,crossed,0.35,crossed,1,0,0
dmg-sticker-all,damage,M,all,front,jsqr,0.41,crossed,0.45,crossed,1,0,0
dmg-sticker-all,damage,M,all,front,zxing,0.41,crossed,0.45,crossed,1,0,0
dmg-sticker-all,damage,M,all,front,zxingcpp,0.42,crossed,0.5,crossed,1,0,0
dmg-sticker-all,damage,M,all,front,any,0.42,crossed,0.5,crossed,1,0,0
dmg-sticker-all,damage,M,all,phone,jsqr,0.41,crossed,0.45,crossed,1,0,0
dmg-sticker-all,damage,M,all,phone,zxing,0.41,crossed,0.45,crossed,1,0,0
dmg-sticker-all,damage,M,all,phone,zxingcpp,0.41,crossed,0.45,crossed,1,0,0
dmg-sticker-all,damage,M,all,phone,any,0.41,crossed,0.45,crossed,1,0,0
dmg-sticker-all,damage,Q,all,front,jsqr,0.61,crossed,0.65,crossed,1,0,0
dmg-sticker-all,damage,Q,all,front,zxing,0.61,crossed,0.65,crossed,1,0,0
dmg-sticker-all,damage,Q,all,front,zxingcpp,0.61,crossed,0.65,crossed,1,0,0
dmg-sticker-all,damage,Q,all,front,any,0.61,crossed,0.65,crossed,1,0,0
dmg-sticker-all,damage,Q,all,phone,jsqr,0.61,crossed,0.65,crossed,1,0,0
dmg-sticker-all,damage,Q,all,phone,zxing,0.61,crossed,0.65,crossed,1,0,0
dmg-sticker-all,damage,Q,all,phone,zxingcpp,0.61,crossed,0.65,crossed,1,0,0
dmg-sticker-all,damage,Q,all,phone,any,0.61,crossed,0.65,crossed,1,0,0
dmg-sticker-all,damage,H,all,front,jsqr,0,start,0.6,crossed,0.5,0,0
dmg-sticker-all,damage,H,all,front,zxing,0,start,0.6,crossed,0.5,0,0
dmg-sticker-all,damage,H,all,front,zxingcpp,0.62,crossed,0.7,crossed,1,0,0
dmg-sticker-all,damage,H,all,front,any,0.62,crossed,0.7,crossed,1,0,0
dmg-sticker-all,damage,H,all,phone,jsqr,0.62,crossed,0.7,crossed,1,0,0
dmg-sticker-all,damage,H,all,phone,zxing,0.61,crossed,0.65,crossed,1,0,0
dmg-sticker-all,damage,H,all,phone,zxingcpp,0.61,crossed,0.65,crossed,1,0,0
dmg-sticker-all,damage,H,all,phone,any,0.62,crossed,0.7,crossed,1,0,0
dmg-sticker-all,damage,L,url,front,jsqr,0.22,crossed,0.3,crossed,1,0,0
dmg-sticker-all,damage,L,url,front,zxing,0.31,crossed,0.35,crossed,1,0,0
dmg-sticker-all,damage,L,url,front,zxingcpp,0.31,crossed,0.35,crossed,1,0,0
dmg-sticker-all,damage,L,url,front,any,0.31,crossed,0.35,crossed,1,0,0
dmg-sticker-all,damage,L,url,phone,jsqr,0.31,crossed,0.35,crossed,1,0,0
dmg-sticker-all,damage,L,url,phone,zxing,0.31,crossed,0.35,crossed,1,0,0
dmg-sticker-all,damage,L,url,phone,zxingcpp,0.31,crossed,0.35,crossed,1,0,0
dmg-sticker-all,damage,L,url,phone,any,0.31,crossed,0.35,crossed,1,0,0
dmg-sticker-all,damage,M,url,front,jsqr,0.41,crossed,0.45,crossed,1,0,0
dmg-sticker-all,damage,M,url,front,zxing,0.41,crossed,0.45,crossed,1,0,0
dmg-sticker-all,damage,M,url,front,zxingcpp,0.42,crossed,0.5,crossed,1,0,0
dmg-sticker-all,damage,M,url,front,any,0.42,crossed,0.5,crossed,1,0,0
dmg-sticker-all,damage,M,url,phone,jsqr,0.41,crossed,0.45,crossed,1,0,0
dmg-sticker-all,damage,M,url,phone,zxing,0.41,crossed,0.45,crossed,1,0,0
dmg-sticker-all,damage,M,url,phone,zxingcpp,0.41,crossed,0.45,crossed,1,0,0
dmg-sticker-all,damage,M,url,phone,any,0.41,crossed,0.45,crossed,1,0,0
dmg-sticker-all,damage,Q,url,front,jsqr,0.61,crossed,0.65,crossed,1,0,0
dmg-sticker-all,damage,Q,url,front,zxing,0.61,crossed,0.65,crossed,1,0,0
dmg-sticker-all,damage,Q,url,front,zxingcpp,0.61,crossed,0.65,crossed,1,0,0
dmg-sticker-all,damage,Q,url,front,any,0.61,crossed,0.65,crossed,1,0,0
dmg-sticker-all,damage,Q,url,phone,jsqr,0.61,crossed,0.65,crossed,1,0,0
dmg-sticker-all,damage,Q,url,phone,zxing,0.61,crossed,0.65,crossed,1,0,0
dmg-sticker-all,damage,Q,url,phone,zxingcpp,0.61,crossed,0.65,crossed,1,0,0
dmg-sticker-all,damage,Q,url,phone,any,0.61,crossed,0.65,crossed,1,0,0
dmg-sticker-all,damage,H,url,front,jsqr,0,start,0.6,crossed,0.5,0,0
dmg-sticker-all,damage,H,url,front,zxing,0,start,0.6,crossed,0.5,0,0
dmg-sticker-all,damage,H,url,front,zxingcpp,0.62,crossed,0.7,crossed,1,0,0
dmg-sticker-all,damage,H,url,front,any,0.62,crossed,0.7,crossed,1,0,0
dmg-sticker-all,damage,H,url,phone,jsqr,0.62,crossed,0.7,crossed,1,0,0
dmg-sticker-all,damage,H,url,phone,zxing,0.61,crossed,0.65,crossed,1,0,0
dmg-sticker-all,damage,H,url,phone,zxingcpp,0.61,crossed,0.65,crossed,1,0,0
dmg-sticker-all,damage,H,url,phone,any,0.62,crossed,0.7,crossed,1,0,0
dmg-sticker-corner,damage,L,all,front,jsqr,0.01,crossed,0.05,crossed,1,0,0
dmg-sticker-corner,damage,L,all,front,zxing,0.01,crossed,0.05,crossed,1,0,0
dmg-sticker-corner,damage,L,all,front,zxingcpp,0.41,crossed,0.45,crossed,1,0,0
dmg-sticker-corner,damage,L,all,front,any,0.41,crossed,0.45,crossed,1,0,0
dmg-sticker-corner,damage,L,all,phone,jsqr,0.01,crossed,0.05,crossed,1,0,0
dmg-sticker-corner,damage,L,all,phone,zxing,0.01,crossed,0.05,crossed,1,0,0
dmg-sticker-corner,damage,L,all,phone,zxingcpp,0.32,crossed,0.4,crossed,1,0,0
dmg-sticker-corner,damage,L,all,phone,any,0.32,crossed,0.4,crossed,1,0,0
dmg-sticker-corner,damage,M,all,front,jsqr,0.02,crossed,0.1,crossed,1,0,0
dmg-sticker-corner,damage,M,all,front,zxing,0.01,crossed,0.05,crossed,1,0,0
dmg-sticker-corner,damage,M,all,front,zxingcpp,0.51,crossed,0.55,crossed,1,0,0
dmg-sticker-corner,damage,M,all,front,any,0.51,crossed,0.55,crossed,1,0,0
dmg-sticker-corner,damage,M,all,phone,jsqr,0.02,crossed,0.1,crossed,1,0,0
dmg-sticker-corner,damage,M,all,phone,zxing,0.01,crossed,0.05,crossed,1,0,0
dmg-sticker-corner,damage,M,all,phone,zxingcpp,0.12,crossed,0.5,crossed,1,0,0
dmg-sticker-corner,damage,M,all,phone,any,0.12,crossed,0.5,crossed,1,0,0
dmg-sticker-corner,damage,Q,all,front,jsqr,0.02,crossed,0.1,crossed,1,0,0
dmg-sticker-corner,damage,Q,all,front,zxing,0.01,crossed,0.05,crossed,1,0,0
dmg-sticker-corner,damage,Q,all,front,zxingcpp,0.62,crossed,0.7,crossed,1,0,0
dmg-sticker-corner,damage,Q,all,front,any,0.62,crossed,0.7,crossed,1,0,0
dmg-sticker-corner,damage,Q,all,phone,jsqr,0.01,crossed,0.05,crossed,1,0,0
dmg-sticker-corner,damage,Q,all,phone,zxing,0.01,crossed,0.05,crossed,1,0,0
dmg-sticker-corner,damage,Q,all,phone,zxingcpp,0.62,crossed,0.7,crossed,1,0,0
dmg-sticker-corner,damage,Q,all,phone,any,0.62,crossed,0.7,crossed,1,0,0
dmg-sticker-corner,damage,H,all,front,jsqr,0,start,0,crossed,0.5,0,0
dmg-sticker-corner,damage,H,all,front,zxing,0,start,0.1,crossed,0.5,0,0
dmg-sticker-corner,damage,H,all,front,zxingcpp,0.82,crossed,0.9,crossed,1,0,0
dmg-sticker-corner,damage,H,all,front,any,0.82,crossed,0.9,crossed,1,0,0
dmg-sticker-corner,damage,H,all,phone,jsqr,0.01,crossed,0.05,crossed,1,0,0
dmg-sticker-corner,damage,H,all,phone,zxing,0.02,crossed,0.1,crossed,1,0,0
dmg-sticker-corner,damage,H,all,phone,zxingcpp,0.02,crossed,0.8,crossed,1,0,0
dmg-sticker-corner,damage,H,all,phone,any,0.02,crossed,0.8,crossed,1,0,0
dmg-sticker-corner,damage,L,url,front,jsqr,0.01,crossed,0.05,crossed,1,0,0
dmg-sticker-corner,damage,L,url,front,zxing,0.01,crossed,0.05,crossed,1,0,0
dmg-sticker-corner,damage,L,url,front,zxingcpp,0.41,crossed,0.45,crossed,1,0,0
dmg-sticker-corner,damage,L,url,front,any,0.41,crossed,0.45,crossed,1,0,0
dmg-sticker-corner,damage,L,url,phone,jsqr,0.01,crossed,0.05,crossed,1,0,0
dmg-sticker-corner,damage,L,url,phone,zxing,0.01,crossed,0.05,crossed,1,0,0
dmg-sticker-corner,damage,L,url,phone,zxingcpp,0.32,crossed,0.4,crossed,1,0,0
dmg-sticker-corner,damage,L,url,phone,any,0.32,crossed,0.4,crossed,1,0,0
dmg-sticker-corner,damage,M,url,front,jsqr,0.02,crossed,0.1,crossed,1,0,0
dmg-sticker-corner,damage,M,url,front,zxing,0.01,crossed,0.05,crossed,1,0,0
dmg-sticker-corner,damage,M,url,front,zxingcpp,0.51,crossed,0.55,crossed,1,0,0
dmg-sticker-corner,damage,M,url,front,any,0.51,crossed,0.55,crossed,1,0,0
dmg-sticker-corner,damage,M,url,phone,jsqr,0.02,crossed,0.1,crossed,1,0,0
dmg-sticker-corner,damage,M,url,phone,zxing,0.01,crossed,0.05,crossed,1,0,0
dmg-sticker-corner,damage,M,url,phone,zxingcpp,0.12,crossed,0.5,crossed,1,0,0
dmg-sticker-corner,damage,M,url,phone,any,0.12,crossed,0.5,crossed,1,0,0
dmg-sticker-corner,damage,Q,url,front,jsqr,0.02,crossed,0.1,crossed,1,0,0
dmg-sticker-corner,damage,Q,url,front,zxing,0.01,crossed,0.05,crossed,1,0,0
dmg-sticker-corner,damage,Q,url,front,zxingcpp,0.62,crossed,0.7,crossed,1,0,0
dmg-sticker-corner,damage,Q,url,front,any,0.62,crossed,0.7,crossed,1,0,0
dmg-sticker-corner,damage,Q,url,phone,jsqr,0.01,crossed,0.05,crossed,1,0,0
dmg-sticker-corner,damage,Q,url,phone,zxing,0.01,crossed,0.05,crossed,1,0,0
dmg-sticker-corner,damage,Q,url,phone,zxingcpp,0.62,crossed,0.7,crossed,1,0,0
dmg-sticker-corner,damage,Q,url,phone,any,0.62,crossed,0.7,crossed,1,0,0
dmg-sticker-corner,damage,H,url,front,jsqr,0,start,0,crossed,0.5,0,0
dmg-sticker-corner,damage,H,url,front,zxing,0,start,0.1,crossed,0.5,0,0
dmg-sticker-corner,damage,H,url,front,zxingcpp,0.82,crossed,0.9,crossed,1,0,0
dmg-sticker-corner,damage,H,url,front,any,0.82,crossed,0.9,crossed,1,0,0
dmg-sticker-corner,damage,H,url,phone,jsqr,0.01,crossed,0.05,crossed,1,0,0
dmg-sticker-corner,damage,H,url,phone,zxing,0.02,crossed,0.1,crossed,1,0,0
dmg-sticker-corner,damage,H,url,phone,zxingcpp,0.02,crossed,0.8,crossed,1,0,0
dmg-sticker-corner,damage,H,url,phone,any,0.02,crossed,0.8,crossed,1,0,0
dmg-sticker-center,damage,L,all,front,jsqr,0.22,crossed,0.3,crossed,1,0,0
dmg-sticker-center,damage,L,all,front,zxing,0.31,crossed,0.35,crossed,1,0,0
dmg-sticker-center,damage,L,all,front,zxingcpp,0.31,crossed,0.35,crossed,1,0,0
dmg-sticker-center,damage,L,all,front,any,0.31,crossed,0.35,crossed,1,0,0
dmg-sticker-center,damage,L,all,phone,jsqr,0.31,crossed,0.35,crossed,1,0,0
dmg-sticker-center,damage,L,all,phone,zxing,0.31,crossed,0.35,crossed,1,0,0
dmg-sticker-center,damage,L,all,phone,zxingcpp,0.31,crossed,0.35,crossed,1,0,0
dmg-sticker-center,damage,L,all,phone,any,0.31,crossed,0.35,crossed,1,0,0
dmg-sticker-center,damage,M,all,front,jsqr,0.41,crossed,0.45,crossed,1,0,0
dmg-sticker-center,damage,M,all,front,zxing,0.41,crossed,0.45,crossed,1,0,0
dmg-sticker-center,damage,M,all,front,zxingcpp,0.41,crossed,0.45,crossed,1,0,0
dmg-sticker-center,damage,M,all,front,any,0.41,crossed,0.45,crossed,1,0,0
dmg-sticker-center,damage,M,all,phone,jsqr,0.41,crossed,0.45,crossed,1,0,0
dmg-sticker-center,damage,M,all,phone,zxing,0.41,crossed,0.45,crossed,1,0,0
dmg-sticker-center,damage,M,all,phone,zxingcpp,0.41,crossed,0.45,crossed,1,0,0
dmg-sticker-center,damage,M,all,phone,any,0.41,crossed,0.45,crossed,1,0,0
dmg-sticker-center,damage,Q,all,front,jsqr,0.61,crossed,0.65,crossed,1,0,0
dmg-sticker-center,damage,Q,all,front,zxing,0.61,crossed,0.65,crossed,1,0,0
dmg-sticker-center,damage,Q,all,front,zxingcpp,0.61,crossed,0.65,crossed,1,0,0
dmg-sticker-center,damage,Q,all,front,any,0.61,crossed,0.65,crossed,1,0,0
dmg-sticker-center,damage,Q,all,phone,jsqr,0.61,crossed,0.65,crossed,1,0,0
dmg-sticker-center,damage,Q,all,phone,zxing,0.61,crossed,0.65,crossed,1,0,0
dmg-sticker-center,damage,Q,all,phone,zxingcpp,0.61,crossed,0.65,crossed,1,0,0
dmg-sticker-center,damage,Q,all,phone,any,0.61,crossed,0.65,crossed,1,0,0
dmg-sticker-center,damage,H,all,front,jsqr,0,start,0.7,crossed,0.5,0,0
dmg-sticker-center,damage,H,all,front,zxing,0,start,0.7,crossed,0.5,0,0
dmg-sticker-center,damage,H,all,front,zxingcpp,0.71,crossed,0.75,crossed,1,0,0
dmg-sticker-center,damage,H,all,front,any,0.71,crossed,0.75,crossed,1,0,0
dmg-sticker-center,damage,H,all,phone,jsqr,0.71,crossed,0.75,crossed,1,0,0
dmg-sticker-center,damage,H,all,phone,zxing,0.71,crossed,0.75,crossed,1,0,0
dmg-sticker-center,damage,H,all,phone,zxingcpp,0.71,crossed,0.75,crossed,1,0,0
dmg-sticker-center,damage,H,all,phone,any,0.71,crossed,0.75,crossed,1,0,0
dmg-sticker-center,damage,L,url,front,jsqr,0.22,crossed,0.3,crossed,1,0,0
dmg-sticker-center,damage,L,url,front,zxing,0.31,crossed,0.35,crossed,1,0,0
dmg-sticker-center,damage,L,url,front,zxingcpp,0.31,crossed,0.35,crossed,1,0,0
dmg-sticker-center,damage,L,url,front,any,0.31,crossed,0.35,crossed,1,0,0
dmg-sticker-center,damage,L,url,phone,jsqr,0.31,crossed,0.35,crossed,1,0,0
dmg-sticker-center,damage,L,url,phone,zxing,0.31,crossed,0.35,crossed,1,0,0
dmg-sticker-center,damage,L,url,phone,zxingcpp,0.31,crossed,0.35,crossed,1,0,0
dmg-sticker-center,damage,L,url,phone,any,0.31,crossed,0.35,crossed,1,0,0
dmg-sticker-center,damage,M,url,front,jsqr,0.41,crossed,0.45,crossed,1,0,0
dmg-sticker-center,damage,M,url,front,zxing,0.41,crossed,0.45,crossed,1,0,0
dmg-sticker-center,damage,M,url,front,zxingcpp,0.41,crossed,0.45,crossed,1,0,0
dmg-sticker-center,damage,M,url,front,any,0.41,crossed,0.45,crossed,1,0,0
dmg-sticker-center,damage,M,url,phone,jsqr,0.41,crossed,0.45,crossed,1,0,0
dmg-sticker-center,damage,M,url,phone,zxing,0.41,crossed,0.45,crossed,1,0,0
dmg-sticker-center,damage,M,url,phone,zxingcpp,0.41,crossed,0.45,crossed,1,0,0
dmg-sticker-center,damage,M,url,phone,any,0.41,crossed,0.45,crossed,1,0,0
dmg-sticker-center,damage,Q,url,front,jsqr,0.61,crossed,0.65,crossed,1,0,0
dmg-sticker-center,damage,Q,url,front,zxing,0.61,crossed,0.65,crossed,1,0,0
dmg-sticker-center,damage,Q,url,front,zxingcpp,0.61,crossed,0.65,crossed,1,0,0
dmg-sticker-center,damage,Q,url,front,any,0.61,crossed,0.65,crossed,1,0,0
dmg-sticker-center,damage,Q,url,phone,jsqr,0.61,crossed,0.65,crossed,1,0,0
dmg-sticker-center,damage,Q,url,phone,zxing,0.61,crossed,0.65,crossed,1,0,0
dmg-sticker-center,damage,Q,url,phone,zxingcpp,0.61,crossed,0.65,crossed,1,0,0
dmg-sticker-center,damage,Q,url,phone,any,0.61,crossed,0.65,crossed,1,0,0
dmg-sticker-center,damage,H,url,front,jsqr,0,start,0.7,crossed,0.5,0,0
dmg-sticker-center,damage,H,url,front,zxing,0,start,0.7,crossed,0.5,0,0
dmg-sticker-center,damage,H,url,front,zxingcpp,0.71,crossed,0.75,crossed,1,0,0
dmg-sticker-center,damage,H,url,front,any,0.71,crossed,0.75,crossed,1,0,0
dmg-sticker-center,damage,H,url,phone,jsqr,0.71,crossed,0.75,crossed,1,0,0
dmg-sticker-center,damage,H,url,phone,zxing,0.71,crossed,0.75,crossed,1,0,0
dmg-sticker-center,damage,H,url,phone,zxingcpp,0.71,crossed,0.75,crossed,1,0,0
dmg-sticker-center,damage,H,url,phone,any,0.71,crossed,0.75,crossed,1,0,0
dmg-sticker-finder,damage,L,all,front,jsqr,0.01,crossed,0.05,crossed,1,0,0
dmg-sticker-finder,damage,L,all,front,zxing,0.01,crossed,0.05,crossed,1,0,0
dmg-sticker-finder,damage,L,all,front,zxingcpp,0.01,crossed,0.05,crossed,1,0,0
dmg-sticker-finder,damage,L,all,front,any,0.01,crossed,0.05,crossed,1,0,0
dmg-sticker-finder,damage,L,all,phone,jsqr,0.01,crossed,0.05,crossed,1,0,0
dmg-sticker-finder,damage,L,all,phone,zxing,0.01,crossed,0.05,crossed,1,0,0
dmg-sticker-finder,damage,L,all,phone,zxingcpp,0.01,crossed,0.05,crossed,1,0,0
dmg-sticker-finder,damage,L,all,phone,any,0.01,crossed,0.05,crossed,1,0,0
dmg-sticker-finder,damage,M,all,front,jsqr,0.01,crossed,0.05,crossed,1,0,0
dmg-sticker-finder,damage,M,all,front,zxing,0.01,crossed,0.05,crossed,1,0,0
dmg-sticker-finder,damage,M,all,front,zxingcpp,0.01,crossed,0.05,crossed,1,0,0
dmg-sticker-finder,damage,M,all,front,any,0.01,crossed,0.05,crossed,1,0,0
dmg-sticker-finder,damage,M,all,phone,jsqr,0.01,crossed,0.05,crossed,1,0,0
dmg-sticker-finder,damage,M,all,phone,zxing,0.01,crossed,0.05,crossed,1,0,0
dmg-sticker-finder,damage,M,all,phone,zxingcpp,0.01,crossed,0.05,crossed,1,0,0
dmg-sticker-finder,damage,M,all,phone,any,0.01,crossed,0.05,crossed,1,0,0
dmg-sticker-finder,damage,Q,all,front,jsqr,0.01,crossed,0.05,crossed,1,0,0
dmg-sticker-finder,damage,Q,all,front,zxing,0.01,crossed,0.05,crossed,1,0,0
dmg-sticker-finder,damage,Q,all,front,zxingcpp,0.01,crossed,0.05,crossed,1,0,0
dmg-sticker-finder,damage,Q,all,front,any,0.01,crossed,0.05,crossed,1,0,0
dmg-sticker-finder,damage,Q,all,phone,jsqr,0.01,crossed,0.05,crossed,1,0,0
dmg-sticker-finder,damage,Q,all,phone,zxing,0.01,crossed,0.05,crossed,1,0,0
dmg-sticker-finder,damage,Q,all,phone,zxingcpp,0.01,crossed,0.05,crossed,1,0,0
dmg-sticker-finder,damage,Q,all,phone,any,0.01,crossed,0.05,crossed,1,0,0
dmg-sticker-finder,damage,H,all,front,jsqr,0,start,0,crossed,0.5,0,0
dmg-sticker-finder,damage,H,all,front,zxing,0,start,0,crossed,0.5,0,0
dmg-sticker-finder,damage,H,all,front,zxingcpp,0.01,crossed,0.05,crossed,1,0,0
dmg-sticker-finder,damage,H,all,front,any,0.01,crossed,0.05,crossed,1,0,0
dmg-sticker-finder,damage,H,all,phone,jsqr,0.01,crossed,0.05,crossed,1,0,0
dmg-sticker-finder,damage,H,all,phone,zxing,0.01,crossed,0.05,crossed,1,0,0
dmg-sticker-finder,damage,H,all,phone,zxingcpp,0.01,crossed,0.05,crossed,1,0,0
dmg-sticker-finder,damage,H,all,phone,any,0.01,crossed,0.05,crossed,1,0,0
dmg-sticker-finder,damage,L,url,front,jsqr,0.01,crossed,0.05,crossed,1,0,0
dmg-sticker-finder,damage,L,url,front,zxing,0.01,crossed,0.05,crossed,1,0,0
dmg-sticker-finder,damage,L,url,front,zxingcpp,0.01,crossed,0.05,crossed,1,0,0
dmg-sticker-finder,damage,L,url,front,any,0.01,crossed,0.05,crossed,1,0,0
dmg-sticker-finder,damage,L,url,phone,jsqr,0.01,crossed,0.05,crossed,1,0,0
dmg-sticker-finder,damage,L,url,phone,zxing,0.01,crossed,0.05,crossed,1,0,0
dmg-sticker-finder,damage,L,url,phone,zxingcpp,0.01,crossed,0.05,crossed,1,0,0
dmg-sticker-finder,damage,L,url,phone,any,0.01,crossed,0.05,crossed,1,0,0
dmg-sticker-finder,damage,M,url,front,jsqr,0.01,crossed,0.05,crossed,1,0,0
dmg-sticker-finder,damage,M,url,front,zxing,0.01,crossed,0.05,crossed,1,0,0
dmg-sticker-finder,damage,M,url,front,zxingcpp,0.01,crossed,0.05,crossed,1,0,0
dmg-sticker-finder,damage,M,url,front,any,0.01,crossed,0.05,crossed,1,0,0
dmg-sticker-finder,damage,M,url,phone,jsqr,0.01,crossed,0.05,crossed,1,0,0
dmg-sticker-finder,damage,M,url,phone,zxing,0.01,crossed,0.05,crossed,1,0,0
dmg-sticker-finder,damage,M,url,phone,zxingcpp,0.01,crossed,0.05,crossed,1,0,0
dmg-sticker-finder,damage,M,url,phone,any,0.01,crossed,0.05,crossed,1,0,0
dmg-sticker-finder,damage,Q,url,front,jsqr,0.01,crossed,0.05,crossed,1,0,0
dmg-sticker-finder,damage,Q,url,front,zxing,0.01,crossed,0.05,crossed,1,0,0
dmg-sticker-finder,damage,Q,url,front,zxingcpp,0.01,crossed,0.05,crossed,1,0,0
dmg-sticker-finder,damage,Q,url,front,any,0.01,crossed,0.05,crossed,1,0,0
dmg-sticker-finder,damage,Q,url,phone,jsqr,0.01,crossed,0.05,crossed,1,0,0
dmg-sticker-finder,damage,Q,url,phone,zxing,0.01,crossed,0.05,crossed,1,0,0
dmg-sticker-finder,damage,Q,url,phone,zxingcpp,0.01,crossed,0.05,crossed,1,0,0
dmg-sticker-finder,damage,Q,url,phone,any,0.01,crossed,0.05,crossed,1,0,0
dmg-sticker-finder,damage,H,url,front,jsqr,0,start,0,crossed,0.5,0,0
dmg-sticker-finder,damage,H,url,front,zxing,0,start,0,crossed,0.5,0,0
dmg-sticker-finder,damage,H,url,front,zxingcpp,0.01,crossed,0.05,crossed,1,0,0
dmg-sticker-finder,damage,H,url,front,any,0.01,crossed,0.05,crossed,1,0,0
dmg-sticker-finder,damage,H,url,phone,jsqr,0.01,crossed,0.05,crossed,1,0,0
dmg-sticker-finder,damage,H,url,phone,zxing,0.01,crossed,0.05,crossed,1,0,0
dmg-sticker-finder,damage,H,url,phone,zxingcpp,0.01,crossed,0.05,crossed,1,0,0
dmg-sticker-finder,damage,H,url,phone,any,0.01,crossed,0.05,crossed,1,0,0
dmg-sticker-edge,damage,L,all,front,jsqr,0.22,crossed,0.3,crossed,1,0,0
dmg-sticker-edge,damage,L,all,front,zxing,0.31,crossed,0.35,crossed,1,0,0
dmg-sticker-edge,damage,L,all,front,zxingcpp,0.31,crossed,0.35,crossed,1,0,0
dmg-sticker-edge,damage,L,all,front,any,0.31,crossed,0.35,crossed,1,0,0
dmg-sticker-edge,damage,L,all,phone,jsqr,0.31,crossed,0.35,crossed,1,0,0
dmg-sticker-edge,damage,L,all,phone,zxing,0.31,crossed,0.35,crossed,1,0,0
dmg-sticker-edge,damage,L,all,phone,zxingcpp,0.31,crossed,0.35,crossed,1,0,0
dmg-sticker-edge,damage,L,all,phone,any,0.31,crossed,0.35,crossed,1,0,0
dmg-sticker-edge,damage,M,all,front,jsqr,0.61,crossed,0.65,crossed,1,0,0
dmg-sticker-edge,damage,M,all,front,zxing,0.61,crossed,0.65,crossed,1,0,0
dmg-sticker-edge,damage,M,all,front,zxingcpp,0.61,crossed,0.65,crossed,1,0,0
dmg-sticker-edge,damage,M,all,front,any,0.61,crossed,0.65,crossed,1,0,0
dmg-sticker-edge,damage,M,all,phone,jsqr,0.61,crossed,0.65,crossed,1,0,0
dmg-sticker-edge,damage,M,all,phone,zxing,0.61,crossed,0.65,crossed,1,0,0
dmg-sticker-edge,damage,M,all,phone,zxingcpp,0.61,crossed,0.65,crossed,1,0,0
dmg-sticker-edge,damage,M,all,phone,any,0.61,crossed,0.65,crossed,1,0,0
dmg-sticker-edge,damage,Q,all,front,jsqr,0.72,crossed,0.8,crossed,1,0,0
dmg-sticker-edge,damage,Q,all,front,zxing,0.02,crossed,0.8,crossed,1,0,0
dmg-sticker-edge,damage,Q,all,front,zxingcpp,0.72,crossed,0.8,crossed,1,0,0
dmg-sticker-edge,damage,Q,all,front,any,0.72,crossed,0.8,crossed,1,0,0
dmg-sticker-edge,damage,Q,all,phone,jsqr,0.72,crossed,0.8,crossed,1,0,0
dmg-sticker-edge,damage,Q,all,phone,zxing,0.72,crossed,0.8,crossed,1,0,0
dmg-sticker-edge,damage,Q,all,phone,zxingcpp,0.72,crossed,0.8,crossed,1,0,0
dmg-sticker-edge,damage,Q,all,phone,any,0.72,crossed,0.8,crossed,1,0,0
dmg-sticker-edge,damage,H,all,front,jsqr,0,start,0.8,crossed,0.5,0,0
dmg-sticker-edge,damage,H,all,front,zxing,0,start,0.8,crossed,0.5,0,0
dmg-sticker-edge,damage,H,all,front,zxingcpp,0.82,crossed,,never,1,0.5,0.5
dmg-sticker-edge,damage,H,all,front,any,0.82,crossed,,never,1,0.5,0.5
dmg-sticker-edge,damage,H,all,phone,jsqr,0.82,crossed,0.9,crossed,1,0,0
dmg-sticker-edge,damage,H,all,phone,zxing,0.82,crossed,0.9,crossed,1,0,0
dmg-sticker-edge,damage,H,all,phone,zxingcpp,0.82,crossed,0.9,crossed,1,0,0
dmg-sticker-edge,damage,H,all,phone,any,0.82,crossed,0.9,crossed,1,0,0
dmg-sticker-edge,damage,L,url,front,jsqr,0.22,crossed,0.3,crossed,1,0,0
dmg-sticker-edge,damage,L,url,front,zxing,0.31,crossed,0.35,crossed,1,0,0
dmg-sticker-edge,damage,L,url,front,zxingcpp,0.31,crossed,0.35,crossed,1,0,0
dmg-sticker-edge,damage,L,url,front,any,0.31,crossed,0.35,crossed,1,0,0
dmg-sticker-edge,damage,L,url,phone,jsqr,0.31,crossed,0.35,crossed,1,0,0
dmg-sticker-edge,damage,L,url,phone,zxing,0.31,crossed,0.35,crossed,1,0,0
dmg-sticker-edge,damage,L,url,phone,zxingcpp,0.31,crossed,0.35,crossed,1,0,0
dmg-sticker-edge,damage,L,url,phone,any,0.31,crossed,0.35,crossed,1,0,0
dmg-sticker-edge,damage,M,url,front,jsqr,0.61,crossed,0.65,crossed,1,0,0
dmg-sticker-edge,damage,M,url,front,zxing,0.61,crossed,0.65,crossed,1,0,0
dmg-sticker-edge,damage,M,url,front,zxingcpp,0.61,crossed,0.65,crossed,1,0,0
dmg-sticker-edge,damage,M,url,front,any,0.61,crossed,0.65,crossed,1,0,0
dmg-sticker-edge,damage,M,url,phone,jsqr,0.61,crossed,0.65,crossed,1,0,0
dmg-sticker-edge,damage,M,url,phone,zxing,0.61,crossed,0.65,crossed,1,0,0
dmg-sticker-edge,damage,M,url,phone,zxingcpp,0.61,crossed,0.65,crossed,1,0,0
dmg-sticker-edge,damage,M,url,phone,any,0.61,crossed,0.65,crossed,1,0,0
dmg-sticker-edge,damage,Q,url,front,jsqr,0.72,crossed,0.8,crossed,1,0,0
dmg-sticker-edge,damage,Q,url,front,zxing,0.02,crossed,0.8,crossed,1,0,0
dmg-sticker-edge,damage,Q,url,front,zxingcpp,0.72,crossed,0.8,crossed,1,0,0
dmg-sticker-edge,damage,Q,url,front,any,0.72,crossed,0.8,crossed,1,0,0
dmg-sticker-edge,damage,Q,url,phone,jsqr,0.72,crossed,0.8,crossed,1,0,0
dmg-sticker-edge,damage,Q,url,phone,zxing,0.72,crossed,0.8,crossed,1,0,0
dmg-sticker-edge,damage,Q,url,phone,zxingcpp,0.72,crossed,0.8,crossed,1,0,0
dmg-sticker-edge,damage,Q,url,phone,any,0.72,crossed,0.8,crossed,1,0,0
dmg-sticker-edge,damage,H,url,front,jsqr,0,start,0.8,crossed,0.5,0,0
dmg-sticker-edge,damage,H,url,front,zxing,0,start,0.8,crossed,0.5,0,0
dmg-sticker-edge,damage,H,url,front,zxingcpp,0.82,crossed,,never,1,0.5,0.5
dmg-sticker-edge,damage,H,url,front,any,0.82,crossed,,never,1,0.5,0.5
dmg-sticker-edge,damage,H,url,phone,jsqr,0.82,crossed,0.9,crossed,1,0,0
dmg-sticker-edge,damage,H,url,phone,zxing,0.82,crossed,0.9,crossed,1,0,0
dmg-sticker-edge,damage,H,url,phone,zxingcpp,0.82,crossed,0.9,crossed,1,0,0
dmg-sticker-edge,damage,H,url,phone,any,0.82,crossed,0.9,crossed,1,0,0
dmg-tear-corner,damage,L,all,front,jsqr,0.52,crossed,0.7,crossed,1,0,0
dmg-tear-corner,damage,L,all,front,zxing,0.52,crossed,0.7,crossed,1,0,0
dmg-tear-corner,damage,L,all,front,zxingcpp,0.62,crossed,0.7,crossed,1,0,0
dmg-tear-corner,damage,L,all,front,any,0.71,crossed,0.75,crossed,1,0,0
dmg-tear-corner,damage,L,all,phone,jsqr,0.62,crossed,0.7,crossed,1,0,0
dmg-tear-corner,damage,L,all,phone,zxing,0.62,crossed,0.7,crossed,1,0,0
dmg-tear-corner,damage,L,all,phone,zxingcpp,0.62,crossed,0.7,crossed,1,0,0
dmg-tear-corner,damage,L,all,phone,any,0.71,crossed,0.75,crossed,1,0,0
dmg-tear-corner,damage,M,all,front,jsqr,0.61,crossed,0.65,crossed,1,0,0
dmg-tear-corner,damage,M,all,front,zxing,0.61,crossed,0.65,crossed,1,0,0
dmg-tear-corner,damage,M,all,front,zxingcpp,0.81,crossed,0.85,crossed,1,0,0
dmg-tear-corner,damage,M,all,front,any,0.81,crossed,0.85,crossed,1,0,0
dmg-tear-corner,damage,M,all,phone,jsqr,0.61,crossed,0.65,crossed,1,0,0
dmg-tear-corner,damage,M,all,phone,zxing,0.61,crossed,0.65,crossed,1,0,0
dmg-tear-corner,damage,M,all,phone,zxingcpp,0.62,crossed,0.8,crossed,1,0,0
dmg-tear-corner,damage,M,all,phone,any,0.62,crossed,0.8,crossed,1,0,0
dmg-tear-corner,damage,Q,all,front,jsqr,0.61,crossed,0.65,crossed,1,0,0
dmg-tear-corner,damage,Q,all,front,zxing,0.61,crossed,0.65,crossed,1,0,0
dmg-tear-corner,damage,Q,all,front,zxingcpp,0.92,crossed,,never,1,0.5,0.5
dmg-tear-corner,damage,Q,all,front,any,0.92,crossed,,never,1,0.5,0.5
dmg-tear-corner,damage,Q,all,phone,jsqr,0.61,crossed,0.65,crossed,1,0,0
dmg-tear-corner,damage,Q,all,phone,zxing,0.61,crossed,0.65,crossed,1,0,0
dmg-tear-corner,damage,Q,all,phone,zxingcpp,0.92,crossed,,never,1,0.5,0.5
dmg-tear-corner,damage,Q,all,phone,any,0.92,crossed,,never,1,0.5,0.5
dmg-tear-corner,damage,H,all,front,jsqr,0,start,0.5,crossed,0.5,0,0
dmg-tear-corner,damage,H,all,front,zxing,0,start,0.6,crossed,0.5,0,0
dmg-tear-corner,damage,H,all,front,zxingcpp,,never,,never,1,1,1
dmg-tear-corner,damage,H,all,front,any,,never,,never,1,1,1
dmg-tear-corner,damage,H,all,phone,jsqr,0.52,crossed,0.6,crossed,1,0,0
dmg-tear-corner,damage,H,all,phone,zxing,0.52,crossed,0.6,crossed,1,0,0
dmg-tear-corner,damage,H,all,phone,zxingcpp,0.52,crossed,,never,1,0.5,0.5
dmg-tear-corner,damage,H,all,phone,any,0.62,crossed,,never,1,0.5,0.5
dmg-tear-corner,damage,L,url,front,jsqr,0.52,crossed,0.7,crossed,1,0,0
dmg-tear-corner,damage,L,url,front,zxing,0.52,crossed,0.7,crossed,1,0,0
dmg-tear-corner,damage,L,url,front,zxingcpp,0.62,crossed,0.7,crossed,1,0,0
dmg-tear-corner,damage,L,url,front,any,0.71,crossed,0.75,crossed,1,0,0
dmg-tear-corner,damage,L,url,phone,jsqr,0.62,crossed,0.7,crossed,1,0,0
dmg-tear-corner,damage,L,url,phone,zxing,0.62,crossed,0.7,crossed,1,0,0
dmg-tear-corner,damage,L,url,phone,zxingcpp,0.62,crossed,0.7,crossed,1,0,0
dmg-tear-corner,damage,L,url,phone,any,0.71,crossed,0.75,crossed,1,0,0
dmg-tear-corner,damage,M,url,front,jsqr,0.61,crossed,0.65,crossed,1,0,0
dmg-tear-corner,damage,M,url,front,zxing,0.61,crossed,0.65,crossed,1,0,0
dmg-tear-corner,damage,M,url,front,zxingcpp,0.81,crossed,0.85,crossed,1,0,0
dmg-tear-corner,damage,M,url,front,any,0.81,crossed,0.85,crossed,1,0,0
dmg-tear-corner,damage,M,url,phone,jsqr,0.61,crossed,0.65,crossed,1,0,0
dmg-tear-corner,damage,M,url,phone,zxing,0.61,crossed,0.65,crossed,1,0,0
dmg-tear-corner,damage,M,url,phone,zxingcpp,0.62,crossed,0.8,crossed,1,0,0
dmg-tear-corner,damage,M,url,phone,any,0.62,crossed,0.8,crossed,1,0,0
dmg-tear-corner,damage,Q,url,front,jsqr,0.61,crossed,0.65,crossed,1,0,0
dmg-tear-corner,damage,Q,url,front,zxing,0.61,crossed,0.65,crossed,1,0,0
dmg-tear-corner,damage,Q,url,front,zxingcpp,0.92,crossed,,never,1,0.5,0.5
dmg-tear-corner,damage,Q,url,front,any,0.92,crossed,,never,1,0.5,0.5
dmg-tear-corner,damage,Q,url,phone,jsqr,0.61,crossed,0.65,crossed,1,0,0
dmg-tear-corner,damage,Q,url,phone,zxing,0.61,crossed,0.65,crossed,1,0,0
dmg-tear-corner,damage,Q,url,phone,zxingcpp,0.92,crossed,,never,1,0.5,0.5
dmg-tear-corner,damage,Q,url,phone,any,0.92,crossed,,never,1,0.5,0.5
dmg-tear-corner,damage,H,url,front,jsqr,0,start,0.5,crossed,0.5,0,0
dmg-tear-corner,damage,H,url,front,zxing,0,start,0.6,crossed,0.5,0,0
dmg-tear-corner,damage,H,url,front,zxingcpp,,never,,never,1,1,1
dmg-tear-corner,damage,H,url,front,any,,never,,never,1,1,1
dmg-tear-corner,damage,H,url,phone,jsqr,0.52,crossed,0.6,crossed,1,0,0
dmg-tear-corner,damage,H,url,phone,zxing,0.52,crossed,0.6,crossed,1,0,0
dmg-tear-corner,damage,H,url,phone,zxingcpp,0.52,crossed,,never,1,0.5,0.5
dmg-tear-corner,damage,H,url,phone,any,0.62,crossed,,never,1,0.5,0.5
dmg-tear-finder,damage,L,all,front,jsqr,0.21,crossed,0.25,crossed,1,0,0
dmg-tear-finder,damage,L,all,front,zxing,0.31,crossed,0.35,crossed,1,0,0
dmg-tear-finder,damage,L,all,front,zxingcpp,0.11,crossed,0.15,crossed,1,0,0
dmg-tear-finder,damage,L,all,front,any,0.31,crossed,0.35,crossed,1,0,0
dmg-tear-finder,damage,L,all,phone,jsqr,0.11,crossed,0.15,crossed,1,0,0
dmg-tear-finder,damage,L,all,phone,zxing,0.31,crossed,0.35,crossed,1,0,0
dmg-tear-finder,damage,L,all,phone,zxingcpp,0.12,crossed,0.2,crossed,1,0,0
dmg-tear-finder,damage,L,all,phone,any,0.31,crossed,0.35,crossed,1,0,0
dmg-tear-finder,damage,M,all,front,jsqr,0.11,crossed,0.15,crossed,1,0,0
dmg-tear-finder,damage,M,all,front,zxing,0.31,crossed,0.35,crossed,1,0,0
dmg-tear-finder,damage,M,all,front,zxingcpp,0.11,crossed,0.15,crossed,1,0,0
dmg-tear-finder,damage,M,all,front,any,0.31,crossed,0.35,crossed,1,0,0
dmg-tear-finder,damage,M,all,phone,jsqr,0.11,crossed,0.15,crossed,1,0,0
dmg-tear-finder,damage,M,all,phone,zxing,0.22,crossed,0.3,crossed,1,0,0
dmg-tear-finder,damage,M,all,phone,zxingcpp,0.11,crossed,0.15,crossed,1,0,0
dmg-tear-finder,damage,M,all,phone,any,0.22,crossed,0.3,crossed,1,0,0
dmg-tear-finder,damage,Q,all,front,jsqr,0.11,crossed,0.15,crossed,1,0,0
dmg-tear-finder,damage,Q,all,front,zxing,0.31,crossed,0.35,crossed,1,0,0
dmg-tear-finder,damage,Q,all,front,zxingcpp,0.11,crossed,0.15,crossed,1,0,0
dmg-tear-finder,damage,Q,all,front,any,0.31,crossed,0.35,crossed,1,0,0
dmg-tear-finder,damage,Q,all,phone,jsqr,0.11,crossed,0.15,crossed,1,0,0
dmg-tear-finder,damage,Q,all,phone,zxing,0.22,crossed,0.3,crossed,1,0,0
dmg-tear-finder,damage,Q,all,phone,zxingcpp,0.11,crossed,0.15,crossed,1,0,0
dmg-tear-finder,damage,Q,all,phone,any,0.22,crossed,0.3,crossed,1,0,0
dmg-tear-finder,damage,H,all,front,jsqr,0,start,0.1,crossed,0.5,0,0
dmg-tear-finder,damage,H,all,front,zxing,0,start,0.2,crossed,0.5,0,0
dmg-tear-finder,damage,H,all,front,zxingcpp,0.11,crossed,0.15,crossed,1,0,0
dmg-tear-finder,damage,H,all,front,any,0.12,crossed,0.2,crossed,1,0,0
dmg-tear-finder,damage,H,all,phone,jsqr,0.11,crossed,0.15,crossed,1,0,0
dmg-tear-finder,damage,H,all,phone,zxing,0.21,crossed,0.25,crossed,1,0,0
dmg-tear-finder,damage,H,all,phone,zxingcpp,0.11,crossed,0.15,crossed,1,0,0
dmg-tear-finder,damage,H,all,phone,any,0.21,crossed,0.25,crossed,1,0,0
dmg-tear-finder,damage,L,url,front,jsqr,0.21,crossed,0.25,crossed,1,0,0
dmg-tear-finder,damage,L,url,front,zxing,0.31,crossed,0.35,crossed,1,0,0
dmg-tear-finder,damage,L,url,front,zxingcpp,0.11,crossed,0.15,crossed,1,0,0
dmg-tear-finder,damage,L,url,front,any,0.31,crossed,0.35,crossed,1,0,0
dmg-tear-finder,damage,L,url,phone,jsqr,0.11,crossed,0.15,crossed,1,0,0
dmg-tear-finder,damage,L,url,phone,zxing,0.31,crossed,0.35,crossed,1,0,0
dmg-tear-finder,damage,L,url,phone,zxingcpp,0.12,crossed,0.2,crossed,1,0,0
dmg-tear-finder,damage,L,url,phone,any,0.31,crossed,0.35,crossed,1,0,0
dmg-tear-finder,damage,M,url,front,jsqr,0.11,crossed,0.15,crossed,1,0,0
dmg-tear-finder,damage,M,url,front,zxing,0.31,crossed,0.35,crossed,1,0,0
dmg-tear-finder,damage,M,url,front,zxingcpp,0.11,crossed,0.15,crossed,1,0,0
dmg-tear-finder,damage,M,url,front,any,0.31,crossed,0.35,crossed,1,0,0
dmg-tear-finder,damage,M,url,phone,jsqr,0.11,crossed,0.15,crossed,1,0,0
dmg-tear-finder,damage,M,url,phone,zxing,0.22,crossed,0.3,crossed,1,0,0
dmg-tear-finder,damage,M,url,phone,zxingcpp,0.11,crossed,0.15,crossed,1,0,0
dmg-tear-finder,damage,M,url,phone,any,0.22,crossed,0.3,crossed,1,0,0
dmg-tear-finder,damage,Q,url,front,jsqr,0.11,crossed,0.15,crossed,1,0,0
dmg-tear-finder,damage,Q,url,front,zxing,0.31,crossed,0.35,crossed,1,0,0
dmg-tear-finder,damage,Q,url,front,zxingcpp,0.11,crossed,0.15,crossed,1,0,0
dmg-tear-finder,damage,Q,url,front,any,0.31,crossed,0.35,crossed,1,0,0
dmg-tear-finder,damage,Q,url,phone,jsqr,0.11,crossed,0.15,crossed,1,0,0
dmg-tear-finder,damage,Q,url,phone,zxing,0.22,crossed,0.3,crossed,1,0,0
dmg-tear-finder,damage,Q,url,phone,zxingcpp,0.11,crossed,0.15,crossed,1,0,0
dmg-tear-finder,damage,Q,url,phone,any,0.22,crossed,0.3,crossed,1,0,0
dmg-tear-finder,damage,H,url,front,jsqr,0,start,0.1,crossed,0.5,0,0
dmg-tear-finder,damage,H,url,front,zxing,0,start,0.2,crossed,0.5,0,0
dmg-tear-finder,damage,H,url,front,zxingcpp,0.11,crossed,0.15,crossed,1,0,0
dmg-tear-finder,damage,H,url,front,any,0.12,crossed,0.2,crossed,1,0,0
dmg-tear-finder,damage,H,url,phone,jsqr,0.11,crossed,0.15,crossed,1,0,0
dmg-tear-finder,damage,H,url,phone,zxing,0.21,crossed,0.25,crossed,1,0,0
dmg-tear-finder,damage,H,url,phone,zxingcpp,0.11,crossed,0.15,crossed,1,0,0
dmg-tear-finder,damage,H,url,phone,any,0.21,crossed,0.25,crossed,1,0,0
dmg-burn-corner,damage,L,all,front,jsqr,0.51,crossed,0.55,crossed,1,0,0
dmg-burn-corner,damage,L,all,front,zxing,0.51,crossed,0.55,crossed,1,0,0
dmg-burn-corner,damage,L,all,front,zxingcpp,0.51,crossed,0.55,crossed,1,0,0
dmg-burn-corner,damage,L,all,front,any,0.51,crossed,0.55,crossed,1,0,0
dmg-burn-corner,damage,L,all,phone,jsqr,0.51,crossed,0.55,crossed,1,0,0
dmg-burn-corner,damage,L,all,phone,zxing,0.51,crossed,0.55,crossed,1,0,0
dmg-burn-corner,damage,L,all,phone,zxingcpp,0.42,crossed,0.5,crossed,1,0,0
dmg-burn-corner,damage,L,all,phone,any,0.51,crossed,0.55,crossed,1,0,0
dmg-burn-corner,damage,M,all,front,jsqr,0.41,crossed,0.45,crossed,1,0,0
dmg-burn-corner,damage,M,all,front,zxing,0.41,crossed,0.45,crossed,1,0,0
dmg-burn-corner,damage,M,all,front,zxingcpp,0.71,crossed,0.75,crossed,1,0,0
dmg-burn-corner,damage,M,all,front,any,0.71,crossed,0.75,crossed,1,0,0
dmg-burn-corner,damage,M,all,phone,jsqr,0.41,crossed,0.45,crossed,1,0,0
dmg-burn-corner,damage,M,all,phone,zxing,0.41,crossed,0.45,crossed,1,0,0
dmg-burn-corner,damage,M,all,phone,zxingcpp,0.42,crossed,0.7,crossed,1,0,0
dmg-burn-corner,damage,M,all,phone,any,0.42,crossed,0.7,crossed,1,0,0
dmg-burn-corner,damage,Q,all,front,jsqr,0.41,crossed,0.45,crossed,1,0,0
dmg-burn-corner,damage,Q,all,front,zxing,0.41,crossed,0.45,crossed,1,0,0
dmg-burn-corner,damage,Q,all,front,zxingcpp,0.81,crossed,0.85,crossed,1,0,0
dmg-burn-corner,damage,Q,all,front,any,0.91,crossed,0.95,crossed,1,0,0
dmg-burn-corner,damage,Q,all,phone,jsqr,0.41,crossed,0.45,crossed,1,0,0
dmg-burn-corner,damage,Q,all,phone,zxing,0.41,crossed,0.45,crossed,1,0,0
dmg-burn-corner,damage,Q,all,phone,zxingcpp,0.81,crossed,0.85,crossed,1,0,0
dmg-burn-corner,damage,Q,all,phone,any,0.81,crossed,0.85,crossed,1,0,0
dmg-burn-corner,damage,H,all,front,jsqr,0,start,0.3,crossed,0.5,0,0
dmg-burn-corner,damage,H,all,front,zxing,0,start,0.3,crossed,0.5,0,0
dmg-burn-corner,damage,H,all,front,zxingcpp,0.91,crossed,0.95,crossed,1,0,0
dmg-burn-corner,damage,H,all,front,any,0.91,crossed,0.95,crossed,1,0,0
dmg-burn-corner,damage,H,all,phone,jsqr,0.41,crossed,0.45,crossed,1,0,0
dmg-burn-corner,damage,H,all,phone,zxing,0.41,crossed,0.45,crossed,1,0,0
dmg-burn-corner,damage,H,all,phone,zxingcpp,0.32,crossed,0.9,crossed,1,0,0
dmg-burn-corner,damage,H,all,phone,any,0.52,crossed,0.9,crossed,1,0,0
dmg-burn-corner,damage,L,url,front,jsqr,0.51,crossed,0.55,crossed,1,0,0
dmg-burn-corner,damage,L,url,front,zxing,0.51,crossed,0.55,crossed,1,0,0
dmg-burn-corner,damage,L,url,front,zxingcpp,0.51,crossed,0.55,crossed,1,0,0
dmg-burn-corner,damage,L,url,front,any,0.51,crossed,0.55,crossed,1,0,0
dmg-burn-corner,damage,L,url,phone,jsqr,0.51,crossed,0.55,crossed,1,0,0
dmg-burn-corner,damage,L,url,phone,zxing,0.51,crossed,0.55,crossed,1,0,0
dmg-burn-corner,damage,L,url,phone,zxingcpp,0.42,crossed,0.5,crossed,1,0,0
dmg-burn-corner,damage,L,url,phone,any,0.51,crossed,0.55,crossed,1,0,0
dmg-burn-corner,damage,M,url,front,jsqr,0.41,crossed,0.45,crossed,1,0,0
dmg-burn-corner,damage,M,url,front,zxing,0.41,crossed,0.45,crossed,1,0,0
dmg-burn-corner,damage,M,url,front,zxingcpp,0.71,crossed,0.75,crossed,1,0,0
dmg-burn-corner,damage,M,url,front,any,0.71,crossed,0.75,crossed,1,0,0
dmg-burn-corner,damage,M,url,phone,jsqr,0.41,crossed,0.45,crossed,1,0,0
dmg-burn-corner,damage,M,url,phone,zxing,0.41,crossed,0.45,crossed,1,0,0
dmg-burn-corner,damage,M,url,phone,zxingcpp,0.42,crossed,0.7,crossed,1,0,0
dmg-burn-corner,damage,M,url,phone,any,0.42,crossed,0.7,crossed,1,0,0
dmg-burn-corner,damage,Q,url,front,jsqr,0.41,crossed,0.45,crossed,1,0,0
dmg-burn-corner,damage,Q,url,front,zxing,0.41,crossed,0.45,crossed,1,0,0
dmg-burn-corner,damage,Q,url,front,zxingcpp,0.81,crossed,0.85,crossed,1,0,0
dmg-burn-corner,damage,Q,url,front,any,0.91,crossed,0.95,crossed,1,0,0
dmg-burn-corner,damage,Q,url,phone,jsqr,0.41,crossed,0.45,crossed,1,0,0
dmg-burn-corner,damage,Q,url,phone,zxing,0.41,crossed,0.45,crossed,1,0,0
dmg-burn-corner,damage,Q,url,phone,zxingcpp,0.81,crossed,0.85,crossed,1,0,0
dmg-burn-corner,damage,Q,url,phone,any,0.81,crossed,0.85,crossed,1,0,0
dmg-burn-corner,damage,H,url,front,jsqr,0,start,0.3,crossed,0.5,0,0
dmg-burn-corner,damage,H,url,front,zxing,0,start,0.3,crossed,0.5,0,0
dmg-burn-corner,damage,H,url,front,zxingcpp,0.91,crossed,0.95,crossed,1,0,0
dmg-burn-corner,damage,H,url,front,any,0.91,crossed,0.95,crossed,1,0,0
dmg-burn-corner,damage,H,url,phone,jsqr,0.41,crossed,0.45,crossed,1,0,0
dmg-burn-corner,damage,H,url,phone,zxing,0.41,crossed,0.45,crossed,1,0,0
dmg-burn-corner,damage,H,url,phone,zxingcpp,0.32,crossed,0.9,crossed,1,0,0
dmg-burn-corner,damage,H,url,phone,any,0.52,crossed,0.9,crossed,1,0,0
dmg-burn-finder,damage,L,all,front,jsqr,0.01,crossed,0.05,crossed,1,0,0
dmg-burn-finder,damage,L,all,front,zxing,0.21,crossed,0.25,crossed,1,0,0
dmg-burn-finder,damage,L,all,front,zxingcpp,0.01,crossed,0.05,crossed,1,0,0
dmg-burn-finder,damage,L,all,front,any,0.21,crossed,0.25,crossed,1,0,0
dmg-burn-finder,damage,L,all,phone,jsqr,0.01,crossed,0.05,crossed,1,0,0
dmg-burn-finder,damage,L,all,phone,zxing,0.21,crossed,0.25,crossed,1,0,0
dmg-burn-finder,damage,L,all,phone,zxingcpp,0.01,crossed,0.05,crossed,1,0,0
dmg-burn-finder,damage,L,all,phone,any,0.21,crossed,0.25,crossed,1,0,0
dmg-burn-finder,damage,M,all,front,jsqr,0.01,crossed,0.05,crossed,1,0,0
dmg-burn-finder,damage,M,all,front,zxing,0.21,crossed,0.25,crossed,1,0,0
dmg-burn-finder,damage,M,all,front,zxingcpp,0.01,crossed,0.05,crossed,1,0,0
dmg-burn-finder,damage,M,all,front,any,0.21,crossed,0.25,crossed,1,0,0
dmg-burn-finder,damage,M,all,phone,jsqr,0.01,crossed,0.05,crossed,1,0,0
dmg-burn-finder,damage,M,all,phone,zxing,0.21,crossed,0.25,crossed,1,0,0
dmg-burn-finder,damage,M,all,phone,zxingcpp,0.01,crossed,0.05,crossed,1,0,0
dmg-burn-finder,damage,M,all,phone,any,0.21,crossed,0.25,crossed,1,0,0
dmg-burn-finder,damage,Q,all,front,jsqr,0.01,crossed,0.05,crossed,1,0,0
dmg-burn-finder,damage,Q,all,front,zxing,0.21,crossed,0.25,crossed,1,0,0
dmg-burn-finder,damage,Q,all,front,zxingcpp,0.01,crossed,0.05,crossed,1,0,0
dmg-burn-finder,damage,Q,all,front,any,0.21,crossed,0.25,crossed,1,0,0
dmg-burn-finder,damage,Q,all,phone,jsqr,0.01,crossed,0.05,crossed,1,0,0
dmg-burn-finder,damage,Q,all,phone,zxing,0.21,crossed,0.25,crossed,1,0,0
dmg-burn-finder,damage,Q,all,phone,zxingcpp,0.01,crossed,0.05,crossed,1,0,0
dmg-burn-finder,damage,Q,all,phone,any,0.21,crossed,0.25,crossed,1,0,0
dmg-burn-finder,damage,H,all,front,jsqr,0,start,0,crossed,0.5,0,0
dmg-burn-finder,damage,H,all,front,zxing,0,start,0.1,crossed,0.5,0,0
dmg-burn-finder,damage,H,all,front,zxingcpp,0.01,crossed,0.05,crossed,1,0,0
dmg-burn-finder,damage,H,all,front,any,0.02,crossed,0.1,crossed,1,0,0
dmg-burn-finder,damage,H,all,phone,jsqr,0.01,crossed,0.05,crossed,1,0,0
dmg-burn-finder,damage,H,all,phone,zxing,0.12,crossed,0.2,crossed,1,0,0
dmg-burn-finder,damage,H,all,phone,zxingcpp,0.01,crossed,0.05,crossed,1,0,0
dmg-burn-finder,damage,H,all,phone,any,0.12,crossed,0.2,crossed,1,0,0
dmg-burn-finder,damage,L,url,front,jsqr,0.01,crossed,0.05,crossed,1,0,0
dmg-burn-finder,damage,L,url,front,zxing,0.21,crossed,0.25,crossed,1,0,0
dmg-burn-finder,damage,L,url,front,zxingcpp,0.01,crossed,0.05,crossed,1,0,0
dmg-burn-finder,damage,L,url,front,any,0.21,crossed,0.25,crossed,1,0,0
dmg-burn-finder,damage,L,url,phone,jsqr,0.01,crossed,0.05,crossed,1,0,0
dmg-burn-finder,damage,L,url,phone,zxing,0.21,crossed,0.25,crossed,1,0,0
dmg-burn-finder,damage,L,url,phone,zxingcpp,0.01,crossed,0.05,crossed,1,0,0
dmg-burn-finder,damage,L,url,phone,any,0.21,crossed,0.25,crossed,1,0,0
dmg-burn-finder,damage,M,url,front,jsqr,0.01,crossed,0.05,crossed,1,0,0
dmg-burn-finder,damage,M,url,front,zxing,0.21,crossed,0.25,crossed,1,0,0
dmg-burn-finder,damage,M,url,front,zxingcpp,0.01,crossed,0.05,crossed,1,0,0
dmg-burn-finder,damage,M,url,front,any,0.21,crossed,0.25,crossed,1,0,0
dmg-burn-finder,damage,M,url,phone,jsqr,0.01,crossed,0.05,crossed,1,0,0
dmg-burn-finder,damage,M,url,phone,zxing,0.21,crossed,0.25,crossed,1,0,0
dmg-burn-finder,damage,M,url,phone,zxingcpp,0.01,crossed,0.05,crossed,1,0,0
dmg-burn-finder,damage,M,url,phone,any,0.21,crossed,0.25,crossed,1,0,0
dmg-burn-finder,damage,Q,url,front,jsqr,0.01,crossed,0.05,crossed,1,0,0
dmg-burn-finder,damage,Q,url,front,zxing,0.21,crossed,0.25,crossed,1,0,0
dmg-burn-finder,damage,Q,url,front,zxingcpp,0.01,crossed,0.05,crossed,1,0,0
dmg-burn-finder,damage,Q,url,front,any,0.21,crossed,0.25,crossed,1,0,0
dmg-burn-finder,damage,Q,url,phone,jsqr,0.01,crossed,0.05,crossed,1,0,0
dmg-burn-finder,damage,Q,url,phone,zxing,0.21,crossed,0.25,crossed,1,0,0
dmg-burn-finder,damage,Q,url,phone,zxingcpp,0.01,crossed,0.05,crossed,1,0,0
dmg-burn-finder,damage,Q,url,phone,any,0.21,crossed,0.25,crossed,1,0,0
dmg-burn-finder,damage,H,url,front,jsqr,0,start,0,crossed,0.5,0,0
dmg-burn-finder,damage,H,url,front,zxing,0,start,0.1,crossed,0.5,0,0
dmg-burn-finder,damage,H,url,front,zxingcpp,0.01,crossed,0.05,crossed,1,0,0
dmg-burn-finder,damage,H,url,front,any,0.02,crossed,0.1,crossed,1,0,0
dmg-burn-finder,damage,H,url,phone,jsqr,0.01,crossed,0.05,crossed,1,0,0
dmg-burn-finder,damage,H,url,phone,zxing,0.12,crossed,0.2,crossed,1,0,0
dmg-burn-finder,damage,H,url,phone,zxingcpp,0.01,crossed,0.05,crossed,1,0,0
dmg-burn-finder,damage,H,url,phone,any,0.12,crossed,0.2,crossed,1,0,0
dmg-smudge-all,damage,L,all,front,jsqr,,never,,never,1,1,1
dmg-smudge-all,damage,L,all,front,zxing,,never,,never,1,1,1
dmg-smudge-all,damage,L,all,front,zxingcpp,,never,,never,1,1,1
dmg-smudge-all,damage,L,all,front,any,,never,,never,1,1,1
dmg-smudge-all,damage,L,all,phone,jsqr,,never,,never,1,1,1
dmg-smudge-all,damage,L,all,phone,zxing,,never,,never,1,1,1
dmg-smudge-all,damage,L,all,phone,zxingcpp,,never,,never,1,1,1
dmg-smudge-all,damage,L,all,phone,any,,never,,never,1,1,1
dmg-smudge-all,damage,M,all,front,jsqr,,never,,never,1,1,1
dmg-smudge-all,damage,M,all,front,zxing,,never,,never,1,1,1
dmg-smudge-all,damage,M,all,front,zxingcpp,,never,,never,1,1,1
dmg-smudge-all,damage,M,all,front,any,,never,,never,1,1,1
dmg-smudge-all,damage,M,all,phone,jsqr,,never,,never,1,1,1
dmg-smudge-all,damage,M,all,phone,zxing,,never,,never,1,1,1
dmg-smudge-all,damage,M,all,phone,zxingcpp,,never,,never,1,1,1
dmg-smudge-all,damage,M,all,phone,any,,never,,never,1,1,1
dmg-smudge-all,damage,Q,all,front,jsqr,,never,,never,1,1,1
dmg-smudge-all,damage,Q,all,front,zxing,,never,,never,1,1,1
dmg-smudge-all,damage,Q,all,front,zxingcpp,,never,,never,1,1,1
dmg-smudge-all,damage,Q,all,front,any,,never,,never,1,1,1
dmg-smudge-all,damage,Q,all,phone,jsqr,,never,,never,1,1,1
dmg-smudge-all,damage,Q,all,phone,zxing,,never,,never,1,1,1
dmg-smudge-all,damage,Q,all,phone,zxingcpp,,never,,never,1,1,1
dmg-smudge-all,damage,Q,all,phone,any,,never,,never,1,1,1
dmg-smudge-all,damage,H,all,front,jsqr,0,start,,never,0.5,0.5,0.5
dmg-smudge-all,damage,H,all,front,zxing,0,start,,never,0.5,0.5,0.5
dmg-smudge-all,damage,H,all,front,zxingcpp,,never,,never,1,1,1
dmg-smudge-all,damage,H,all,front,any,,never,,never,1,1,1
dmg-smudge-all,damage,H,all,phone,jsqr,,never,,never,1,1,1
dmg-smudge-all,damage,H,all,phone,zxing,,never,,never,1,1,1
dmg-smudge-all,damage,H,all,phone,zxingcpp,,never,,never,1,1,1
dmg-smudge-all,damage,H,all,phone,any,,never,,never,1,1,1
dmg-smudge-all,damage,L,url,front,jsqr,,never,,never,1,1,1
dmg-smudge-all,damage,L,url,front,zxing,,never,,never,1,1,1
dmg-smudge-all,damage,L,url,front,zxingcpp,,never,,never,1,1,1
dmg-smudge-all,damage,L,url,front,any,,never,,never,1,1,1
dmg-smudge-all,damage,L,url,phone,jsqr,,never,,never,1,1,1
dmg-smudge-all,damage,L,url,phone,zxing,,never,,never,1,1,1
dmg-smudge-all,damage,L,url,phone,zxingcpp,,never,,never,1,1,1
dmg-smudge-all,damage,L,url,phone,any,,never,,never,1,1,1
dmg-smudge-all,damage,M,url,front,jsqr,,never,,never,1,1,1
dmg-smudge-all,damage,M,url,front,zxing,,never,,never,1,1,1
dmg-smudge-all,damage,M,url,front,zxingcpp,,never,,never,1,1,1
dmg-smudge-all,damage,M,url,front,any,,never,,never,1,1,1
dmg-smudge-all,damage,M,url,phone,jsqr,,never,,never,1,1,1
dmg-smudge-all,damage,M,url,phone,zxing,,never,,never,1,1,1
dmg-smudge-all,damage,M,url,phone,zxingcpp,,never,,never,1,1,1
dmg-smudge-all,damage,M,url,phone,any,,never,,never,1,1,1
dmg-smudge-all,damage,Q,url,front,jsqr,,never,,never,1,1,1
dmg-smudge-all,damage,Q,url,front,zxing,,never,,never,1,1,1
dmg-smudge-all,damage,Q,url,front,zxingcpp,,never,,never,1,1,1
dmg-smudge-all,damage,Q,url,front,any,,never,,never,1,1,1
dmg-smudge-all,damage,Q,url,phone,jsqr,,never,,never,1,1,1
dmg-smudge-all,damage,Q,url,phone,zxing,,never,,never,1,1,1
dmg-smudge-all,damage,Q,url,phone,zxingcpp,,never,,never,1,1,1
dmg-smudge-all,damage,Q,url,phone,any,,never,,never,1,1,1
dmg-smudge-all,damage,H,url,front,jsqr,0,start,,never,0.5,0.5,0.5
dmg-smudge-all,damage,H,url,front,zxing,0,start,,never,0.5,0.5,0.5
dmg-smudge-all,damage,H,url,front,zxingcpp,,never,,never,1,1,1
dmg-smudge-all,damage,H,url,front,any,,never,,never,1,1,1
dmg-smudge-all,damage,H,url,phone,jsqr,,never,,never,1,1,1
dmg-smudge-all,damage,H,url,phone,zxing,,never,,never,1,1,1
dmg-smudge-all,damage,H,url,phone,zxingcpp,,never,,never,1,1,1
dmg-smudge-all,damage,H,url,phone,any,,never,,never,1,1,1
dmg-smudge-corner,damage,L,all,front,jsqr,,never,,never,1,1,1
dmg-smudge-corner,damage,L,all,front,zxing,,never,,never,1,1,1
dmg-smudge-corner,damage,L,all,front,zxingcpp,,never,,never,1,1,1
dmg-smudge-corner,damage,L,all,front,any,,never,,never,1,1,1
dmg-smudge-corner,damage,L,all,phone,jsqr,0.42,crossed,,never,1,1,0.5
dmg-smudge-corner,damage,L,all,phone,zxing,,never,,never,1,1,1
dmg-smudge-corner,damage,L,all,phone,zxingcpp,,never,,never,1,1,1
dmg-smudge-corner,damage,L,all,phone,any,,never,,never,1,1,1
dmg-smudge-corner,damage,M,all,front,jsqr,,never,,never,1,1,1
dmg-smudge-corner,damage,M,all,front,zxing,,never,,never,1,1,1
dmg-smudge-corner,damage,M,all,front,zxingcpp,,never,,never,1,1,1
dmg-smudge-corner,damage,M,all,front,any,,never,,never,1,1,1
dmg-smudge-corner,damage,M,all,phone,jsqr,,never,,never,1,1,1
dmg-smudge-corner,damage,M,all,phone,zxing,,never,,never,1,1,1
dmg-smudge-corner,damage,M,all,phone,zxingcpp,,never,,never,1,1,1
dmg-smudge-corner,damage,M,all,phone,any,,never,,never,1,1,1
dmg-smudge-corner,damage,Q,all,front,jsqr,,never,,never,1,1,1
dmg-smudge-corner,damage,Q,all,front,zxing,,never,,never,1,1,1
dmg-smudge-corner,damage,Q,all,front,zxingcpp,,never,,never,1,1,1
dmg-smudge-corner,damage,Q,all,front,any,,never,,never,1,1,1
dmg-smudge-corner,damage,Q,all,phone,jsqr,,never,,never,1,1,1
dmg-smudge-corner,damage,Q,all,phone,zxing,,never,,never,1,1,1
dmg-smudge-corner,damage,Q,all,phone,zxingcpp,,never,,never,1,1,1
dmg-smudge-corner,damage,Q,all,phone,any,,never,,never,1,1,1
dmg-smudge-corner,damage,H,all,front,jsqr,0,start,,never,0.5,0.5,0.5
dmg-smudge-corner,damage,H,all,front,zxing,0,start,0.3,crossed,0.5,0.5,0
dmg-smudge-corner,damage,H,all,front,zxingcpp,,never,,never,1,1,1
dmg-smudge-corner,damage,H,all,front,any,,never,,never,1,1,1
dmg-smudge-corner,damage,H,all,phone,jsqr,,never,,never,1,1,1
dmg-smudge-corner,damage,H,all,phone,zxing,,never,,never,1,1,1
dmg-smudge-corner,damage,H,all,phone,zxingcpp,,never,,never,1,1,1
dmg-smudge-corner,damage,H,all,phone,any,,never,,never,1,1,1
dmg-smudge-corner,damage,L,url,front,jsqr,,never,,never,1,1,1
dmg-smudge-corner,damage,L,url,front,zxing,,never,,never,1,1,1
dmg-smudge-corner,damage,L,url,front,zxingcpp,,never,,never,1,1,1
dmg-smudge-corner,damage,L,url,front,any,,never,,never,1,1,1
dmg-smudge-corner,damage,L,url,phone,jsqr,0.42,crossed,,never,1,1,0.5
dmg-smudge-corner,damage,L,url,phone,zxing,,never,,never,1,1,1
dmg-smudge-corner,damage,L,url,phone,zxingcpp,,never,,never,1,1,1
dmg-smudge-corner,damage,L,url,phone,any,,never,,never,1,1,1
dmg-smudge-corner,damage,M,url,front,jsqr,,never,,never,1,1,1
dmg-smudge-corner,damage,M,url,front,zxing,,never,,never,1,1,1
dmg-smudge-corner,damage,M,url,front,zxingcpp,,never,,never,1,1,1
dmg-smudge-corner,damage,M,url,front,any,,never,,never,1,1,1
dmg-smudge-corner,damage,M,url,phone,jsqr,,never,,never,1,1,1
dmg-smudge-corner,damage,M,url,phone,zxing,,never,,never,1,1,1
dmg-smudge-corner,damage,M,url,phone,zxingcpp,,never,,never,1,1,1
dmg-smudge-corner,damage,M,url,phone,any,,never,,never,1,1,1
dmg-smudge-corner,damage,Q,url,front,jsqr,,never,,never,1,1,1
dmg-smudge-corner,damage,Q,url,front,zxing,,never,,never,1,1,1
dmg-smudge-corner,damage,Q,url,front,zxingcpp,,never,,never,1,1,1
dmg-smudge-corner,damage,Q,url,front,any,,never,,never,1,1,1
dmg-smudge-corner,damage,Q,url,phone,jsqr,,never,,never,1,1,1
dmg-smudge-corner,damage,Q,url,phone,zxing,,never,,never,1,1,1
dmg-smudge-corner,damage,Q,url,phone,zxingcpp,,never,,never,1,1,1
dmg-smudge-corner,damage,Q,url,phone,any,,never,,never,1,1,1
dmg-smudge-corner,damage,H,url,front,jsqr,0,start,,never,0.5,0.5,0.5
dmg-smudge-corner,damage,H,url,front,zxing,0,start,0.3,crossed,0.5,0.5,0
dmg-smudge-corner,damage,H,url,front,zxingcpp,,never,,never,1,1,1
dmg-smudge-corner,damage,H,url,front,any,,never,,never,1,1,1
dmg-smudge-corner,damage,H,url,phone,jsqr,,never,,never,1,1,1
dmg-smudge-corner,damage,H,url,phone,zxing,,never,,never,1,1,1
dmg-smudge-corner,damage,H,url,phone,zxingcpp,,never,,never,1,1,1
dmg-smudge-corner,damage,H,url,phone,any,,never,,never,1,1,1
dmg-smudge-center,damage,L,all,front,jsqr,,never,,never,1,1,1
dmg-smudge-center,damage,L,all,front,zxing,,never,,never,1,1,1
dmg-smudge-center,damage,L,all,front,zxingcpp,,never,,never,1,1,1
dmg-smudge-center,damage,L,all,front,any,,never,,never,1,1,1
dmg-smudge-center,damage,L,all,phone,jsqr,,never,,never,1,1,1
dmg-smudge-center,damage,L,all,phone,zxing,,never,,never,1,1,1
dmg-smudge-center,damage,L,all,phone,zxingcpp,,never,,never,1,1,1
dmg-smudge-center,damage,L,all,phone,any,,never,,never,1,1,1
dmg-smudge-center,damage,M,all,front,jsqr,,never,,never,1,1,1
dmg-smudge-center,damage,M,all,front,zxing,,never,,never,1,1,1
dmg-smudge-center,damage,M,all,front,zxingcpp,,never,,never,1,1,1
dmg-smudge-center,damage,M,all,front,any,,never,,never,1,1,1
dmg-smudge-center,damage,M,all,phone,jsqr,,never,,never,1,1,1
dmg-smudge-center,damage,M,all,phone,zxing,,never,,never,1,1,1
dmg-smudge-center,damage,M,all,phone,zxingcpp,,never,,never,1,1,1
dmg-smudge-center,damage,M,all,phone,any,,never,,never,1,1,1
dmg-smudge-center,damage,Q,all,front,jsqr,,never,,never,1,1,1
dmg-smudge-center,damage,Q,all,front,zxing,,never,,never,1,1,1
dmg-smudge-center,damage,Q,all,front,zxingcpp,,never,,never,1,1,1
dmg-smudge-center,damage,Q,all,front,any,,never,,never,1,1,1
dmg-smudge-center,damage,Q,all,phone,jsqr,,never,,never,1,1,1
dmg-smudge-center,damage,Q,all,phone,zxing,,never,,never,1,1,1
dmg-smudge-center,damage,Q,all,phone,zxingcpp,,never,,never,1,1,1
dmg-smudge-center,damage,Q,all,phone,any,,never,,never,1,1,1
dmg-smudge-center,damage,H,all,front,jsqr,0,start,,never,0.5,0.5,0.5
dmg-smudge-center,damage,H,all,front,zxing,0,start,,never,0.5,0.5,0.5
dmg-smudge-center,damage,H,all,front,zxingcpp,,never,,never,1,1,1
dmg-smudge-center,damage,H,all,front,any,,never,,never,1,1,1
dmg-smudge-center,damage,H,all,phone,jsqr,,never,,never,1,1,1
dmg-smudge-center,damage,H,all,phone,zxing,,never,,never,1,1,1
dmg-smudge-center,damage,H,all,phone,zxingcpp,,never,,never,1,1,1
dmg-smudge-center,damage,H,all,phone,any,,never,,never,1,1,1
dmg-smudge-center,damage,L,url,front,jsqr,,never,,never,1,1,1
dmg-smudge-center,damage,L,url,front,zxing,,never,,never,1,1,1
dmg-smudge-center,damage,L,url,front,zxingcpp,,never,,never,1,1,1
dmg-smudge-center,damage,L,url,front,any,,never,,never,1,1,1
dmg-smudge-center,damage,L,url,phone,jsqr,,never,,never,1,1,1
dmg-smudge-center,damage,L,url,phone,zxing,,never,,never,1,1,1
dmg-smudge-center,damage,L,url,phone,zxingcpp,,never,,never,1,1,1
dmg-smudge-center,damage,L,url,phone,any,,never,,never,1,1,1
dmg-smudge-center,damage,M,url,front,jsqr,,never,,never,1,1,1
dmg-smudge-center,damage,M,url,front,zxing,,never,,never,1,1,1
dmg-smudge-center,damage,M,url,front,zxingcpp,,never,,never,1,1,1
dmg-smudge-center,damage,M,url,front,any,,never,,never,1,1,1
dmg-smudge-center,damage,M,url,phone,jsqr,,never,,never,1,1,1
dmg-smudge-center,damage,M,url,phone,zxing,,never,,never,1,1,1
dmg-smudge-center,damage,M,url,phone,zxingcpp,,never,,never,1,1,1
dmg-smudge-center,damage,M,url,phone,any,,never,,never,1,1,1
dmg-smudge-center,damage,Q,url,front,jsqr,,never,,never,1,1,1
dmg-smudge-center,damage,Q,url,front,zxing,,never,,never,1,1,1
dmg-smudge-center,damage,Q,url,front,zxingcpp,,never,,never,1,1,1
dmg-smudge-center,damage,Q,url,front,any,,never,,never,1,1,1
dmg-smudge-center,damage,Q,url,phone,jsqr,,never,,never,1,1,1
dmg-smudge-center,damage,Q,url,phone,zxing,,never,,never,1,1,1
dmg-smudge-center,damage,Q,url,phone,zxingcpp,,never,,never,1,1,1
dmg-smudge-center,damage,Q,url,phone,any,,never,,never,1,1,1
dmg-smudge-center,damage,H,url,front,jsqr,0,start,,never,0.5,0.5,0.5
dmg-smudge-center,damage,H,url,front,zxing,0,start,,never,0.5,0.5,0.5
dmg-smudge-center,damage,H,url,front,zxingcpp,,never,,never,1,1,1
dmg-smudge-center,damage,H,url,front,any,,never,,never,1,1,1
dmg-smudge-center,damage,H,url,phone,jsqr,,never,,never,1,1,1
dmg-smudge-center,damage,H,url,phone,zxing,,never,,never,1,1,1
dmg-smudge-center,damage,H,url,phone,zxingcpp,,never,,never,1,1,1
dmg-smudge-center,damage,H,url,phone,any,,never,,never,1,1,1
dmg-smudge-finder,damage,L,all,front,jsqr,,never,,never,1,1,1
dmg-smudge-finder,damage,L,all,front,zxing,,never,,never,1,1,1
dmg-smudge-finder,damage,L,all,front,zxingcpp,0.12,crossed,,never,1,1,0.5
dmg-smudge-finder,damage,L,all,front,any,,never,,never,1,1,1
dmg-smudge-finder,damage,L,all,phone,jsqr,0.52,crossed,0.6,crossed,1,1,0
dmg-smudge-finder,damage,L,all,phone,zxing,0.11,crossed,0.15,crossed,1,0,0
dmg-smudge-finder,damage,L,all,phone,zxingcpp,0.11,crossed,0.15,crossed,1,0,0
dmg-smudge-finder,damage,L,all,phone,any,0.52,crossed,0.6,crossed,1,1,0
dmg-smudge-finder,damage,M,all,front,jsqr,0.62,crossed,0.9,crossed,1,0,0
dmg-smudge-finder,damage,M,all,front,zxing,0.12,crossed,0.9,crossed,1,0,0
dmg-smudge-finder,damage,M,all,front,zxingcpp,,never,,never,1,1,1
dmg-smudge-finder,damage,M,all,front,any,,never,,never,1,1,1
dmg-smudge-finder,damage,M,all,phone,jsqr,0.22,crossed,0.3,crossed,1,0,0
dmg-smudge-finder,damage,M,all,phone,zxing,0.11,crossed,0.15,crossed,1,0,0
dmg-smudge-finder,damage,M,all,phone,zxingcpp,0.12,crossed,0.2,crossed,1,0,0
dmg-smudge-finder,damage,M,all,phone,any,0.22,crossed,0.3,crossed,1,0,0
dmg-smudge-finder,damage,Q,all,front,jsqr,0.62,crossed,0.9,crossed,1,0,0
dmg-smudge-finder,damage,Q,all,front,zxing,0.12,crossed,0.9,crossed,1,0,0
dmg-smudge-finder,damage,Q,all,front,zxingcpp,,never,,never,1,1,1
dmg-smudge-finder,damage,Q,all,front,any,,never,,never,1,1,1
dmg-smudge-finder,damage,Q,all,phone,jsqr,0.21,crossed,0.25,crossed,1,0,0
dmg-smudge-finder,damage,Q,all,phone,zxing,0.11,crossed,0.15,crossed,1,0,0
dmg-smudge-finder,damage,Q,all,phone,zxingcpp,0.11,crossed,0.15,crossed,1,0,0
dmg-smudge-finder,damage,Q,all,phone,any,0.21,crossed,0.25,crossed,1,0,0
dmg-smudge-finder,damage,H,all,front,jsqr,0,start,0.3,crossed,0.5,0,0
dmg-smudge-finder,damage,H,all,front,zxing,0,start,0.1,crossed,0.5,0,0
dmg-smudge-finder,damage,H,all,front,zxingcpp,0.12,crossed,0.55,crossed,1,1,0
dmg-smudge-finder,damage,H,all,front,any,0.12,crossed,0.55,crossed,1,1,0
dmg-smudge-finder,damage,H,all,phone,jsqr,0.12,crossed,0.4,crossed,1,0,0
dmg-smudge-finder,damage,H,all,phone,zxing,0.11,crossed,0.15,crossed,1,0,0
dmg-smudge-finder,damage,H,all,phone,zxingcpp,0.11,crossed,0.15,crossed,1,0,0
dmg-smudge-finder,damage,H,all,phone,any,0.12,crossed,0.4,crossed,1,0,0
dmg-smudge-finder,damage,L,url,front,jsqr,,never,,never,1,1,1
dmg-smudge-finder,damage,L,url,front,zxing,,never,,never,1,1,1
dmg-smudge-finder,damage,L,url,front,zxingcpp,0.12,crossed,,never,1,1,0.5
dmg-smudge-finder,damage,L,url,front,any,,never,,never,1,1,1
dmg-smudge-finder,damage,L,url,phone,jsqr,0.52,crossed,0.6,crossed,1,1,0
dmg-smudge-finder,damage,L,url,phone,zxing,0.11,crossed,0.15,crossed,1,0,0
dmg-smudge-finder,damage,L,url,phone,zxingcpp,0.11,crossed,0.15,crossed,1,0,0
dmg-smudge-finder,damage,L,url,phone,any,0.52,crossed,0.6,crossed,1,1,0
dmg-smudge-finder,damage,M,url,front,jsqr,0.62,crossed,0.9,crossed,1,0,0
dmg-smudge-finder,damage,M,url,front,zxing,0.12,crossed,0.9,crossed,1,0,0
dmg-smudge-finder,damage,M,url,front,zxingcpp,,never,,never,1,1,1
dmg-smudge-finder,damage,M,url,front,any,,never,,never,1,1,1
dmg-smudge-finder,damage,M,url,phone,jsqr,0.22,crossed,0.3,crossed,1,0,0
dmg-smudge-finder,damage,M,url,phone,zxing,0.11,crossed,0.15,crossed,1,0,0
dmg-smudge-finder,damage,M,url,phone,zxingcpp,0.12,crossed,0.2,crossed,1,0,0
dmg-smudge-finder,damage,M,url,phone,any,0.22,crossed,0.3,crossed,1,0,0
dmg-smudge-finder,damage,Q,url,front,jsqr,0.62,crossed,0.9,crossed,1,0,0
dmg-smudge-finder,damage,Q,url,front,zxing,0.12,crossed,0.9,crossed,1,0,0
dmg-smudge-finder,damage,Q,url,front,zxingcpp,,never,,never,1,1,1
dmg-smudge-finder,damage,Q,url,front,any,,never,,never,1,1,1
dmg-smudge-finder,damage,Q,url,phone,jsqr,0.21,crossed,0.25,crossed,1,0,0
dmg-smudge-finder,damage,Q,url,phone,zxing,0.11,crossed,0.15,crossed,1,0,0
dmg-smudge-finder,damage,Q,url,phone,zxingcpp,0.11,crossed,0.15,crossed,1,0,0
dmg-smudge-finder,damage,Q,url,phone,any,0.21,crossed,0.25,crossed,1,0,0
dmg-smudge-finder,damage,H,url,front,jsqr,0,start,0.3,crossed,0.5,0,0
dmg-smudge-finder,damage,H,url,front,zxing,0,start,0.1,crossed,0.5,0,0
dmg-smudge-finder,damage,H,url,front,zxingcpp,0.12,crossed,0.55,crossed,1,1,0
dmg-smudge-finder,damage,H,url,front,any,0.12,crossed,0.55,crossed,1,1,0
dmg-smudge-finder,damage,H,url,phone,jsqr,0.12,crossed,0.4,crossed,1,0,0
dmg-smudge-finder,damage,H,url,phone,zxing,0.11,crossed,0.15,crossed,1,0,0
dmg-smudge-finder,damage,H,url,phone,zxingcpp,0.11,crossed,0.15,crossed,1,0,0
dmg-smudge-finder,damage,H,url,phone,any,0.12,crossed,0.4,crossed,1,0,0
dmg-smudge-edge,damage,L,all,front,jsqr,0.22,crossed,,never,1,1,0.5
dmg-smudge-edge,damage,L,all,front,zxing,,never,,never,1,1,1
dmg-smudge-edge,damage,L,all,front,zxingcpp,,never,,never,1,1,1
dmg-smudge-edge,damage,L,all,front,any,,never,,never,1,1,1
dmg-smudge-edge,damage,L,all,phone,jsqr,,never,,never,1,1,1
dmg-smudge-edge,damage,L,all,phone,zxing,,never,,never,1,1,1
dmg-smudge-edge,damage,L,all,phone,zxingcpp,,never,,never,1,1,1
dmg-smudge-edge,damage,L,all,phone,any,,never,,never,1,1,1
dmg-smudge-edge,damage,M,all,front,jsqr,,never,,never,1,1,1
dmg-smudge-edge,damage,M,all,front,zxing,,never,,never,1,1,1
dmg-smudge-edge,damage,M,all,front,zxingcpp,,never,,never,1,1,1
dmg-smudge-edge,damage,M,all,front,any,,never,,never,1,1,1
dmg-smudge-edge,damage,M,all,phone,jsqr,,never,,never,1,1,1
dmg-smudge-edge,damage,M,all,phone,zxing,,never,,never,1,1,1
dmg-smudge-edge,damage,M,all,phone,zxingcpp,,never,,never,1,1,1
dmg-smudge-edge,damage,M,all,phone,any,,never,,never,1,1,1
dmg-smudge-edge,damage,Q,all,front,jsqr,,never,,never,1,1,1
dmg-smudge-edge,damage,Q,all,front,zxing,,never,,never,1,1,1
dmg-smudge-edge,damage,Q,all,front,zxingcpp,,never,,never,1,1,1
dmg-smudge-edge,damage,Q,all,front,any,,never,,never,1,1,1
dmg-smudge-edge,damage,Q,all,phone,jsqr,,never,,never,1,1,1
dmg-smudge-edge,damage,Q,all,phone,zxing,,never,,never,1,1,1
dmg-smudge-edge,damage,Q,all,phone,zxingcpp,,never,,never,1,1,1
dmg-smudge-edge,damage,Q,all,phone,any,,never,,never,1,1,1
dmg-smudge-edge,damage,H,all,front,jsqr,0,start,,never,0.5,0.5,0.5
dmg-smudge-edge,damage,H,all,front,zxing,0,start,,never,0.5,0.5,0.5
dmg-smudge-edge,damage,H,all,front,zxingcpp,,never,,never,1,1,1
dmg-smudge-edge,damage,H,all,front,any,,never,,never,1,1,1
dmg-smudge-edge,damage,H,all,phone,jsqr,,never,,never,1,1,1
dmg-smudge-edge,damage,H,all,phone,zxing,,never,,never,1,1,1
dmg-smudge-edge,damage,H,all,phone,zxingcpp,,never,,never,1,1,1
dmg-smudge-edge,damage,H,all,phone,any,,never,,never,1,1,1
dmg-smudge-edge,damage,L,url,front,jsqr,0.22,crossed,,never,1,1,0.5
dmg-smudge-edge,damage,L,url,front,zxing,,never,,never,1,1,1
dmg-smudge-edge,damage,L,url,front,zxingcpp,,never,,never,1,1,1
dmg-smudge-edge,damage,L,url,front,any,,never,,never,1,1,1
dmg-smudge-edge,damage,L,url,phone,jsqr,,never,,never,1,1,1
dmg-smudge-edge,damage,L,url,phone,zxing,,never,,never,1,1,1
dmg-smudge-edge,damage,L,url,phone,zxingcpp,,never,,never,1,1,1
dmg-smudge-edge,damage,L,url,phone,any,,never,,never,1,1,1
dmg-smudge-edge,damage,M,url,front,jsqr,,never,,never,1,1,1
dmg-smudge-edge,damage,M,url,front,zxing,,never,,never,1,1,1
dmg-smudge-edge,damage,M,url,front,zxingcpp,,never,,never,1,1,1
dmg-smudge-edge,damage,M,url,front,any,,never,,never,1,1,1
dmg-smudge-edge,damage,M,url,phone,jsqr,,never,,never,1,1,1
dmg-smudge-edge,damage,M,url,phone,zxing,,never,,never,1,1,1
dmg-smudge-edge,damage,M,url,phone,zxingcpp,,never,,never,1,1,1
dmg-smudge-edge,damage,M,url,phone,any,,never,,never,1,1,1
dmg-smudge-edge,damage,Q,url,front,jsqr,,never,,never,1,1,1
dmg-smudge-edge,damage,Q,url,front,zxing,,never,,never,1,1,1
dmg-smudge-edge,damage,Q,url,front,zxingcpp,,never,,never,1,1,1
dmg-smudge-edge,damage,Q,url,front,any,,never,,never,1,1,1
dmg-smudge-edge,damage,Q,url,phone,jsqr,,never,,never,1,1,1
dmg-smudge-edge,damage,Q,url,phone,zxing,,never,,never,1,1,1
dmg-smudge-edge,damage,Q,url,phone,zxingcpp,,never,,never,1,1,1
dmg-smudge-edge,damage,Q,url,phone,any,,never,,never,1,1,1
dmg-smudge-edge,damage,H,url,front,jsqr,0,start,,never,0.5,0.5,0.5
dmg-smudge-edge,damage,H,url,front,zxing,0,start,,never,0.5,0.5,0.5
dmg-smudge-edge,damage,H,url,front,zxingcpp,,never,,never,1,1,1
dmg-smudge-edge,damage,H,url,front,any,,never,,never,1,1,1
dmg-smudge-edge,damage,H,url,phone,jsqr,,never,,never,1,1,1
dmg-smudge-edge,damage,H,url,phone,zxing,,never,,never,1,1,1
dmg-smudge-edge,damage,H,url,phone,zxingcpp,,never,,never,1,1,1
dmg-smudge-edge,damage,H,url,phone,any,,never,,never,1,1,1
dmg-blur-all,damage,L,all,front,jsqr,0.02,crossed,0.1,crossed,1,0,0
dmg-blur-all,damage,L,all,front,zxing,0.11,crossed,0.15,crossed,1,0,0
dmg-blur-all,damage,L,all,front,zxingcpp,0.11,crossed,0.15,crossed,1,0,0
dmg-blur-all,damage,L,all,front,any,0.11,crossed,0.15,crossed,1,0,0
dmg-blur-all,damage,L,all,phone,jsqr,0.11,crossed,0.15,crossed,1,0,0
dmg-blur-all,damage,L,all,phone,zxing,0.01,crossed,0.05,crossed,1,0,0
dmg-blur-all,damage,L,all,phone,zxingcpp,0.02,crossed,0.1,crossed,1,0,0
dmg-blur-all,damage,L,all,phone,any,0.11,crossed,0.15,crossed,1,0,0
dmg-blur-all,damage,M,all,front,jsqr,0.11,crossed,0.15,crossed,1,0,0
dmg-blur-all,damage,M,all,front,zxing,0.11,crossed,0.15,crossed,1,0,0
dmg-blur-all,damage,M,all,front,zxingcpp,0.11,crossed,0.15,crossed,1,0,0
dmg-blur-all,damage,M,all,front,any,0.11,crossed,0.15,crossed,1,0,0
dmg-blur-all,damage,M,all,phone,jsqr,0.02,crossed,0.1,crossed,1,0,0
dmg-blur-all,damage,M,all,phone,zxing,0.01,crossed,0.05,crossed,1,0,0
dmg-blur-all,damage,M,all,phone,zxingcpp,0.11,crossed,0.15,crossed,1,0,0
dmg-blur-all,damage,M,all,phone,any,0.11,crossed,0.15,crossed,1,0,0
dmg-blur-all,damage,Q,all,front,jsqr,0.02,crossed,0.1,crossed,1,0,0
dmg-blur-all,damage,Q,all,front,zxing,0.02,crossed,0.1,crossed,1,0,0
dmg-blur-all,damage,Q,all,front,zxingcpp,0.11,crossed,0.15,crossed,1,0,0
dmg-blur-all,damage,Q,all,front,any,0.11,crossed,0.15,crossed,1,0,0
dmg-blur-all,damage,Q,all,phone,jsqr,0.01,crossed,0.05,crossed,1,0,0
dmg-blur-all,damage,Q,all,phone,zxing,0.01,crossed,0.05,crossed,1,0,0
dmg-blur-all,damage,Q,all,phone,zxingcpp,0.11,crossed,0.15,crossed,1,0,0
dmg-blur-all,damage,Q,all,phone,any,0.11,crossed,0.15,crossed,1,0,0
dmg-blur-all,damage,H,all,front,jsqr,0,start,0,crossed,0.5,0,0
dmg-blur-all,damage,H,all,front,zxing,0,start,0,crossed,0.5,0,0
dmg-blur-all,damage,H,all,front,zxingcpp,0.11,crossed,0.15,crossed,1,0,0
dmg-blur-all,damage,H,all,front,any,0.11,crossed,0.15,crossed,1,0,0
dmg-blur-all,damage,H,all,phone,jsqr,0.01,crossed,0.05,crossed,1,0,0
dmg-blur-all,damage,H,all,phone,zxing,0.01,crossed,0.05,crossed,1,0,0
dmg-blur-all,damage,H,all,phone,zxingcpp,0.11,crossed,0.15,crossed,1,0,0
dmg-blur-all,damage,H,all,phone,any,0.11,crossed,0.15,crossed,1,0,0
dmg-blur-all,damage,L,url,front,jsqr,0.02,crossed,0.1,crossed,1,0,0
dmg-blur-all,damage,L,url,front,zxing,0.11,crossed,0.15,crossed,1,0,0
dmg-blur-all,damage,L,url,front,zxingcpp,0.11,crossed,0.15,crossed,1,0,0
dmg-blur-all,damage,L,url,front,any,0.11,crossed,0.15,crossed,1,0,0
dmg-blur-all,damage,L,url,phone,jsqr,0.11,crossed,0.15,crossed,1,0,0
dmg-blur-all,damage,L,url,phone,zxing,0.01,crossed,0.05,crossed,1,0,0
dmg-blur-all,damage,L,url,phone,zxingcpp,0.02,crossed,0.1,crossed,1,0,0
dmg-blur-all,damage,L,url,phone,any,0.11,crossed,0.15,crossed,1,0,0
dmg-blur-all,damage,M,url,front,jsqr,0.11,crossed,0.15,crossed,1,0,0
dmg-blur-all,damage,M,url,front,zxing,0.11,crossed,0.15,crossed,1,0,0
dmg-blur-all,damage,M,url,front,zxingcpp,0.11,crossed,0.15,crossed,1,0,0
dmg-blur-all,damage,M,url,front,any,0.11,crossed,0.15,crossed,1,0,0
dmg-blur-all,damage,M,url,phone,jsqr,0.02,crossed,0.1,crossed,1,0,0
dmg-blur-all,damage,M,url,phone,zxing,0.01,crossed,0.05,crossed,1,0,0
dmg-blur-all,damage,M,url,phone,zxingcpp,0.11,crossed,0.15,crossed,1,0,0
dmg-blur-all,damage,M,url,phone,any,0.11,crossed,0.15,crossed,1,0,0
dmg-blur-all,damage,Q,url,front,jsqr,0.02,crossed,0.1,crossed,1,0,0
dmg-blur-all,damage,Q,url,front,zxing,0.02,crossed,0.1,crossed,1,0,0
dmg-blur-all,damage,Q,url,front,zxingcpp,0.11,crossed,0.15,crossed,1,0,0
dmg-blur-all,damage,Q,url,front,any,0.11,crossed,0.15,crossed,1,0,0
dmg-blur-all,damage,Q,url,phone,jsqr,0.01,crossed,0.05,crossed,1,0,0
dmg-blur-all,damage,Q,url,phone,zxing,0.01,crossed,0.05,crossed,1,0,0
dmg-blur-all,damage,Q,url,phone,zxingcpp,0.11,crossed,0.15,crossed,1,0,0
dmg-blur-all,damage,Q,url,phone,any,0.11,crossed,0.15,crossed,1,0,0
dmg-blur-all,damage,H,url,front,jsqr,0,start,0,crossed,0.5,0,0
dmg-blur-all,damage,H,url,front,zxing,0,start,0,crossed,0.5,0,0
dmg-blur-all,damage,H,url,front,zxingcpp,0.11,crossed,0.15,crossed,1,0,0
dmg-blur-all,damage,H,url,front,any,0.11,crossed,0.15,crossed,1,0,0
dmg-blur-all,damage,H,url,phone,jsqr,0.01,crossed,0.05,crossed,1,0,0
dmg-blur-all,damage,H,url,phone,zxing,0.01,crossed,0.05,crossed,1,0,0
dmg-blur-all,damage,H,url,phone,zxingcpp,0.11,crossed,0.15,crossed,1,0,0
dmg-blur-all,damage,H,url,phone,any,0.11,crossed,0.15,crossed,1,0,0
dmg-blur-corner,damage,L,all,front,jsqr,0.12,crossed,0.2,crossed,1,0,0
dmg-blur-corner,damage,L,all,front,zxing,0.12,crossed,0.2,crossed,1,0,0
dmg-blur-corner,damage,L,all,front,zxingcpp,0.21,crossed,0.25,crossed,1,0,0
dmg-blur-corner,damage,L,all,front,any,0.21,crossed,0.25,crossed,1,0,0
dmg-blur-corner,damage,L,all,phone,jsqr,0.12,crossed,0.2,crossed,1,0,0
dmg-blur-corner,damage,L,all,phone,zxing,0.11,crossed,0.15,crossed,1,0,0
dmg-blur-corner,damage,L,all,phone,zxingcpp,0.11,crossed,0.15,crossed,1,0,0
dmg-blur-corner,damage,L,all,phone,any,0.12,crossed,0.2,crossed,1,0,0
dmg-blur-corner,damage,M,all,front,jsqr,0.21,crossed,0.25,crossed,1,0,0
dmg-blur-corner,damage,M,all,front,zxing,0.11,crossed,0.15,crossed,1,0,0
dmg-blur-corner,damage,M,all,front,zxingcpp,0.21,crossed,0.25,crossed,1,0,0
dmg-blur-corner,damage,M,all,front,any,0.21,crossed,0.25,crossed,1,0,0
dmg-blur-corner,damage,M,all,phone,jsqr,0.21,crossed,0.25,crossed,1,0,0
dmg-blur-corner,damage,M,all,phone,zxing,0.21,crossed,0.25,crossed,1,0,0
dmg-blur-corner,damage,M,all,phone,zxingcpp,0.11,crossed,0.15,crossed,1,0,0
dmg-blur-corner,damage,M,all,phone,any,0.21,crossed,0.25,crossed,1,0,0
dmg-blur-corner,damage,Q,all,front,jsqr,0.21,crossed,0.25,crossed,1,0,0
dmg-blur-corner,damage,Q,all,front,zxing,0.31,crossed,0.35,crossed,1,0,0
dmg-blur-corner,damage,Q,all,front,zxingcpp,0.22,crossed,0.3,crossed,1,0,0
dmg-blur-corner,damage,Q,all,front,any,0.31,crossed,0.35,crossed,1,0,0
dmg-blur-corner,damage,Q,all,phone,jsqr,0.22,crossed,0.3,crossed,1,0,0
dmg-blur-corner,damage,Q,all,phone,zxing,0.22,crossed,0.3,crossed,1,0,0
dmg-blur-corner,damage,Q,all,phone,zxingcpp,0.22,crossed,0.4,crossed,1,0,0
dmg-blur-corner,damage,Q,all,phone,any,0.32,crossed,0.4,crossed,1,0,0
dmg-blur-corner,damage,H,all,front,jsqr,0,start,0.2,crossed,0.5,0,0
dmg-blur-corner,damage,H,all,front,zxing,0,start,0,crossed,0.5,0,0
dmg-blur-corner,damage,H,all,front,zxingcpp,,never,,never,1,1,1
dmg-blur-corner,damage,H,all,front,any,,never,,never,1,1,1
dmg-blur-corner,damage,H,all,phone,jsqr,0.31,crossed,0.35,crossed,1,0,0
dmg-blur-corner,damage,H,all,phone,zxing,0.31,crossed,0.35,crossed,1,0,0
dmg-blur-corner,damage,H,all,phone,zxingcpp,0.22,crossed,,never,1,0.5,0.5
dmg-blur-corner,damage,H,all,phone,any,0.32,crossed,,never,1,0.5,0.5
dmg-blur-corner,damage,L,url,front,jsqr,0.12,crossed,0.2,crossed,1,0,0
dmg-blur-corner,damage,L,url,front,zxing,0.12,crossed,0.2,crossed,1,0,0
dmg-blur-corner,damage,L,url,front,zxingcpp,0.21,crossed,0.25,crossed,1,0,0
dmg-blur-corner,damage,L,url,front,any,0.21,crossed,0.25,crossed,1,0,0
dmg-blur-corner,damage,L,url,phone,jsqr,0.12,crossed,0.2,crossed,1,0,0
dmg-blur-corner,damage,L,url,phone,zxing,0.11,crossed,0.15,crossed,1,0,0
dmg-blur-corner,damage,L,url,phone,zxingcpp,0.11,crossed,0.15,crossed,1,0,0
dmg-blur-corner,damage,L,url,phone,any,0.12,crossed,0.2,crossed,1,0,0
dmg-blur-corner,damage,M,url,front,jsqr,0.21,crossed,0.25,crossed,1,0,0
dmg-blur-corner,damage,M,url,front,zxing,0.11,crossed,0.15,crossed,1,0,0
dmg-blur-corner,damage,M,url,front,zxingcpp,0.21,crossed,0.25,crossed,1,0,0
dmg-blur-corner,damage,M,url,front,any,0.21,crossed,0.25,crossed,1,0,0
dmg-blur-corner,damage,M,url,phone,jsqr,0.21,crossed,0.25,crossed,1,0,0
dmg-blur-corner,damage,M,url,phone,zxing,0.21,crossed,0.25,crossed,1,0,0
dmg-blur-corner,damage,M,url,phone,zxingcpp,0.11,crossed,0.15,crossed,1,0,0
dmg-blur-corner,damage,M,url,phone,any,0.21,crossed,0.25,crossed,1,0,0
dmg-blur-corner,damage,Q,url,front,jsqr,0.21,crossed,0.25,crossed,1,0,0
dmg-blur-corner,damage,Q,url,front,zxing,0.31,crossed,0.35,crossed,1,0,0
dmg-blur-corner,damage,Q,url,front,zxingcpp,0.22,crossed,0.3,crossed,1,0,0
dmg-blur-corner,damage,Q,url,front,any,0.31,crossed,0.35,crossed,1,0,0
dmg-blur-corner,damage,Q,url,phone,jsqr,0.22,crossed,0.3,crossed,1,0,0
dmg-blur-corner,damage,Q,url,phone,zxing,0.22,crossed,0.3,crossed,1,0,0
dmg-blur-corner,damage,Q,url,phone,zxingcpp,0.22,crossed,0.4,crossed,1,0,0
dmg-blur-corner,damage,Q,url,phone,any,0.32,crossed,0.4,crossed,1,0,0
dmg-blur-corner,damage,H,url,front,jsqr,0,start,0.2,crossed,0.5,0,0
dmg-blur-corner,damage,H,url,front,zxing,0,start,0,crossed,0.5,0,0
dmg-blur-corner,damage,H,url,front,zxingcpp,,never,,never,1,1,1
dmg-blur-corner,damage,H,url,front,any,,never,,never,1,1,1
dmg-blur-corner,damage,H,url,phone,jsqr,0.31,crossed,0.35,crossed,1,0,0
dmg-blur-corner,damage,H,url,phone,zxing,0.31,crossed,0.35,crossed,1,0,0
dmg-blur-corner,damage,H,url,phone,zxingcpp,0.22,crossed,,never,1,0.5,0.5
dmg-blur-corner,damage,H,url,phone,any,0.32,crossed,,never,1,0.5,0.5
dmg-blur-center,damage,L,all,front,jsqr,0.21,crossed,0.25,crossed,1,0,0
dmg-blur-center,damage,L,all,front,zxing,0.21,crossed,0.25,crossed,1,0,0
dmg-blur-center,damage,L,all,front,zxingcpp,0.11,crossed,0.15,crossed,1,0,0
dmg-blur-center,damage,L,all,front,any,0.21,crossed,0.25,crossed,1,0,0
dmg-blur-center,damage,L,all,phone,jsqr,0.11,crossed,0.15,crossed,1,0,0
dmg-blur-center,damage,L,all,phone,zxing,0.11,crossed,0.15,crossed,1,0,0
dmg-blur-center,damage,L,all,phone,zxingcpp,0.11,crossed,0.15,crossed,1,0,0
dmg-blur-center,damage,L,all,phone,any,0.11,crossed,0.15,crossed,1,0,0
dmg-blur-center,damage,M,all,front,jsqr,0.21,crossed,0.25,crossed,1,0,0
dmg-blur-center,damage,M,all,front,zxing,0.21,crossed,0.25,crossed,1,0,0
dmg-blur-center,damage,M,all,front,zxingcpp,0.21,crossed,0.25,crossed,1,0,0
dmg-blur-center,damage,M,all,front,any,0.21,crossed,0.25,crossed,1,0,0
dmg-blur-center,damage,M,all,phone,jsqr,0.21,crossed,0.25,crossed,1,0,0
dmg-blur-center,damage,M,all,phone,zxing,0.21,crossed,0.25,crossed,1,0,0
dmg-blur-center,damage,M,all,phone,zxingcpp,0.12,crossed,0.2,crossed,1,0,0
dmg-blur-center,damage,M,all,phone,any,0.21,crossed,0.25,crossed,1,0,0
dmg-blur-center,damage,Q,all,front,jsqr,0.31,crossed,0.35,crossed,1,0,0
dmg-blur-center,damage,Q,all,front,zxing,0.31,crossed,0.35,crossed,1,0,0
dmg-blur-center,damage,Q,all,front,zxingcpp,0.21,crossed,0.25,crossed,1,0,0
dmg-blur-center,damage,Q,all,front,any,0.31,crossed,0.35,crossed,1,0,0
dmg-blur-center,damage,Q,all,phone,jsqr,0.31,crossed,0.35,crossed,1,0,0
dmg-blur-center,damage,Q,all,phone,zxing,0.31,crossed,0.35,crossed,1,0,0
dmg-blur-center,damage,Q,all,phone,zxingcpp,0.21,crossed,0.25,crossed,1,0,0
dmg-blur-center,damage,Q,all,phone,any,0.31,crossed,0.35,crossed,1,0,0
dmg-blur-center,damage,H,all,front,jsqr,0,start,0.6,crossed,0.5,0,0
dmg-blur-center,damage,H,all,front,zxing,0,start,0.5,crossed,0.5,0,0
dmg-blur-center,damage,H,all,front,zxingcpp,0.51,crossed,0.55,crossed,1,0,0
dmg-blur-center,damage,H,all,front,any,0.52,crossed,0.6,crossed,1,0,0
dmg-blur-center,damage,H,all,phone,jsqr,0.71,crossed,0.75,crossed,1,0,0
dmg-blur-center,damage,H,all,phone,zxing,0.62,crossed,0.7,crossed,1,0,0
dmg-blur-center,damage,H,all,phone,zxingcpp,0.42,crossed,0.5,crossed,1,0,0
dmg-blur-center,damage,H,all,phone,any,0.71,crossed,0.75,crossed,1,0,0
dmg-blur-center,damage,L,url,front,jsqr,0.21,crossed,0.25,crossed,1,0,0
dmg-blur-center,damage,L,url,front,zxing,0.21,crossed,0.25,crossed,1,0,0
dmg-blur-center,damage,L,url,front,zxingcpp,0.11,crossed,0.15,crossed,1,0,0
dmg-blur-center,damage,L,url,front,any,0.21,crossed,0.25,crossed,1,0,0
dmg-blur-center,damage,L,url,phone,jsqr,0.11,crossed,0.15,crossed,1,0,0
dmg-blur-center,damage,L,url,phone,zxing,0.11,crossed,0.15,crossed,1,0,0
dmg-blur-center,damage,L,url,phone,zxingcpp,0.11,crossed,0.15,crossed,1,0,0
dmg-blur-center,damage,L,url,phone,any,0.11,crossed,0.15,crossed,1,0,0
dmg-blur-center,damage,M,url,front,jsqr,0.21,crossed,0.25,crossed,1,0,0
dmg-blur-center,damage,M,url,front,zxing,0.21,crossed,0.25,crossed,1,0,0
dmg-blur-center,damage,M,url,front,zxingcpp,0.21,crossed,0.25,crossed,1,0,0
dmg-blur-center,damage,M,url,front,any,0.21,crossed,0.25,crossed,1,0,0
dmg-blur-center,damage,M,url,phone,jsqr,0.21,crossed,0.25,crossed,1,0,0
dmg-blur-center,damage,M,url,phone,zxing,0.21,crossed,0.25,crossed,1,0,0
dmg-blur-center,damage,M,url,phone,zxingcpp,0.12,crossed,0.2,crossed,1,0,0
dmg-blur-center,damage,M,url,phone,any,0.21,crossed,0.25,crossed,1,0,0
dmg-blur-center,damage,Q,url,front,jsqr,0.31,crossed,0.35,crossed,1,0,0
dmg-blur-center,damage,Q,url,front,zxing,0.31,crossed,0.35,crossed,1,0,0
dmg-blur-center,damage,Q,url,front,zxingcpp,0.21,crossed,0.25,crossed,1,0,0
dmg-blur-center,damage,Q,url,front,any,0.31,crossed,0.35,crossed,1,0,0
dmg-blur-center,damage,Q,url,phone,jsqr,0.31,crossed,0.35,crossed,1,0,0
dmg-blur-center,damage,Q,url,phone,zxing,0.31,crossed,0.35,crossed,1,0,0
dmg-blur-center,damage,Q,url,phone,zxingcpp,0.21,crossed,0.25,crossed,1,0,0
dmg-blur-center,damage,Q,url,phone,any,0.31,crossed,0.35,crossed,1,0,0
dmg-blur-center,damage,H,url,front,jsqr,0,start,0.6,crossed,0.5,0,0
dmg-blur-center,damage,H,url,front,zxing,0,start,0.5,crossed,0.5,0,0
dmg-blur-center,damage,H,url,front,zxingcpp,0.51,crossed,0.55,crossed,1,0,0
dmg-blur-center,damage,H,url,front,any,0.52,crossed,0.6,crossed,1,0,0
dmg-blur-center,damage,H,url,phone,jsqr,0.71,crossed,0.75,crossed,1,0,0
dmg-blur-center,damage,H,url,phone,zxing,0.62,crossed,0.7,crossed,1,0,0
dmg-blur-center,damage,H,url,phone,zxingcpp,0.42,crossed,0.5,crossed,1,0,0
dmg-blur-center,damage,H,url,phone,any,0.71,crossed,0.75,crossed,1,0,0
dmg-blur-finder,damage,L,all,front,jsqr,0.21,crossed,0.25,crossed,1,0,0
dmg-blur-finder,damage,L,all,front,zxing,0.11,crossed,0.15,crossed,1,0,0
dmg-blur-finder,damage,L,all,front,zxingcpp,0.11,crossed,0.15,crossed,1,0,0
dmg-blur-finder,damage,L,all,front,any,0.21,crossed,0.25,crossed,1,0,0
dmg-blur-finder,damage,L,all,phone,jsqr,0.11,crossed,0.15,crossed,1,0,0
dmg-blur-finder,damage,L,all,phone,zxing,0.11,crossed,0.15,crossed,1,0,0
dmg-blur-finder,damage,L,all,phone,zxingcpp,0.11,crossed,0.15,crossed,1,0,0
dmg-blur-finder,damage,L,all,phone,any,0.11,crossed,0.15,crossed,1,0,0
dmg-blur-finder,damage,M,all,front,jsqr,0.11,crossed,0.15,crossed,1,0,0
dmg-blur-finder,damage,M,all,front,zxing,0.11,crossed,0.15,crossed,1,0,0
dmg-blur-finder,damage,M,all,front,zxingcpp,0.11,crossed,0.15,crossed,1,0,0
dmg-blur-finder,damage,M,all,front,any,0.11,crossed,0.15,crossed,1,0,0
dmg-blur-finder,damage,M,all,phone,jsqr,0.02,crossed,0.1,crossed,1,0,0
dmg-blur-finder,damage,M,all,phone,zxing,0.01,crossed,0.05,crossed,1,0,0
dmg-blur-finder,damage,M,all,phone,zxingcpp,0.11,crossed,0.15,crossed,1,0,0
dmg-blur-finder,damage,M,all,phone,any,0.11,crossed,0.15,crossed,1,0,0
dmg-blur-finder,damage,Q,all,front,jsqr,0.11,crossed,0.15,crossed,1,0,0
dmg-blur-finder,damage,Q,all,front,zxing,0.11,crossed,0.15,crossed,1,0,0
dmg-blur-finder,damage,Q,all,front,zxingcpp,0.11,crossed,0.15,crossed,1,0,0
dmg-blur-finder,damage,Q,all,front,any,0.11,crossed,0.15,crossed,1,0,0
dmg-blur-finder,damage,Q,all,phone,jsqr,0.01,crossed,0.05,crossed,1,0,0
dmg-blur-finder,damage,Q,all,phone,zxing,0.01,crossed,0.05,crossed,1,0,0
dmg-blur-finder,damage,Q,all,phone,zxingcpp,0.11,crossed,0.15,crossed,1,0,0
dmg-blur-finder,damage,Q,all,phone,any,0.11,crossed,0.15,crossed,1,0,0
dmg-blur-finder,damage,H,all,front,jsqr,0,start,0,crossed,0.5,0,0
dmg-blur-finder,damage,H,all,front,zxing,0,start,0,crossed,0.5,0,0
dmg-blur-finder,damage,H,all,front,zxingcpp,0.11,crossed,0.15,crossed,1,0,0
dmg-blur-finder,damage,H,all,front,any,0.11,crossed,0.15,crossed,1,0,0
dmg-blur-finder,damage,H,all,phone,jsqr,0.01,crossed,0.05,crossed,1,0,0
dmg-blur-finder,damage,H,all,phone,zxing,0.01,crossed,0.05,crossed,1,0,0
dmg-blur-finder,damage,H,all,phone,zxingcpp,0.11,crossed,0.15,crossed,1,0,0
dmg-blur-finder,damage,H,all,phone,any,0.11,crossed,0.15,crossed,1,0,0
dmg-blur-finder,damage,L,url,front,jsqr,0.21,crossed,0.25,crossed,1,0,0
dmg-blur-finder,damage,L,url,front,zxing,0.11,crossed,0.15,crossed,1,0,0
dmg-blur-finder,damage,L,url,front,zxingcpp,0.11,crossed,0.15,crossed,1,0,0
dmg-blur-finder,damage,L,url,front,any,0.21,crossed,0.25,crossed,1,0,0
dmg-blur-finder,damage,L,url,phone,jsqr,0.11,crossed,0.15,crossed,1,0,0
dmg-blur-finder,damage,L,url,phone,zxing,0.11,crossed,0.15,crossed,1,0,0
dmg-blur-finder,damage,L,url,phone,zxingcpp,0.11,crossed,0.15,crossed,1,0,0
dmg-blur-finder,damage,L,url,phone,any,0.11,crossed,0.15,crossed,1,0,0
dmg-blur-finder,damage,M,url,front,jsqr,0.11,crossed,0.15,crossed,1,0,0
dmg-blur-finder,damage,M,url,front,zxing,0.11,crossed,0.15,crossed,1,0,0
dmg-blur-finder,damage,M,url,front,zxingcpp,0.11,crossed,0.15,crossed,1,0,0
dmg-blur-finder,damage,M,url,front,any,0.11,crossed,0.15,crossed,1,0,0
dmg-blur-finder,damage,M,url,phone,jsqr,0.02,crossed,0.1,crossed,1,0,0
dmg-blur-finder,damage,M,url,phone,zxing,0.01,crossed,0.05,crossed,1,0,0
dmg-blur-finder,damage,M,url,phone,zxingcpp,0.11,crossed,0.15,crossed,1,0,0
dmg-blur-finder,damage,M,url,phone,any,0.11,crossed,0.15,crossed,1,0,0
dmg-blur-finder,damage,Q,url,front,jsqr,0.11,crossed,0.15,crossed,1,0,0
dmg-blur-finder,damage,Q,url,front,zxing,0.11,crossed,0.15,crossed,1,0,0
dmg-blur-finder,damage,Q,url,front,zxingcpp,0.11,crossed,0.15,crossed,1,0,0
dmg-blur-finder,damage,Q,url,front,any,0.11,crossed,0.15,crossed,1,0,0
dmg-blur-finder,damage,Q,url,phone,jsqr,0.01,crossed,0.05,crossed,1,0,0
dmg-blur-finder,damage,Q,url,phone,zxing,0.01,crossed,0.05,crossed,1,0,0
dmg-blur-finder,damage,Q,url,phone,zxingcpp,0.11,crossed,0.15,crossed,1,0,0
dmg-blur-finder,damage,Q,url,phone,any,0.11,crossed,0.15,crossed,1,0,0
dmg-blur-finder,damage,H,url,front,jsqr,0,start,0,crossed,0.5,0,0
dmg-blur-finder,damage,H,url,front,zxing,0,start,0,crossed,0.5,0,0
dmg-blur-finder,damage,H,url,front,zxingcpp,0.11,crossed,0.15,crossed,1,0,0
dmg-blur-finder,damage,H,url,front,any,0.11,crossed,0.15,crossed,1,0,0
dmg-blur-finder,damage,H,url,phone,jsqr,0.01,crossed,0.05,crossed,1,0,0
dmg-blur-finder,damage,H,url,phone,zxing,0.01,crossed,0.05,crossed,1,0,0
dmg-blur-finder,damage,H,url,phone,zxingcpp,0.11,crossed,0.15,crossed,1,0,0
dmg-blur-finder,damage,H,url,phone,any,0.11,crossed,0.15,crossed,1,0,0
dmg-blur-edge,damage,L,all,front,jsqr,0.21,crossed,0.25,crossed,1,0,0
dmg-blur-edge,damage,L,all,front,zxing,0.11,crossed,0.15,crossed,1,0,0
dmg-blur-edge,damage,L,all,front,zxingcpp,0.11,crossed,0.15,crossed,1,0,0
dmg-blur-edge,damage,L,all,front,any,0.21,crossed,0.25,crossed,1,0,0
dmg-blur-edge,damage,L,all,phone,jsqr,0.11,crossed,0.15,crossed,1,0,0
dmg-blur-edge,damage,L,all,phone,zxing,0.01,crossed,0.05,crossed,1,0,0
dmg-blur-edge,damage,L,all,phone,zxingcpp,0.11,crossed,0.15,crossed,1,0,0
dmg-blur-edge,damage,L,all,phone,any,0.11,crossed,0.15,crossed,1,0,0
dmg-blur-edge,damage,M,all,front,jsqr,0.12,crossed,0.2,crossed,1,0,0
dmg-blur-edge,damage,M,all,front,zxing,0.11,crossed,0.15,crossed,1,0,0
dmg-blur-edge,damage,M,all,front,zxingcpp,0.12,crossed,0.2,crossed,1,0,0
dmg-blur-edge,damage,M,all,front,any,0.21,crossed,0.25,crossed,1,0,0
dmg-blur-edge,damage,M,all,phone,jsqr,0.12,crossed,0.2,crossed,1,0,0
dmg-blur-edge,damage,M,all,phone,zxing,0.02,crossed,0.1,crossed,1,0,0
dmg-blur-edge,damage,M,all,phone,zxingcpp,0.11,crossed,0.15,crossed,1,0,0
dmg-blur-edge,damage,M,all,phone,any,0.12,crossed,0.2,crossed,1,0,0
dmg-blur-edge,damage,Q,all,front,jsqr,0.21,crossed,0.25,crossed,1,0,0
dmg-blur-edge,damage,Q,all,front,zxing,0.11,crossed,0.15,crossed,1,0,0
dmg-blur-edge,damage,Q,all,front,zxingcpp,0.12,crossed,0.2,crossed,1,0,0
dmg-blur-edge,damage,Q,all,front,any,0.21,crossed,0.25,crossed,1,0,0
dmg-blur-edge,damage,Q,all,phone,jsqr,0.12,crossed,0.2,crossed,1,0,0
dmg-blur-edge,damage,Q,all,phone,zxing,0.02,crossed,0.1,crossed,1,0,0
dmg-blur-edge,damage,Q,all,phone,zxingcpp,0.11,crossed,0.15,crossed,1,0,0
dmg-blur-edge,damage,Q,all,phone,any,0.12,crossed,0.2,crossed,1,0,0
dmg-blur-edge,damage,H,all,front,jsqr,0,start,0,crossed,0.5,0,0
dmg-blur-edge,damage,H,all,front,zxing,0,start,0,crossed,0.5,0,0
dmg-blur-edge,damage,H,all,front,zxingcpp,0.12,crossed,0.2,crossed,1,0,0
dmg-blur-edge,damage,H,all,front,any,0.12,crossed,0.2,crossed,1,0,0
dmg-blur-edge,damage,H,all,phone,jsqr,0.02,crossed,0.1,crossed,1,0,0
dmg-blur-edge,damage,H,all,phone,zxing,0.01,crossed,0.05,crossed,1,0,0
dmg-blur-edge,damage,H,all,phone,zxingcpp,0.11,crossed,0.15,crossed,1,0,0
dmg-blur-edge,damage,H,all,phone,any,0.11,crossed,0.15,crossed,1,0,0
dmg-blur-edge,damage,L,url,front,jsqr,0.21,crossed,0.25,crossed,1,0,0
dmg-blur-edge,damage,L,url,front,zxing,0.11,crossed,0.15,crossed,1,0,0
dmg-blur-edge,damage,L,url,front,zxingcpp,0.11,crossed,0.15,crossed,1,0,0
dmg-blur-edge,damage,L,url,front,any,0.21,crossed,0.25,crossed,1,0,0
dmg-blur-edge,damage,L,url,phone,jsqr,0.11,crossed,0.15,crossed,1,0,0
dmg-blur-edge,damage,L,url,phone,zxing,0.01,crossed,0.05,crossed,1,0,0
dmg-blur-edge,damage,L,url,phone,zxingcpp,0.11,crossed,0.15,crossed,1,0,0
dmg-blur-edge,damage,L,url,phone,any,0.11,crossed,0.15,crossed,1,0,0
dmg-blur-edge,damage,M,url,front,jsqr,0.12,crossed,0.2,crossed,1,0,0
dmg-blur-edge,damage,M,url,front,zxing,0.11,crossed,0.15,crossed,1,0,0
dmg-blur-edge,damage,M,url,front,zxingcpp,0.12,crossed,0.2,crossed,1,0,0
dmg-blur-edge,damage,M,url,front,any,0.21,crossed,0.25,crossed,1,0,0
dmg-blur-edge,damage,M,url,phone,jsqr,0.12,crossed,0.2,crossed,1,0,0
dmg-blur-edge,damage,M,url,phone,zxing,0.02,crossed,0.1,crossed,1,0,0
dmg-blur-edge,damage,M,url,phone,zxingcpp,0.11,crossed,0.15,crossed,1,0,0
dmg-blur-edge,damage,M,url,phone,any,0.12,crossed,0.2,crossed,1,0,0
dmg-blur-edge,damage,Q,url,front,jsqr,0.21,crossed,0.25,crossed,1,0,0
dmg-blur-edge,damage,Q,url,front,zxing,0.11,crossed,0.15,crossed,1,0,0
dmg-blur-edge,damage,Q,url,front,zxingcpp,0.12,crossed,0.2,crossed,1,0,0
dmg-blur-edge,damage,Q,url,front,any,0.21,crossed,0.25,crossed,1,0,0
dmg-blur-edge,damage,Q,url,phone,jsqr,0.12,crossed,0.2,crossed,1,0,0
dmg-blur-edge,damage,Q,url,phone,zxing,0.02,crossed,0.1,crossed,1,0,0
dmg-blur-edge,damage,Q,url,phone,zxingcpp,0.11,crossed,0.15,crossed,1,0,0
dmg-blur-edge,damage,Q,url,phone,any,0.12,crossed,0.2,crossed,1,0,0
dmg-blur-edge,damage,H,url,front,jsqr,0,start,0,crossed,0.5,0,0
dmg-blur-edge,damage,H,url,front,zxing,0,start,0,crossed,0.5,0,0
dmg-blur-edge,damage,H,url,front,zxingcpp,0.12,crossed,0.2,crossed,1,0,0
dmg-blur-edge,damage,H,url,front,any,0.12,crossed,0.2,crossed,1,0,0
dmg-blur-edge,damage,H,url,phone,jsqr,0.02,crossed,0.1,crossed,1,0,0
dmg-blur-edge,damage,H,url,phone,zxing,0.01,crossed,0.05,crossed,1,0,0
dmg-blur-edge,damage,H,url,phone,zxingcpp,0.11,crossed,0.15,crossed,1,0,0
dmg-blur-edge,damage,H,url,phone,any,0.11,crossed,0.15,crossed,1,0,0
dmg-shrink-all,damage,L,all,front,jsqr,0.91,crossed,0.95,crossed,1,0,0
dmg-shrink-all,damage,L,all,front,zxing,0.92,crossed,,never,1,0.5,0.5
dmg-shrink-all,damage,L,all,front,zxingcpp,,never,,never,1,1,1
dmg-shrink-all,damage,L,all,front,any,,never,,never,1,1,1
dmg-shrink-all,damage,L,all,phone,jsqr,,never,,never,1,1,1
dmg-shrink-all,damage,L,all,phone,zxing,,never,,never,1,1,1
dmg-shrink-all,damage,L,all,phone,zxingcpp,,never,,never,1,1,1
dmg-shrink-all,damage,L,all,phone,any,,never,,never,1,1,1
dmg-shrink-all,damage,M,all,front,jsqr,,never,,never,1,1,1
dmg-shrink-all,damage,M,all,front,zxing,0.82,crossed,0.9,crossed,1,0,0
dmg-shrink-all,damage,M,all,front,zxingcpp,,never,,never,1,1,1
dmg-shrink-all,damage,M,all,front,any,,never,,never,1,1,1
dmg-shrink-all,damage,M,all,phone,jsqr,,never,,never,1,1,1
dmg-shrink-all,damage,M,all,phone,zxing,0.72,crossed,0.8,crossed,1,0.5,0
dmg-shrink-all,damage,M,all,phone,zxingcpp,,never,,never,1,1,1
dmg-shrink-all,damage,M,all,phone,any,,never,,never,1,1,1
dmg-shrink-all,damage,Q,all,front,jsqr,0.92,crossed,,never,1,0.5,0.5
dmg-shrink-all,damage,Q,all,front,zxing,,never,,never,1,1,1
dmg-shrink-all,damage,Q,all,front,zxingcpp,,never,,never,1,1,1
dmg-shrink-all,damage,Q,all,front,any,,never,,never,1,1,1
dmg-shrink-all,damage,Q,all,phone,jsqr,,never,,never,1,1,1
dmg-shrink-all,damage,Q,all,phone,zxing,0.62,crossed,0.7,crossed,1,0,0
dmg-shrink-all,damage,Q,all,phone,zxingcpp,,never,,never,1,1,1
dmg-shrink-all,damage,Q,all,phone,any,,never,,never,1,1,1
dmg-shrink-all,damage,H,all,front,jsqr,0,start,0.8,crossed,0.5,0,0
dmg-shrink-all,damage,H,all,front,zxing,0,start,0.8,crossed,0.5,0,0
dmg-shrink-all,damage,H,all,front,zxingcpp,,never,,never,1,1,1
dmg-shrink-all,damage,H,all,front,any,,never,,never,1,1,1
dmg-shrink-all,damage,H,all,phone,jsqr,,never,,never,1,1,1
dmg-shrink-all,damage,H,all,phone,zxing,,never,,never,1,1,1
dmg-shrink-all,damage,H,all,phone,zxingcpp,,never,,never,1,1,1
dmg-shrink-all,damage,H,all,phone,any,,never,,never,1,1,1
dmg-shrink-all,damage,L,url,front,jsqr,0.91,crossed,0.95,crossed,1,0,0
dmg-shrink-all,damage,L,url,front,zxing,0.92,crossed,,never,1,0.5,0.5
dmg-shrink-all,damage,L,url,front,zxingcpp,,never,,never,1,1,1
dmg-shrink-all,damage,L,url,front,any,,never,,never,1,1,1
dmg-shrink-all,damage,L,url,phone,jsqr,,never,,never,1,1,1
dmg-shrink-all,damage,L,url,phone,zxing,,never,,never,1,1,1
dmg-shrink-all,damage,L,url,phone,zxingcpp,,never,,never,1,1,1
dmg-shrink-all,damage,L,url,phone,any,,never,,never,1,1,1
dmg-shrink-all,damage,M,url,front,jsqr,,never,,never,1,1,1
dmg-shrink-all,damage,M,url,front,zxing,0.82,crossed,0.9,crossed,1,0,0
dmg-shrink-all,damage,M,url,front,zxingcpp,,never,,never,1,1,1
dmg-shrink-all,damage,M,url,front,any,,never,,never,1,1,1
dmg-shrink-all,damage,M,url,phone,jsqr,,never,,never,1,1,1
dmg-shrink-all,damage,M,url,phone,zxing,0.72,crossed,0.8,crossed,1,0.5,0
dmg-shrink-all,damage,M,url,phone,zxingcpp,,never,,never,1,1,1
dmg-shrink-all,damage,M,url,phone,any,,never,,never,1,1,1
dmg-shrink-all,damage,Q,url,front,jsqr,0.92,crossed,,never,1,0.5,0.5
dmg-shrink-all,damage,Q,url,front,zxing,,never,,never,1,1,1
dmg-shrink-all,damage,Q,url,front,zxingcpp,,never,,never,1,1,1
dmg-shrink-all,damage,Q,url,front,any,,never,,never,1,1,1
dmg-shrink-all,damage,Q,url,phone,jsqr,,never,,never,1,1,1
dmg-shrink-all,damage,Q,url,phone,zxing,0.62,crossed,0.7,crossed,1,0,0
dmg-shrink-all,damage,Q,url,phone,zxingcpp,,never,,never,1,1,1
dmg-shrink-all,damage,Q,url,phone,any,,never,,never,1,1,1
dmg-shrink-all,damage,H,url,front,jsqr,0,start,0.8,crossed,0.5,0,0
dmg-shrink-all,damage,H,url,front,zxing,0,start,0.8,crossed,0.5,0,0
dmg-shrink-all,damage,H,url,front,zxingcpp,,never,,never,1,1,1
dmg-shrink-all,damage,H,url,front,any,,never,,never,1,1,1
dmg-shrink-all,damage,H,url,phone,jsqr,,never,,never,1,1,1
dmg-shrink-all,damage,H,url,phone,zxing,,never,,never,1,1,1
dmg-shrink-all,damage,H,url,phone,zxingcpp,,never,,never,1,1,1
dmg-shrink-all,damage,H,url,phone,any,,never,,never,1,1,1
dmg-shrink-corner,damage,L,all,front,jsqr,0.92,crossed,,never,1,0.5,0.5
dmg-shrink-corner,damage,L,all,front,zxing,0.92,crossed,,never,1,0.5,0.5
dmg-shrink-corner,damage,L,all,front,zxingcpp,,never,,never,1,1,1
dmg-shrink-corner,damage,L,all,front,any,,never,,never,1,1,1
dmg-shrink-corner,damage,L,all,phone,jsqr,,never,,never,1,1,1
dmg-shrink-corner,damage,L,all,phone,zxing,,never,,never,1,1,1
dmg-shrink-corner,damage,L,all,phone,zxingcpp,,never,,never,1,1,1
dmg-shrink-corner,damage,L,all,phone,any,,never,,never,1,1,1
dmg-shrink-corner,damage,M,all,front,jsqr,,never,,never,1,1,1
dmg-shrink-corner,damage,M,all,front,zxing,0.82,crossed,0.9,crossed,1,0,0
dmg-shrink-corner,damage,M,all,front,zxingcpp,,never,,never,1,1,1
dmg-shrink-corner,damage,M,all,front,any,,never,,never,1,1,1
dmg-shrink-corner,damage,M,all,phone,jsqr,,never,,never,1,1,1
dmg-shrink-corner,damage,M,all,phone,zxing,0.72,crossed,0.8,crossed,1,0.5,0
dmg-shrink-corner,damage,M,all,phone,zxingcpp,,never,,never,1,1,1
dmg-shrink-corner,damage,M,all,phone,any,,never,,never,1,1,1
dmg-shrink-corner,damage,Q,all,front,jsqr,0.92,crossed,,never,1,0.5,0.5
dmg-shrink-corner,damage,Q,all,front,zxing,,never,,never,1,1,1
dmg-shrink-corner,damage,Q,all,front,zxingcpp,,never,,never,1,1,1
dmg-shrink-corner,damage,Q,all,front,any,,never,,never,1,1,1
dmg-shrink-corner,damage,Q,all,phone,jsqr,,never,,never,1,1,1
dmg-shrink-corner,damage,Q,all,phone,zxing,0.62,crossed,0.7,crossed,1,0,0
dmg-shrink-corner,damage,Q,all,phone,zxingcpp,,never,,never,1,1,1
dmg-shrink-corner,damage,Q,all,phone,any,,never,,never,1,1,1
dmg-shrink-corner,damage,H,all,front,jsqr,0,start,0.7,crossed,0.5,0,0
dmg-shrink-corner,damage,H,all,front,zxing,0,start,0.7,crossed,0.5,0,0
dmg-shrink-corner,damage,H,all,front,zxingcpp,,never,,never,1,1,1
dmg-shrink-corner,damage,H,all,front,any,,never,,never,1,1,1
dmg-shrink-corner,damage,H,all,phone,jsqr,,never,,never,1,1,1
dmg-shrink-corner,damage,H,all,phone,zxing,,never,,never,1,1,1
dmg-shrink-corner,damage,H,all,phone,zxingcpp,,never,,never,1,1,1
dmg-shrink-corner,damage,H,all,phone,any,,never,,never,1,1,1
dmg-shrink-corner,damage,L,url,front,jsqr,0.92,crossed,,never,1,0.5,0.5
dmg-shrink-corner,damage,L,url,front,zxing,0.92,crossed,,never,1,0.5,0.5
dmg-shrink-corner,damage,L,url,front,zxingcpp,,never,,never,1,1,1
dmg-shrink-corner,damage,L,url,front,any,,never,,never,1,1,1
dmg-shrink-corner,damage,L,url,phone,jsqr,,never,,never,1,1,1
dmg-shrink-corner,damage,L,url,phone,zxing,,never,,never,1,1,1
dmg-shrink-corner,damage,L,url,phone,zxingcpp,,never,,never,1,1,1
dmg-shrink-corner,damage,L,url,phone,any,,never,,never,1,1,1
dmg-shrink-corner,damage,M,url,front,jsqr,,never,,never,1,1,1
dmg-shrink-corner,damage,M,url,front,zxing,0.82,crossed,0.9,crossed,1,0,0
dmg-shrink-corner,damage,M,url,front,zxingcpp,,never,,never,1,1,1
dmg-shrink-corner,damage,M,url,front,any,,never,,never,1,1,1
dmg-shrink-corner,damage,M,url,phone,jsqr,,never,,never,1,1,1
dmg-shrink-corner,damage,M,url,phone,zxing,0.72,crossed,0.8,crossed,1,0.5,0
dmg-shrink-corner,damage,M,url,phone,zxingcpp,,never,,never,1,1,1
dmg-shrink-corner,damage,M,url,phone,any,,never,,never,1,1,1
dmg-shrink-corner,damage,Q,url,front,jsqr,0.92,crossed,,never,1,0.5,0.5
dmg-shrink-corner,damage,Q,url,front,zxing,,never,,never,1,1,1
dmg-shrink-corner,damage,Q,url,front,zxingcpp,,never,,never,1,1,1
dmg-shrink-corner,damage,Q,url,front,any,,never,,never,1,1,1
dmg-shrink-corner,damage,Q,url,phone,jsqr,,never,,never,1,1,1
dmg-shrink-corner,damage,Q,url,phone,zxing,0.62,crossed,0.7,crossed,1,0,0
dmg-shrink-corner,damage,Q,url,phone,zxingcpp,,never,,never,1,1,1
dmg-shrink-corner,damage,Q,url,phone,any,,never,,never,1,1,1
dmg-shrink-corner,damage,H,url,front,jsqr,0,start,0.7,crossed,0.5,0,0
dmg-shrink-corner,damage,H,url,front,zxing,0,start,0.7,crossed,0.5,0,0
dmg-shrink-corner,damage,H,url,front,zxingcpp,,never,,never,1,1,1
dmg-shrink-corner,damage,H,url,front,any,,never,,never,1,1,1
dmg-shrink-corner,damage,H,url,phone,jsqr,,never,,never,1,1,1
dmg-shrink-corner,damage,H,url,phone,zxing,,never,,never,1,1,1
dmg-shrink-corner,damage,H,url,phone,zxingcpp,,never,,never,1,1,1
dmg-shrink-corner,damage,H,url,phone,any,,never,,never,1,1,1
dmg-shrink-center,damage,L,all,front,jsqr,,never,,never,1,1,1
dmg-shrink-center,damage,L,all,front,zxing,,never,,never,1,1,1
dmg-shrink-center,damage,L,all,front,zxingcpp,,never,,never,1,1,1
dmg-shrink-center,damage,L,all,front,any,,never,,never,1,1,1
dmg-shrink-center,damage,L,all,phone,jsqr,,never,,never,1,1,1
dmg-shrink-center,damage,L,all,phone,zxing,,never,,never,1,1,1
dmg-shrink-center,damage,L,all,phone,zxingcpp,,never,,never,1,1,1
dmg-shrink-center,damage,L,all,phone,any,,never,,never,1,1,1
dmg-shrink-center,damage,M,all,front,jsqr,,never,,never,1,1,1
dmg-shrink-center,damage,M,all,front,zxing,,never,,never,1,1,1
dmg-shrink-center,damage,M,all,front,zxingcpp,,never,,never,1,1,1
dmg-shrink-center,damage,M,all,front,any,,never,,never,1,1,1
dmg-shrink-center,damage,M,all,phone,jsqr,,never,,never,1,1,1
dmg-shrink-center,damage,M,all,phone,zxing,,never,,never,1,1,1
dmg-shrink-center,damage,M,all,phone,zxingcpp,,never,,never,1,1,1
dmg-shrink-center,damage,M,all,phone,any,,never,,never,1,1,1
dmg-shrink-center,damage,Q,all,front,jsqr,,never,,never,1,1,1
dmg-shrink-center,damage,Q,all,front,zxing,,never,,never,1,1,1
dmg-shrink-center,damage,Q,all,front,zxingcpp,,never,,never,1,1,1
dmg-shrink-center,damage,Q,all,front,any,,never,,never,1,1,1
dmg-shrink-center,damage,Q,all,phone,jsqr,,never,,never,1,1,1
dmg-shrink-center,damage,Q,all,phone,zxing,,never,,never,1,1,1
dmg-shrink-center,damage,Q,all,phone,zxingcpp,,never,,never,1,1,1
dmg-shrink-center,damage,Q,all,phone,any,,never,,never,1,1,1
dmg-shrink-center,damage,H,all,front,jsqr,0,start,,never,0.5,0.5,0.5
dmg-shrink-center,damage,H,all,front,zxing,0,start,,never,0.5,0.5,0.5
dmg-shrink-center,damage,H,all,front,zxingcpp,,never,,never,1,1,1
dmg-shrink-center,damage,H,all,front,any,,never,,never,1,1,1
dmg-shrink-center,damage,H,all,phone,jsqr,,never,,never,1,1,1
dmg-shrink-center,damage,H,all,phone,zxing,,never,,never,1,1,1
dmg-shrink-center,damage,H,all,phone,zxingcpp,,never,,never,1,1,1
dmg-shrink-center,damage,H,all,phone,any,,never,,never,1,1,1
dmg-shrink-center,damage,L,url,front,jsqr,,never,,never,1,1,1
dmg-shrink-center,damage,L,url,front,zxing,,never,,never,1,1,1
dmg-shrink-center,damage,L,url,front,zxingcpp,,never,,never,1,1,1
dmg-shrink-center,damage,L,url,front,any,,never,,never,1,1,1
dmg-shrink-center,damage,L,url,phone,jsqr,,never,,never,1,1,1
dmg-shrink-center,damage,L,url,phone,zxing,,never,,never,1,1,1
dmg-shrink-center,damage,L,url,phone,zxingcpp,,never,,never,1,1,1
dmg-shrink-center,damage,L,url,phone,any,,never,,never,1,1,1
dmg-shrink-center,damage,M,url,front,jsqr,,never,,never,1,1,1
dmg-shrink-center,damage,M,url,front,zxing,,never,,never,1,1,1
dmg-shrink-center,damage,M,url,front,zxingcpp,,never,,never,1,1,1
dmg-shrink-center,damage,M,url,front,any,,never,,never,1,1,1
dmg-shrink-center,damage,M,url,phone,jsqr,,never,,never,1,1,1
dmg-shrink-center,damage,M,url,phone,zxing,,never,,never,1,1,1
dmg-shrink-center,damage,M,url,phone,zxingcpp,,never,,never,1,1,1
dmg-shrink-center,damage,M,url,phone,any,,never,,never,1,1,1
dmg-shrink-center,damage,Q,url,front,jsqr,,never,,never,1,1,1
dmg-shrink-center,damage,Q,url,front,zxing,,never,,never,1,1,1
dmg-shrink-center,damage,Q,url,front,zxingcpp,,never,,never,1,1,1
dmg-shrink-center,damage,Q,url,front,any,,never,,never,1,1,1
dmg-shrink-center,damage,Q,url,phone,jsqr,,never,,never,1,1,1
dmg-shrink-center,damage,Q,url,phone,zxing,,never,,never,1,1,1
dmg-shrink-center,damage,Q,url,phone,zxingcpp,,never,,never,1,1,1
dmg-shrink-center,damage,Q,url,phone,any,,never,,never,1,1,1
dmg-shrink-center,damage,H,url,front,jsqr,0,start,,never,0.5,0.5,0.5
dmg-shrink-center,damage,H,url,front,zxing,0,start,,never,0.5,0.5,0.5
dmg-shrink-center,damage,H,url,front,zxingcpp,,never,,never,1,1,1
dmg-shrink-center,damage,H,url,front,any,,never,,never,1,1,1
dmg-shrink-center,damage,H,url,phone,jsqr,,never,,never,1,1,1
dmg-shrink-center,damage,H,url,phone,zxing,,never,,never,1,1,1
dmg-shrink-center,damage,H,url,phone,zxingcpp,,never,,never,1,1,1
dmg-shrink-center,damage,H,url,phone,any,,never,,never,1,1,1
dmg-shrink-finder,damage,L,all,front,jsqr,,never,,never,1,1,1
dmg-shrink-finder,damage,L,all,front,zxing,,never,,never,1,1,1
dmg-shrink-finder,damage,L,all,front,zxingcpp,,never,,never,1,1,1
dmg-shrink-finder,damage,L,all,front,any,,never,,never,1,1,1
dmg-shrink-finder,damage,L,all,phone,jsqr,,never,,never,1,1,1
dmg-shrink-finder,damage,L,all,phone,zxing,,never,,never,1,1,1
dmg-shrink-finder,damage,L,all,phone,zxingcpp,,never,,never,1,1,1
dmg-shrink-finder,damage,L,all,phone,any,,never,,never,1,1,1
dmg-shrink-finder,damage,M,all,front,jsqr,,never,,never,1,1,1
dmg-shrink-finder,damage,M,all,front,zxing,,never,,never,1,1,1
dmg-shrink-finder,damage,M,all,front,zxingcpp,,never,,never,1,1,1
dmg-shrink-finder,damage,M,all,front,any,,never,,never,1,1,1
dmg-shrink-finder,damage,M,all,phone,jsqr,,never,,never,1,1,1
dmg-shrink-finder,damage,M,all,phone,zxing,0.92,crossed,,never,1,0.5,0.5
dmg-shrink-finder,damage,M,all,phone,zxingcpp,,never,,never,1,1,1
dmg-shrink-finder,damage,M,all,phone,any,,never,,never,1,1,1
dmg-shrink-finder,damage,Q,all,front,jsqr,,never,,never,1,1,1
dmg-shrink-finder,damage,Q,all,front,zxing,0.92,crossed,,never,1,0.5,0.5
dmg-shrink-finder,damage,Q,all,front,zxingcpp,,never,,never,1,1,1
dmg-shrink-finder,damage,Q,all,front,any,,never,,never,1,1,1
dmg-shrink-finder,damage,Q,all,phone,jsqr,,never,,never,1,1,1
dmg-shrink-finder,damage,Q,all,phone,zxing,,never,,never,1,1,1
dmg-shrink-finder,damage,Q,all,phone,zxingcpp,,never,,never,1,1,1
dmg-shrink-finder,damage,Q,all,phone,any,,never,,never,1,1,1
dmg-shrink-finder,damage,H,all,front,jsqr,0,start,0.9,crossed,0.5,0,0
dmg-shrink-finder,damage,H,all,front,zxing,0,start,0.9,crossed,0.5,0,0
dmg-shrink-finder,damage,H,all,front,zxingcpp,,never,,never,1,1,1
dmg-shrink-finder,damage,H,all,front,any,,never,,never,1,1,1
dmg-shrink-finder,damage,H,all,phone,jsqr,,never,,never,1,1,1
dmg-shrink-finder,damage,H,all,phone,zxing,0.92,crossed,,never,1,0.5,0.5
dmg-shrink-finder,damage,H,all,phone,zxingcpp,,never,,never,1,1,1
dmg-shrink-finder,damage,H,all,phone,any,,never,,never,1,1,1
dmg-shrink-finder,damage,L,url,front,jsqr,,never,,never,1,1,1
dmg-shrink-finder,damage,L,url,front,zxing,,never,,never,1,1,1
dmg-shrink-finder,damage,L,url,front,zxingcpp,,never,,never,1,1,1
dmg-shrink-finder,damage,L,url,front,any,,never,,never,1,1,1
dmg-shrink-finder,damage,L,url,phone,jsqr,,never,,never,1,1,1
dmg-shrink-finder,damage,L,url,phone,zxing,,never,,never,1,1,1
dmg-shrink-finder,damage,L,url,phone,zxingcpp,,never,,never,1,1,1
dmg-shrink-finder,damage,L,url,phone,any,,never,,never,1,1,1
dmg-shrink-finder,damage,M,url,front,jsqr,,never,,never,1,1,1
dmg-shrink-finder,damage,M,url,front,zxing,,never,,never,1,1,1
dmg-shrink-finder,damage,M,url,front,zxingcpp,,never,,never,1,1,1
dmg-shrink-finder,damage,M,url,front,any,,never,,never,1,1,1
dmg-shrink-finder,damage,M,url,phone,jsqr,,never,,never,1,1,1
dmg-shrink-finder,damage,M,url,phone,zxing,0.92,crossed,,never,1,0.5,0.5
dmg-shrink-finder,damage,M,url,phone,zxingcpp,,never,,never,1,1,1
dmg-shrink-finder,damage,M,url,phone,any,,never,,never,1,1,1
dmg-shrink-finder,damage,Q,url,front,jsqr,,never,,never,1,1,1
dmg-shrink-finder,damage,Q,url,front,zxing,0.92,crossed,,never,1,0.5,0.5
dmg-shrink-finder,damage,Q,url,front,zxingcpp,,never,,never,1,1,1
dmg-shrink-finder,damage,Q,url,front,any,,never,,never,1,1,1
dmg-shrink-finder,damage,Q,url,phone,jsqr,,never,,never,1,1,1
dmg-shrink-finder,damage,Q,url,phone,zxing,,never,,never,1,1,1
dmg-shrink-finder,damage,Q,url,phone,zxingcpp,,never,,never,1,1,1
dmg-shrink-finder,damage,Q,url,phone,any,,never,,never,1,1,1
dmg-shrink-finder,damage,H,url,front,jsqr,0,start,0.9,crossed,0.5,0,0
dmg-shrink-finder,damage,H,url,front,zxing,0,start,0.9,crossed,0.5,0,0
dmg-shrink-finder,damage,H,url,front,zxingcpp,,never,,never,1,1,1
dmg-shrink-finder,damage,H,url,front,any,,never,,never,1,1,1
dmg-shrink-finder,damage,H,url,phone,jsqr,,never,,never,1,1,1
dmg-shrink-finder,damage,H,url,phone,zxing,0.92,crossed,,never,1,0.5,0.5
dmg-shrink-finder,damage,H,url,phone,zxingcpp,,never,,never,1,1,1
dmg-shrink-finder,damage,H,url,phone,any,,never,,never,1,1,1
dmg-shrink-edge,damage,L,all,front,jsqr,0.81,crossed,0.85,crossed,1,0.5,0
dmg-shrink-edge,damage,L,all,front,zxing,0.91,crossed,0.95,crossed,1,0,0
dmg-shrink-edge,damage,L,all,front,zxingcpp,0.82,crossed,0.9,crossed,1,0,0
dmg-shrink-edge,damage,L,all,front,any,0.92,crossed,,never,1,0.5,0.5
dmg-shrink-edge,damage,L,all,phone,jsqr,,never,,never,1,1,1
dmg-shrink-edge,damage,L,all,phone,zxing,,never,,never,1,1,1
dmg-shrink-edge,damage,L,all,phone,zxingcpp,,never,,never,1,1,1
dmg-shrink-edge,damage,L,all,phone,any,,never,,never,1,1,1
dmg-shrink-edge,damage,M,all,front,jsqr,,never,,never,1,1,1
dmg-shrink-edge,damage,M,all,front,zxing,0.82,crossed,,never,1,0.5,0.5
dmg-shrink-edge,damage,M,all,front,zxingcpp,0.82,crossed,,never,1,1,0.5
dmg-shrink-edge,damage,M,all,front,any,,never,,never,1,1,1
dmg-shrink-edge,damage,M,all,phone,jsqr,,never,,never,1,1,1
dmg-shrink-edge,damage,M,all,phone,zxing,,never,,never,1,1,1
dmg-shrink-edge,damage,M,all,phone,zxingcpp,,never,,never,1,1,1
dmg-shrink-edge,damage,M,all,phone,any,,never,,never,1,1,1
dmg-shrink-edge,damage,Q,all,front,jsqr,,never,,never,1,1,1
dmg-shrink-edge,damage,Q,all,front,zxing,0.82,crossed,,never,1,0.5,0.5
dmg-shrink-edge,damage,Q,all,front,zxingcpp,,never,,never,1,1,1
dmg-shrink-edge,damage,Q,all,front,any,,never,,never,1,1,1
dmg-shrink-edge,damage,Q,all,phone,jsqr,,never,,never,1,1,1
dmg-shrink-edge,damage,Q,all,phone,zxing,,never,,never,1,1,1
dmg-shrink-edge,damage,Q,all,phone,zxingcpp,,never,,never,1,1,1
dmg-shrink-edge,damage,Q,all,phone,any,,never,,never,1,1,1
dmg-shrink-edge,damage,H,all,front,jsqr,0,start,0.9,crossed,0.5,0,0
dmg-shrink-edge,damage,H,all,front,zxing,0,start,0.85,crossed,0.5,0,0
dmg-shrink-edge,damage,H,all,front,zxingcpp,,never,,never,1,1,1
dmg-shrink-edge,damage,H,all,front,any,,never,,never,1,1,1
dmg-shrink-edge,damage,H,all,phone,jsqr,,never,,never,1,1,1
dmg-shrink-edge,damage,H,all,phone,zxing,0.71,crossed,0.75,crossed,1,0,0
dmg-shrink-edge,damage,H,all,phone,zxingcpp,,never,,never,1,1,1
dmg-shrink-edge,damage,H,all,phone,any,,never,,never,1,1,1
dmg-shrink-edge,damage,L,url,front,jsqr,0.81,crossed,0.85,crossed,1,0.5,0
dmg-shrink-edge,damage,L,url,front,zxing,0.91,crossed,0.95,crossed,1,0,0
dmg-shrink-edge,damage,L,url,front,zxingcpp,0.82,crossed,0.9,crossed,1,0,0
dmg-shrink-edge,damage,L,url,front,any,0.92,crossed,,never,1,0.5,0.5
dmg-shrink-edge,damage,L,url,phone,jsqr,,never,,never,1,1,1
dmg-shrink-edge,damage,L,url,phone,zxing,,never,,never,1,1,1
dmg-shrink-edge,damage,L,url,phone,zxingcpp,,never,,never,1,1,1
dmg-shrink-edge,damage,L,url,phone,any,,never,,never,1,1,1
dmg-shrink-edge,damage,M,url,front,jsqr,,never,,never,1,1,1
dmg-shrink-edge,damage,M,url,front,zxing,0.82,crossed,,never,1,0.5,0.5
dmg-shrink-edge,damage,M,url,front,zxingcpp,0.82,crossed,,never,1,1,0.5
dmg-shrink-edge,damage,M,url,front,any,,never,,never,1,1,1
dmg-shrink-edge,damage,M,url,phone,jsqr,,never,,never,1,1,1
dmg-shrink-edge,damage,M,url,phone,zxing,,never,,never,1,1,1
dmg-shrink-edge,damage,M,url,phone,zxingcpp,,never,,never,1,1,1
dmg-shrink-edge,damage,M,url,phone,any,,never,,never,1,1,1
dmg-shrink-edge,damage,Q,url,front,jsqr,,never,,never,1,1,1
dmg-shrink-edge,damage,Q,url,front,zxing,0.82,crossed,,never,1,0.5,0.5
dmg-shrink-edge,damage,Q,url,front,zxingcpp,,never,,never,1,1,1
dmg-shrink-edge,damage,Q,url,front,any,,never,,never,1,1,1
dmg-shrink-edge,damage,Q,url,phone,jsqr,,never,,never,1,1,1
dmg-shrink-edge,damage,Q,url,phone,zxing,,never,,never,1,1,1
dmg-shrink-edge,damage,Q,url,phone,zxingcpp,,never,,never,1,1,1
dmg-shrink-edge,damage,Q,url,phone,any,,never,,never,1,1,1
dmg-shrink-edge,damage,H,url,front,jsqr,0,start,0.9,crossed,0.5,0,0
dmg-shrink-edge,damage,H,url,front,zxing,0,start,0.85,crossed,0.5,0,0
dmg-shrink-edge,damage,H,url,front,zxingcpp,,never,,never,1,1,1
dmg-shrink-edge,damage,H,url,front,any,,never,,never,1,1,1
dmg-shrink-edge,damage,H,url,phone,jsqr,,never,,never,1,1,1
dmg-shrink-edge,damage,H,url,phone,zxing,0.71,crossed,0.75,crossed,1,0,0
dmg-shrink-edge,damage,H,url,phone,zxingcpp,,never,,never,1,1,1
dmg-shrink-edge,damage,H,url,phone,any,,never,,never,1,1,1
dmg-grow-all,damage,L,all,front,jsqr,0.02,crossed,0.1,crossed,1,0,0
dmg-grow-all,damage,L,all,front,zxing,0.11,crossed,0.15,crossed,1,0,0
dmg-grow-all,damage,L,all,front,zxingcpp,0.21,crossed,0.25,crossed,1,0,0
dmg-grow-all,damage,L,all,front,any,0.21,crossed,0.25,crossed,1,0,0
dmg-grow-all,damage,L,all,phone,jsqr,0.11,crossed,0.15,crossed,1,0,0
dmg-grow-all,damage,L,all,phone,zxing,0.01,crossed,0.05,crossed,1,0,0
dmg-grow-all,damage,L,all,phone,zxingcpp,0.11,crossed,0.15,crossed,1,0,0
dmg-grow-all,damage,L,all,phone,any,0.11,crossed,0.15,crossed,1,0,0
dmg-grow-all,damage,M,all,front,jsqr,0.11,crossed,0.15,crossed,1,0,0
dmg-grow-all,damage,M,all,front,zxing,0.11,crossed,0.15,crossed,1,0,0
dmg-grow-all,damage,M,all,front,zxingcpp,0.21,crossed,0.25,crossed,1,0,0
dmg-grow-all,damage,M,all,front,any,0.21,crossed,0.25,crossed,1,0,0
dmg-grow-all,damage,M,all,phone,jsqr,0.02,crossed,0.1,crossed,1,0,0
dmg-grow-all,damage,M,all,phone,zxing,0.01,crossed,0.05,crossed,1,0,0
dmg-grow-all,damage,M,all,phone,zxingcpp,0.11,crossed,0.15,crossed,1,0,0
dmg-grow-all,damage,M,all,phone,any,0.11,crossed,0.15,crossed,1,0,0
dmg-grow-all,damage,Q,all,front,jsqr,0.11,crossed,0.15,crossed,1,0,0
dmg-grow-all,damage,Q,all,front,zxing,0.11,crossed,0.15,crossed,1,0,0
dmg-grow-all,damage,Q,all,front,zxingcpp,0.21,crossed,0.25,crossed,1,0,0
dmg-grow-all,damage,Q,all,front,any,0.21,crossed,0.25,crossed,1,0,0
dmg-grow-all,damage,Q,all,phone,jsqr,0.01,crossed,0.05,crossed,1,0,0
dmg-grow-all,damage,Q,all,phone,zxing,0.01,crossed,0.05,crossed,1,0,0
dmg-grow-all,damage,Q,all,phone,zxingcpp,0.11,crossed,0.15,crossed,1,0,0
dmg-grow-all,damage,Q,all,phone,any,0.11,crossed,0.15,crossed,1,0,0
dmg-grow-all,damage,H,all,front,jsqr,0,start,0,crossed,0.5,0,0
dmg-grow-all,damage,H,all,front,zxing,0,start,0,crossed,0.5,0,0
dmg-grow-all,damage,H,all,front,zxingcpp,0.21,crossed,0.25,crossed,1,0,0
dmg-grow-all,damage,H,all,front,any,0.21,crossed,0.25,crossed,1,0,0
dmg-grow-all,damage,H,all,phone,jsqr,0.01,crossed,0.05,crossed,1,0,0
dmg-grow-all,damage,H,all,phone,zxing,0.01,crossed,0.05,crossed,1,0,0
dmg-grow-all,damage,H,all,phone,zxingcpp,0.11,crossed,0.15,crossed,1,0,0
dmg-grow-all,damage,H,all,phone,any,0.11,crossed,0.15,crossed,1,0,0
dmg-grow-all,damage,L,url,front,jsqr,0.02,crossed,0.1,crossed,1,0,0
dmg-grow-all,damage,L,url,front,zxing,0.11,crossed,0.15,crossed,1,0,0
dmg-grow-all,damage,L,url,front,zxingcpp,0.21,crossed,0.25,crossed,1,0,0
dmg-grow-all,damage,L,url,front,any,0.21,crossed,0.25,crossed,1,0,0
dmg-grow-all,damage,L,url,phone,jsqr,0.11,crossed,0.15,crossed,1,0,0
dmg-grow-all,damage,L,url,phone,zxing,0.01,crossed,0.05,crossed,1,0,0
dmg-grow-all,damage,L,url,phone,zxingcpp,0.11,crossed,0.15,crossed,1,0,0
dmg-grow-all,damage,L,url,phone,any,0.11,crossed,0.15,crossed,1,0,0
dmg-grow-all,damage,M,url,front,jsqr,0.11,crossed,0.15,crossed,1,0,0
dmg-grow-all,damage,M,url,front,zxing,0.11,crossed,0.15,crossed,1,0,0
dmg-grow-all,damage,M,url,front,zxingcpp,0.21,crossed,0.25,crossed,1,0,0
dmg-grow-all,damage,M,url,front,any,0.21,crossed,0.25,crossed,1,0,0
dmg-grow-all,damage,M,url,phone,jsqr,0.02,crossed,0.1,crossed,1,0,0
dmg-grow-all,damage,M,url,phone,zxing,0.01,crossed,0.05,crossed,1,0,0
dmg-grow-all,damage,M,url,phone,zxingcpp,0.11,crossed,0.15,crossed,1,0,0
dmg-grow-all,damage,M,url,phone,any,0.11,crossed,0.15,crossed,1,0,0
dmg-grow-all,damage,Q,url,front,jsqr,0.11,crossed,0.15,crossed,1,0,0
dmg-grow-all,damage,Q,url,front,zxing,0.11,crossed,0.15,crossed,1,0,0
dmg-grow-all,damage,Q,url,front,zxingcpp,0.21,crossed,0.25,crossed,1,0,0
dmg-grow-all,damage,Q,url,front,any,0.21,crossed,0.25,crossed,1,0,0
dmg-grow-all,damage,Q,url,phone,jsqr,0.01,crossed,0.05,crossed,1,0,0
dmg-grow-all,damage,Q,url,phone,zxing,0.01,crossed,0.05,crossed,1,0,0
dmg-grow-all,damage,Q,url,phone,zxingcpp,0.11,crossed,0.15,crossed,1,0,0
dmg-grow-all,damage,Q,url,phone,any,0.11,crossed,0.15,crossed,1,0,0
dmg-grow-all,damage,H,url,front,jsqr,0,start,0,crossed,0.5,0,0
dmg-grow-all,damage,H,url,front,zxing,0,start,0,crossed,0.5,0,0
dmg-grow-all,damage,H,url,front,zxingcpp,0.21,crossed,0.25,crossed,1,0,0
dmg-grow-all,damage,H,url,front,any,0.21,crossed,0.25,crossed,1,0,0
dmg-grow-all,damage,H,url,phone,jsqr,0.01,crossed,0.05,crossed,1,0,0
dmg-grow-all,damage,H,url,phone,zxing,0.01,crossed,0.05,crossed,1,0,0
dmg-grow-all,damage,H,url,phone,zxingcpp,0.11,crossed,0.15,crossed,1,0,0
dmg-grow-all,damage,H,url,phone,any,0.11,crossed,0.15,crossed,1,0,0
dmg-grow-corner,damage,L,all,front,jsqr,0.02,crossed,0.35,crossed,1,0,0
dmg-grow-corner,damage,L,all,front,zxing,0.21,crossed,0.25,crossed,1,0,0
dmg-grow-corner,damage,L,all,front,zxingcpp,0.21,crossed,0.25,crossed,1,0,0
dmg-grow-corner,damage,L,all,front,any,0.31,crossed,0.35,crossed,1,0,0
dmg-grow-corner,damage,L,all,phone,jsqr,0.21,crossed,0.25,crossed,1,0,0
dmg-grow-corner,damage,L,all,phone,zxing,0.21,crossed,0.25,crossed,1,0,0
dmg-grow-corner,damage,L,all,phone,zxingcpp,0.11,crossed,0.15,crossed,1,0,0
dmg-grow-corner,damage,L,all,phone,any,0.21,crossed,0.25,crossed,1,0,0
dmg-grow-corner,damage,M,all,front,jsqr,0.22,crossed,0.3,crossed,1,0,0
dmg-grow-corner,damage,M,all,front,zxing,0.12,crossed,0.2,crossed,1,0,0
dmg-grow-corner,damage,M,all,front,zxingcpp,0.22,crossed,0.3,crossed,1,0,0
dmg-grow-corner,damage,M,all,front,any,0.31,crossed,0.35,crossed,1,0,0
dmg-grow-corner,damage,M,all,phone,jsqr,0.31,crossed,0.35,crossed,1,0,0
dmg-grow-corner,damage,M,all,phone,zxing,0.31,crossed,0.35,crossed,1,0,0
dmg-grow-corner,damage,M,all,phone,zxingcpp,0.21,crossed,0.25,crossed,1,0,0
dmg-grow-corner,damage,M,all,phone,any,0.31,crossed,0.35,crossed,1,0,0
dmg-grow-corner,damage,Q,all,front,jsqr,0.32,crossed,0.4,crossed,1,0,0
dmg-grow-corner,damage,Q,all,front,zxing,0.12,crossed,0.4,crossed,1,0,0
dmg-grow-corner,damage,Q,all,front,zxingcpp,0.41,crossed,0.45,crossed,1,0,0
dmg-grow-corner,damage,Q,all,front,any,0.41,crossed,0.45,crossed,1,0,0
dmg-grow-corner,damage,Q,all,phone,jsqr,0.32,crossed,0.4,crossed,1,0,0
dmg-grow-corner,damage,Q,all,phone,zxing,0.32,crossed,0.4,crossed,1,0,0
dmg-grow-corner,damage,Q,all,phone,zxingcpp,0.32,crossed,0.5,crossed,1,0,0
dmg-grow-corner,damage,Q,all,phone,any,0.32,crossed,0.5,crossed,1,0,0
dmg-grow-corner,damage,H,all,front,jsqr,0,start,0.4,crossed,0.5,0,0
dmg-grow-corner,damage,H,all,front,zxing,0,start,0,crossed,0.5,0,0
dmg-grow-corner,damage,H,all,front,zxingcpp,,never,,never,1,1,1
dmg-grow-corner,damage,H,all,front,any,,never,,never,1,1,1
dmg-grow-corner,damage,H,all,phone,jsqr,0.32,crossed,0.4,crossed,1,0,0
dmg-grow-corner,damage,H,all,phone,zxing,0.31,crossed,0.35,crossed,1,0,0
dmg-grow-corner,damage,H,all,phone,zxingcpp,0.32,crossed,,never,1,0.5,0.5
dmg-grow-corner,damage,H,all,phone,any,0.32,crossed,,never,1,0.5,0.5
dmg-grow-corner,damage,L,url,front,jsqr,0.02,crossed,0.35,crossed,1,0,0
dmg-grow-corner,damage,L,url,front,zxing,0.21,crossed,0.25,crossed,1,0,0
dmg-grow-corner,damage,L,url,front,zxingcpp,0.21,crossed,0.25,crossed,1,0,0
dmg-grow-corner,damage,L,url,front,any,0.31,crossed,0.35,crossed,1,0,0
dmg-grow-corner,damage,L,url,phone,jsqr,0.21,crossed,0.25,crossed,1,0,0
dmg-grow-corner,damage,L,url,phone,zxing,0.21,crossed,0.25,crossed,1,0,0
dmg-grow-corner,damage,L,url,phone,zxingcpp,0.11,crossed,0.15,crossed,1,0,0
dmg-grow-corner,damage,L,url,phone,any,0.21,crossed,0.25,crossed,1,0,0
dmg-grow-corner,damage,M,url,front,jsqr,0.22,crossed,0.3,crossed,1,0,0
dmg-grow-corner,damage,M,url,front,zxing,0.12,crossed,0.2,crossed,1,0,0
dmg-grow-corner,damage,M,url,front,zxingcpp,0.22,crossed,0.3,crossed,1,0,0
dmg-grow-corner,damage,M,url,front,any,0.31,crossed,0.35,crossed,1,0,0
dmg-grow-corner,damage,M,url,phone,jsqr,0.31,crossed,0.35,crossed,1,0,0
dmg-grow-corner,damage,M,url,phone,zxing,0.31,crossed,0.35,crossed,1,0,0
dmg-grow-corner,damage,M,url,phone,zxingcpp,0.21,crossed,0.25,crossed,1,0,0
dmg-grow-corner,damage,M,url,phone,any,0.31,crossed,0.35,crossed,1,0,0
dmg-grow-corner,damage,Q,url,front,jsqr,0.32,crossed,0.4,crossed,1,0,0
dmg-grow-corner,damage,Q,url,front,zxing,0.12,crossed,0.4,crossed,1,0,0
dmg-grow-corner,damage,Q,url,front,zxingcpp,0.41,crossed,0.45,crossed,1,0,0
dmg-grow-corner,damage,Q,url,front,any,0.41,crossed,0.45,crossed,1,0,0
dmg-grow-corner,damage,Q,url,phone,jsqr,0.32,crossed,0.4,crossed,1,0,0
dmg-grow-corner,damage,Q,url,phone,zxing,0.32,crossed,0.4,crossed,1,0,0
dmg-grow-corner,damage,Q,url,phone,zxingcpp,0.32,crossed,0.5,crossed,1,0,0
dmg-grow-corner,damage,Q,url,phone,any,0.32,crossed,0.5,crossed,1,0,0
dmg-grow-corner,damage,H,url,front,jsqr,0,start,0.4,crossed,0.5,0,0
dmg-grow-corner,damage,H,url,front,zxing,0,start,0,crossed,0.5,0,0
dmg-grow-corner,damage,H,url,front,zxingcpp,,never,,never,1,1,1
dmg-grow-corner,damage,H,url,front,any,,never,,never,1,1,1
dmg-grow-corner,damage,H,url,phone,jsqr,0.32,crossed,0.4,crossed,1,0,0
dmg-grow-corner,damage,H,url,phone,zxing,0.31,crossed,0.35,crossed,1,0,0
dmg-grow-corner,damage,H,url,phone,zxingcpp,0.32,crossed,,never,1,0.5,0.5
dmg-grow-corner,damage,H,url,phone,any,0.32,crossed,,never,1,0.5,0.5
dmg-grow-center,damage,L,all,front,jsqr,0.02,crossed,0.25,crossed,1,0,0
dmg-grow-center,damage,L,all,front,zxing,0.21,crossed,0.25,crossed,1,0,0
dmg-grow-center,damage,L,all,front,zxingcpp,0.12,crossed,0.2,crossed,1,0,0
dmg-grow-center,damage,L,all,front,any,0.21,crossed,0.25,crossed,1,0,0
dmg-grow-center,damage,L,all,phone,jsqr,0.21,crossed,0.25,crossed,1,0,0
dmg-grow-center,damage,L,all,phone,zxing,0.21,crossed,0.25,crossed,1,0,0
dmg-grow-center,damage,L,all,phone,zxingcpp,0.11,crossed,0.15,crossed,1,0,0
dmg-grow-center,damage,L,all,phone,any,0.21,crossed,0.25,crossed,1,0,0
dmg-grow-center,damage,M,all,front,jsqr,0.31,crossed,0.35,crossed,1,0,0
dmg-grow-center,damage,M,all,front,zxing,0.31,crossed,0.35,crossed,1,0,0
dmg-grow-center,damage,M,all,front,zxingcpp,0.21,crossed,0.25,crossed,1,0,0
dmg-grow-center,damage,M,all,front,any,0.31,crossed,0.35,crossed,1,0,0
dmg-grow-center,damage,M,all,phone,jsqr,0.22,crossed,0.3,crossed,1,0,0
dmg-grow-center,damage,M,all,phone,zxing,0.31,crossed,0.35,crossed,1,0,0
dmg-grow-center,damage,M,all,phone,zxingcpp,0.21,crossed,0.25,crossed,1,0,0
dmg-grow-center,damage,M,all,phone,any,0.31,crossed,0.35,crossed,1,0,0
dmg-grow-center,damage,Q,all,front,jsqr,0.31,crossed,0.35,crossed,1,0,0
dmg-grow-center,damage,Q,all,front,zxing,0.31,crossed,0.35,crossed,1,0,0
dmg-grow-center,damage,Q,all,front,zxingcpp,0.22,crossed,0.3,crossed,1,0,0
dmg-grow-center,damage,Q,all,front,any,0.31,crossed,0.35,crossed,1,0,0
dmg-grow-center,damage,Q,all,phone,jsqr,0.31,crossed,0.35,crossed,1,0,0
dmg-grow-center,damage,Q,all,phone,zxing,0.31,crossed,0.35,crossed,1,0,0
dmg-grow-center,damage,Q,all,phone,zxingcpp,0.22,crossed,0.3,crossed,1,0,0
dmg-grow-center,damage,Q,all,phone,any,0.31,crossed,0.35,crossed,1,0,0
dmg-grow-center,damage,H,all,front,jsqr,0,start,0.7,crossed,0.5,0,0
dmg-grow-center,damage,H,all,front,zxing,0,start,0.6,crossed,0.5,0,0
dmg-grow-center,damage,H,all,front,zxingcpp,0.61,crossed,0.65,crossed,1,0,0
dmg-grow-center,damage,H,all,front,any,0.62,crossed,0.7,crossed,1,0,0
dmg-grow-center,damage,H,all,phone,jsqr,0.82,crossed,0.9,crossed,1,0,0
dmg-grow-center,damage,H,all,phone,zxing,0.81,crossed,0.85,crossed,1,0,0
dmg-grow-center,damage,H,all,phone,zxingcpp,0.52,crossed,0.6,crossed,1,0,0
dmg-grow-center,damage,H,all,phone,any,0.82,crossed,0.9,crossed,1,0,0
dmg-grow-center,damage,L,url,front,jsqr,0.02,crossed,0.25,crossed,1,0,0
dmg-grow-center,damage,L,url,front,zxing,0.21,crossed,0.25,crossed,1,0,0
dmg-grow-center,damage,L,url,front,zxingcpp,0.12,crossed,0.2,crossed,1,0,0
dmg-grow-center,damage,L,url,front,any,0.21,crossed,0.25,crossed,1,0,0
dmg-grow-center,damage,L,url,phone,jsqr,0.21,crossed,0.25,crossed,1,0,0
dmg-grow-center,damage,L,url,phone,zxing,0.21,crossed,0.25,crossed,1,0,0
dmg-grow-center,damage,L,url,phone,zxingcpp,0.11,crossed,0.15,crossed,1,0,0
dmg-grow-center,damage,L,url,phone,any,0.21,crossed,0.25,crossed,1,0,0
dmg-grow-center,damage,M,url,front,jsqr,0.31,crossed,0.35,crossed,1,0,0
dmg-grow-center,damage,M,url,front,zxing,0.31,crossed,0.35,crossed,1,0,0
dmg-grow-center,damage,M,url,front,zxingcpp,0.21,crossed,0.25,crossed,1,0,0
dmg-grow-center,damage,M,url,front,any,0.31,crossed,0.35,crossed,1,0,0
dmg-grow-center,damage,M,url,phone,jsqr,0.22,crossed,0.3,crossed,1,0,0
dmg-grow-center,damage,M,url,phone,zxing,0.31,crossed,0.35,crossed,1,0,0
dmg-grow-center,damage,M,url,phone,zxingcpp,0.21,crossed,0.25,crossed,1,0,0
dmg-grow-center,damage,M,url,phone,any,0.31,crossed,0.35,crossed,1,0,0
dmg-grow-center,damage,Q,url,front,jsqr,0.31,crossed,0.35,crossed,1,0,0
dmg-grow-center,damage,Q,url,front,zxing,0.31,crossed,0.35,crossed,1,0,0
dmg-grow-center,damage,Q,url,front,zxingcpp,0.22,crossed,0.3,crossed,1,0,0
dmg-grow-center,damage,Q,url,front,any,0.31,crossed,0.35,crossed,1,0,0
dmg-grow-center,damage,Q,url,phone,jsqr,0.31,crossed,0.35,crossed,1,0,0
dmg-grow-center,damage,Q,url,phone,zxing,0.31,crossed,0.35,crossed,1,0,0
dmg-grow-center,damage,Q,url,phone,zxingcpp,0.22,crossed,0.3,crossed,1,0,0
dmg-grow-center,damage,Q,url,phone,any,0.31,crossed,0.35,crossed,1,0,0
dmg-grow-center,damage,H,url,front,jsqr,0,start,0.7,crossed,0.5,0,0
dmg-grow-center,damage,H,url,front,zxing,0,start,0.6,crossed,0.5,0,0
dmg-grow-center,damage,H,url,front,zxingcpp,0.61,crossed,0.65,crossed,1,0,0
dmg-grow-center,damage,H,url,front,any,0.62,crossed,0.7,crossed,1,0,0
dmg-grow-center,damage,H,url,phone,jsqr,0.82,crossed,0.9,crossed,1,0,0
dmg-grow-center,damage,H,url,phone,zxing,0.81,crossed,0.85,crossed,1,0,0
dmg-grow-center,damage,H,url,phone,zxingcpp,0.52,crossed,0.6,crossed,1,0,0
dmg-grow-center,damage,H,url,phone,any,0.82,crossed,0.9,crossed,1,0,0
dmg-grow-finder,damage,L,all,front,jsqr,0.31,crossed,0.35,crossed,1,0,0
dmg-grow-finder,damage,L,all,front,zxing,0.11,crossed,0.15,crossed,1,0,0
dmg-grow-finder,damage,L,all,front,zxingcpp,0.21,crossed,0.25,crossed,1,0,0
dmg-grow-finder,damage,L,all,front,any,0.31,crossed,0.35,crossed,1,0,0
dmg-grow-finder,damage,L,all,phone,jsqr,0.11,crossed,0.15,crossed,1,0,0
dmg-grow-finder,damage,L,all,phone,zxing,0.11,crossed,0.15,crossed,1,0,0
dmg-grow-finder,damage,L,all,phone,zxingcpp,0.11,crossed,0.15,crossed,1,0,0
dmg-grow-finder,damage,L,all,phone,any,0.11,crossed,0.15,crossed,1,0,0
dmg-grow-finder,damage,M,all,front,jsqr,0.12,crossed,0.2,crossed,1,0,0
dmg-grow-finder,damage,M,all,front,zxing,0.11,crossed,0.15,crossed,1,0,0
dmg-grow-finder,damage,M,all,front,zxingcpp,0.21,crossed,0.25,crossed,1,0,0
dmg-grow-finder,damage,M,all,front,any,0.21,crossed,0.25,crossed,1,0,0
dmg-grow-finder,damage,M,all,phone,jsqr,0.11,crossed,0.15,crossed,1,0,0
dmg-grow-finder,damage,M,all,phone,zxing,0.01,crossed,0.05,crossed,1,0,0
dmg-grow-finder,damage,M,all,phone,zxingcpp,0.12,crossed,0.2,crossed,1,0,0
dmg-grow-finder,damage,M,all,phone,any,0.12,crossed,0.2,crossed,1,0,0
dmg-grow-finder,damage,Q,all,front,jsqr,0.12,crossed,0.2,crossed,1,0,0
dmg-grow-finder,damage,Q,all,front,zxing,0.11,crossed,0.15,crossed,1,0,0
dmg-grow-finder,damage,Q,all,front,zxingcpp,0.21,crossed,0.25,crossed,1,0,0
dmg-grow-finder,damage,Q,all,front,any,0.21,crossed,0.25,crossed,1,0,0
dmg-grow-finder,damage,Q,all,phone,jsqr,0.02,crossed,0.1,crossed,1,0,0
dmg-grow-finder,damage,Q,all,phone,zxing,0.01,crossed,0.05,crossed,1,0,0
dmg-grow-finder,damage,Q,all,phone,zxingcpp,0.12,crossed,0.2,crossed,1,0,0
dmg-grow-finder,damage,Q,all,phone,any,0.12,crossed,0.2,crossed,1,0,0
dmg-grow-finder,damage,H,all,front,jsqr,0,start,0,crossed,0.5,0,0
dmg-grow-finder,damage,H,all,front,zxing,0,start,0,crossed,0.5,0,0
dmg-grow-finder,damage,H,all,front,zxingcpp,0.21,crossed,0.25,crossed,1,0,0
dmg-grow-finder,damage,H,all,front,any,0.21,crossed,0.25,crossed,1,0,0
dmg-grow-finder,damage,H,all,phone,jsqr,0.01,crossed,0.05,crossed,1,0,0
dmg-grow-finder,damage,H,all,phone,zxing,0.01,crossed,0.05,crossed,1,0,0
dmg-grow-finder,damage,H,all,phone,zxingcpp,0.12,crossed,0.2,crossed,1,0,0
dmg-grow-finder,damage,H,all,phone,any,0.12,crossed,0.2,crossed,1,0,0
dmg-grow-finder,damage,L,url,front,jsqr,0.31,crossed,0.35,crossed,1,0,0
dmg-grow-finder,damage,L,url,front,zxing,0.11,crossed,0.15,crossed,1,0,0
dmg-grow-finder,damage,L,url,front,zxingcpp,0.21,crossed,0.25,crossed,1,0,0
dmg-grow-finder,damage,L,url,front,any,0.31,crossed,0.35,crossed,1,0,0
dmg-grow-finder,damage,L,url,phone,jsqr,0.11,crossed,0.15,crossed,1,0,0
dmg-grow-finder,damage,L,url,phone,zxing,0.11,crossed,0.15,crossed,1,0,0
dmg-grow-finder,damage,L,url,phone,zxingcpp,0.11,crossed,0.15,crossed,1,0,0
dmg-grow-finder,damage,L,url,phone,any,0.11,crossed,0.15,crossed,1,0,0
dmg-grow-finder,damage,M,url,front,jsqr,0.12,crossed,0.2,crossed,1,0,0
dmg-grow-finder,damage,M,url,front,zxing,0.11,crossed,0.15,crossed,1,0,0
dmg-grow-finder,damage,M,url,front,zxingcpp,0.21,crossed,0.25,crossed,1,0,0
dmg-grow-finder,damage,M,url,front,any,0.21,crossed,0.25,crossed,1,0,0
dmg-grow-finder,damage,M,url,phone,jsqr,0.11,crossed,0.15,crossed,1,0,0
dmg-grow-finder,damage,M,url,phone,zxing,0.01,crossed,0.05,crossed,1,0,0
dmg-grow-finder,damage,M,url,phone,zxingcpp,0.12,crossed,0.2,crossed,1,0,0
dmg-grow-finder,damage,M,url,phone,any,0.12,crossed,0.2,crossed,1,0,0
dmg-grow-finder,damage,Q,url,front,jsqr,0.12,crossed,0.2,crossed,1,0,0
dmg-grow-finder,damage,Q,url,front,zxing,0.11,crossed,0.15,crossed,1,0,0
dmg-grow-finder,damage,Q,url,front,zxingcpp,0.21,crossed,0.25,crossed,1,0,0
dmg-grow-finder,damage,Q,url,front,any,0.21,crossed,0.25,crossed,1,0,0
dmg-grow-finder,damage,Q,url,phone,jsqr,0.02,crossed,0.1,crossed,1,0,0
dmg-grow-finder,damage,Q,url,phone,zxing,0.01,crossed,0.05,crossed,1,0,0
dmg-grow-finder,damage,Q,url,phone,zxingcpp,0.12,crossed,0.2,crossed,1,0,0
dmg-grow-finder,damage,Q,url,phone,any,0.12,crossed,0.2,crossed,1,0,0
dmg-grow-finder,damage,H,url,front,jsqr,0,start,0,crossed,0.5,0,0
dmg-grow-finder,damage,H,url,front,zxing,0,start,0,crossed,0.5,0,0
dmg-grow-finder,damage,H,url,front,zxingcpp,0.21,crossed,0.25,crossed,1,0,0
dmg-grow-finder,damage,H,url,front,any,0.21,crossed,0.25,crossed,1,0,0
dmg-grow-finder,damage,H,url,phone,jsqr,0.01,crossed,0.05,crossed,1,0,0
dmg-grow-finder,damage,H,url,phone,zxing,0.01,crossed,0.05,crossed,1,0,0
dmg-grow-finder,damage,H,url,phone,zxingcpp,0.12,crossed,0.2,crossed,1,0,0
dmg-grow-finder,damage,H,url,phone,any,0.12,crossed,0.2,crossed,1,0,0
dmg-grow-edge,damage,L,all,front,jsqr,0.12,crossed,0.2,crossed,1,0,0
dmg-grow-edge,damage,L,all,front,zxing,0.11,crossed,0.15,crossed,1,0,0
dmg-grow-edge,damage,L,all,front,zxingcpp,0.21,crossed,0.25,crossed,1,0,0
dmg-grow-edge,damage,L,all,front,any,0.21,crossed,0.25,crossed,1,0,0
dmg-grow-edge,damage,L,all,phone,jsqr,0.12,crossed,0.2,crossed,1,0,0
dmg-grow-edge,damage,L,all,phone,zxing,0.01,crossed,0.05,crossed,1,0,0
dmg-grow-edge,damage,L,all,phone,zxingcpp,0.11,crossed,0.15,crossed,1,0,0
dmg-grow-edge,damage,L,all,phone,any,0.12,crossed,0.2,crossed,1,0,0
dmg-grow-edge,damage,M,all,front,jsqr,0.21,crossed,0.25,crossed,1,0,0
dmg-grow-edge,damage,M,all,front,zxing,0.11,crossed,0.15,crossed,1,0,0
dmg-grow-edge,damage,M,all,front,zxingcpp,0.21,crossed,0.25,crossed,1,0,0
dmg-grow-edge,damage,M,all,front,any,0.21,crossed,0.25,crossed,1,0,0
dmg-grow-edge,damage,M,all,phone,jsqr,0.21,crossed,0.25,crossed,1,0,0
dmg-grow-edge,damage,M,all,phone,zxing,0.02,crossed,0.1,crossed,1,0,0
dmg-grow-edge,damage,M,all,phone,zxingcpp,0.12,crossed,0.2,crossed,1,0,0
dmg-grow-edge,damage,M,all,phone,any,0.21,crossed,0.25,crossed,1,0,0
dmg-grow-edge,damage,Q,all,front,jsqr,0.21,crossed,0.25,crossed,1,0,0
dmg-grow-edge,damage,Q,all,front,zxing,0.11,crossed,0.15,crossed,1,0,0
dmg-grow-edge,damage,Q,all,front,zxingcpp,0.21,crossed,0.25,crossed,1,0,0
dmg-grow-edge,damage,Q,all,front,any,0.21,crossed,0.25,crossed,1,0,0
dmg-grow-edge,damage,Q,all,phone,jsqr,0.12,crossed,0.2,crossed,1,0,0
dmg-grow-edge,damage,Q,all,phone,zxing,0.02,crossed,0.1,crossed,1,0,0
dmg-grow-edge,damage,Q,all,phone,zxingcpp,0.11,crossed,0.15,crossed,1,0,0
dmg-grow-edge,damage,Q,all,phone,any,0.12,crossed,0.2,crossed,1,0,0
dmg-grow-edge,damage,H,all,front,jsqr,0,start,0.1,crossed,0.5,0,0
dmg-grow-edge,damage,H,all,front,zxing,0,start,0,crossed,0.5,0,0
dmg-grow-edge,damage,H,all,front,zxingcpp,0.21,crossed,0.25,crossed,1,0,0
dmg-grow-edge,damage,H,all,front,any,0.21,crossed,0.25,crossed,1,0,0
dmg-grow-edge,damage,H,all,phone,jsqr,0.02,crossed,0.2,crossed,1,0,0
dmg-grow-edge,damage,H,all,phone,zxing,0.01,crossed,0.05,crossed,1,0,0
dmg-grow-edge,damage,H,all,phone,zxingcpp,0.11,crossed,0.15,crossed,1,0,0
dmg-grow-edge,damage,H,all,phone,any,0.12,crossed,0.2,crossed,1,0,0
dmg-grow-edge,damage,L,url,front,jsqr,0.12,crossed,0.2,crossed,1,0,0
dmg-grow-edge,damage,L,url,front,zxing,0.11,crossed,0.15,crossed,1,0,0
dmg-grow-edge,damage,L,url,front,zxingcpp,0.21,crossed,0.25,crossed,1,0,0
dmg-grow-edge,damage,L,url,front,any,0.21,crossed,0.25,crossed,1,0,0
dmg-grow-edge,damage,L,url,phone,jsqr,0.12,crossed,0.2,crossed,1,0,0
dmg-grow-edge,damage,L,url,phone,zxing,0.01,crossed,0.05,crossed,1,0,0
dmg-grow-edge,damage,L,url,phone,zxingcpp,0.11,crossed,0.15,crossed,1,0,0
dmg-grow-edge,damage,L,url,phone,any,0.12,crossed,0.2,crossed,1,0,0
dmg-grow-edge,damage,M,url,front,jsqr,0.21,crossed,0.25,crossed,1,0,0
dmg-grow-edge,damage,M,url,front,zxing,0.11,crossed,0.15,crossed,1,0,0
dmg-grow-edge,damage,M,url,front,zxingcpp,0.21,crossed,0.25,crossed,1,0,0
dmg-grow-edge,damage,M,url,front,any,0.21,crossed,0.25,crossed,1,0,0
dmg-grow-edge,damage,M,url,phone,jsqr,0.21,crossed,0.25,crossed,1,0,0
dmg-grow-edge,damage,M,url,phone,zxing,0.02,crossed,0.1,crossed,1,0,0
dmg-grow-edge,damage,M,url,phone,zxingcpp,0.12,crossed,0.2,crossed,1,0,0
dmg-grow-edge,damage,M,url,phone,any,0.21,crossed,0.25,crossed,1,0,0
dmg-grow-edge,damage,Q,url,front,jsqr,0.21,crossed,0.25,crossed,1,0,0
dmg-grow-edge,damage,Q,url,front,zxing,0.11,crossed,0.15,crossed,1,0,0
dmg-grow-edge,damage,Q,url,front,zxingcpp,0.21,crossed,0.25,crossed,1,0,0
dmg-grow-edge,damage,Q,url,front,any,0.21,crossed,0.25,crossed,1,0,0
dmg-grow-edge,damage,Q,url,phone,jsqr,0.12,crossed,0.2,crossed,1,0,0
dmg-grow-edge,damage,Q,url,phone,zxing,0.02,crossed,0.1,crossed,1,0,0
dmg-grow-edge,damage,Q,url,phone,zxingcpp,0.11,crossed,0.15,crossed,1,0,0
dmg-grow-edge,damage,Q,url,phone,any,0.12,crossed,0.2,crossed,1,0,0
dmg-grow-edge,damage,H,url,front,jsqr,0,start,0.1,crossed,0.5,0,0
dmg-grow-edge,damage,H,url,front,zxing,0,start,0,crossed,0.5,0,0
dmg-grow-edge,damage,H,url,front,zxingcpp,0.21,crossed,0.25,crossed,1,0,0
dmg-grow-edge,damage,H,url,front,any,0.21,crossed,0.25,crossed,1,0,0
dmg-grow-edge,damage,H,url,phone,jsqr,0.02,crossed,0.2,crossed,1,0,0
dmg-grow-edge,damage,H,url,phone,zxing,0.01,crossed,0.05,crossed,1,0,0
dmg-grow-edge,damage,H,url,phone,zxingcpp,0.11,crossed,0.15,crossed,1,0,0
dmg-grow-edge,damage,H,url,phone,any,0.12,crossed,0.2,crossed,1,0,0
dmg-jitter-all,damage,L,all,front,jsqr,0.12,crossed,0.3,crossed,1,0,0
dmg-jitter-all,damage,L,all,front,zxing,0.21,crossed,0.25,crossed,1,0,0
dmg-jitter-all,damage,L,all,front,zxingcpp,0.21,crossed,0.25,crossed,1,0,0
dmg-jitter-all,damage,L,all,front,any,0.22,crossed,0.3,crossed,1,0,0
dmg-jitter-all,damage,L,all,phone,jsqr,0.21,crossed,0.25,crossed,1,0,0
dmg-jitter-all,damage,L,all,phone,zxing,0.12,crossed,0.2,crossed,1,0,0
dmg-jitter-all,damage,L,all,phone,zxingcpp,0.21,crossed,0.25,crossed,1,0,0
dmg-jitter-all,damage,L,all,phone,any,0.21,crossed,0.25,crossed,1,0,0
dmg-jitter-all,damage,M,all,front,jsqr,0.22,crossed,0.3,crossed,1,0,0
dmg-jitter-all,damage,M,all,front,zxing,0.21,crossed,0.25,crossed,1,0,0
dmg-jitter-all,damage,M,all,front,zxingcpp,0.22,crossed,0.3,crossed,1,0,0
dmg-jitter-all,damage,M,all,front,any,0.22,crossed,0.3,crossed,1,0,0
dmg-jitter-all,damage,M,all,phone,jsqr,0.22,crossed,0.3,crossed,1,0,0
dmg-jitter-all,damage,M,all,phone,zxing,0.22,crossed,0.3,crossed,1,0,0
dmg-jitter-all,damage,M,all,phone,zxingcpp,0.21,crossed,0.25,crossed,1,0,0
dmg-jitter-all,damage,M,all,phone,any,0.22,crossed,0.3,crossed,1,0,0
dmg-jitter-all,damage,Q,all,front,jsqr,0.12,crossed,0.2,crossed,1,0,0
dmg-jitter-all,damage,Q,all,front,zxing,0.12,crossed,0.2,crossed,1,0,0
dmg-jitter-all,damage,Q,all,front,zxingcpp,0.22,crossed,0.3,crossed,1,0,0
dmg-jitter-all,damage,Q,all,front,any,0.22,crossed,0.3,crossed,1,0,0
dmg-jitter-all,damage,Q,all,phone,jsqr,0.21,crossed,0.25,crossed,1,0,0
dmg-jitter-all,damage,Q,all,phone,zxing,0.21,crossed,0.25,crossed,1,0,0
dmg-jitter-all,damage,Q,all,phone,zxingcpp,0.21,crossed,0.25,crossed,1,0,0
dmg-jitter-all,damage,Q,all,phone,any,0.21,crossed,0.25,crossed,1,0,0
dmg-jitter-all,damage,H,all,front,jsqr,0,start,0.3,crossed,0.5,0,0
dmg-jitter-all,damage,H,all,front,zxing,0,start,0.1,crossed,0.5,0,0
dmg-jitter-all,damage,H,all,front,zxingcpp,0.31,crossed,0.35,crossed,1,0,0
dmg-jitter-all,damage,H,all,front,any,0.31,crossed,0.35,crossed,1,0,0
dmg-jitter-all,damage,H,all,phone,jsqr,0.02,crossed,0.2,crossed,1,0,0
dmg-jitter-all,damage,H,all,phone,zxing,0.01,crossed,0.05,crossed,1,0,0
dmg-jitter-all,damage,H,all,phone,zxingcpp,0.21,crossed,0.25,crossed,1,0,0
dmg-jitter-all,damage,H,all,phone,any,0.21,crossed,0.25,crossed,1,0,0
dmg-jitter-all,damage,L,url,front,jsqr,0.12,crossed,0.3,crossed,1,0,0
dmg-jitter-all,damage,L,url,front,zxing,0.21,crossed,0.25,crossed,1,0,0
dmg-jitter-all,damage,L,url,front,zxingcpp,0.21,crossed,0.25,crossed,1,0,0
dmg-jitter-all,damage,L,url,front,any,0.22,crossed,0.3,crossed,1,0,0
dmg-jitter-all,damage,L,url,phone,jsqr,0.21,crossed,0.25,crossed,1,0,0
dmg-jitter-all,damage,L,url,phone,zxing,0.12,crossed,0.2,crossed,1,0,0
dmg-jitter-all,damage,L,url,phone,zxingcpp,0.21,crossed,0.25,crossed,1,0,0
dmg-jitter-all,damage,L,url,phone,any,0.21,crossed,0.25,crossed,1,0,0
dmg-jitter-all,damage,M,url,front,jsqr,0.22,crossed,0.3,crossed,1,0,0
dmg-jitter-all,damage,M,url,front,zxing,0.21,crossed,0.25,crossed,1,0,0
dmg-jitter-all,damage,M,url,front,zxingcpp,0.22,crossed,0.3,crossed,1,0,0
dmg-jitter-all,damage,M,url,front,any,0.22,crossed,0.3,crossed,1,0,0
dmg-jitter-all,damage,M,url,phone,jsqr,0.22,crossed,0.3,crossed,1,0,0
dmg-jitter-all,damage,M,url,phone,zxing,0.22,crossed,0.3,crossed,1,0,0
dmg-jitter-all,damage,M,url,phone,zxingcpp,0.21,crossed,0.25,crossed,1,0,0
dmg-jitter-all,damage,M,url,phone,any,0.22,crossed,0.3,crossed,1,0,0
dmg-jitter-all,damage,Q,url,front,jsqr,0.12,crossed,0.2,crossed,1,0,0
dmg-jitter-all,damage,Q,url,front,zxing,0.12,crossed,0.2,crossed,1,0,0
dmg-jitter-all,damage,Q,url,front,zxingcpp,0.22,crossed,0.3,crossed,1,0,0
dmg-jitter-all,damage,Q,url,front,any,0.22,crossed,0.3,crossed,1,0,0
dmg-jitter-all,damage,Q,url,phone,jsqr,0.21,crossed,0.25,crossed,1,0,0
dmg-jitter-all,damage,Q,url,phone,zxing,0.21,crossed,0.25,crossed,1,0,0
dmg-jitter-all,damage,Q,url,phone,zxingcpp,0.21,crossed,0.25,crossed,1,0,0
dmg-jitter-all,damage,Q,url,phone,any,0.21,crossed,0.25,crossed,1,0,0
dmg-jitter-all,damage,H,url,front,jsqr,0,start,0.3,crossed,0.5,0,0
dmg-jitter-all,damage,H,url,front,zxing,0,start,0.1,crossed,0.5,0,0
dmg-jitter-all,damage,H,url,front,zxingcpp,0.31,crossed,0.35,crossed,1,0,0
dmg-jitter-all,damage,H,url,front,any,0.31,crossed,0.35,crossed,1,0,0
dmg-jitter-all,damage,H,url,phone,jsqr,0.02,crossed,0.2,crossed,1,0,0
dmg-jitter-all,damage,H,url,phone,zxing,0.01,crossed,0.05,crossed,1,0,0
dmg-jitter-all,damage,H,url,phone,zxingcpp,0.21,crossed,0.25,crossed,1,0,0
dmg-jitter-all,damage,H,url,phone,any,0.21,crossed,0.25,crossed,1,0,0
dmg-jitter-corner,damage,L,all,front,jsqr,0.22,crossed,0.4,crossed,1,0,0
dmg-jitter-corner,damage,L,all,front,zxing,0.31,crossed,0.35,crossed,1,0,0
dmg-jitter-corner,damage,L,all,front,zxingcpp,0.32,crossed,0.4,crossed,1,0,0
dmg-jitter-corner,damage,L,all,front,any,0.32,crossed,0.4,crossed,1,0,0
dmg-jitter-corner,damage,L,all,phone,jsqr,0.31,crossed,0.35,crossed,1,0,0
dmg-jitter-corner,damage,L,all,phone,zxing,0.31,crossed,0.35,crossed,1,0,0
dmg-jitter-corner,damage,L,all,phone,zxingcpp,0.31,crossed,0.35,crossed,1,0,0
dmg-jitter-corner,damage,L,all,phone,any,0.31,crossed,0.35,crossed,1,0,0
dmg-jitter-corner,damage,M,all,front,jsqr,0.32,crossed,0.5,crossed,1,0,0
dmg-jitter-corner,damage,M,all,front,zxing,0.31,crossed,0.35,crossed,1,0,0
dmg-jitter-corner,damage,M,all,front,zxingcpp,0.42,crossed,0.5,crossed,1,0,0
dmg-jitter-corner,damage,M,all,front,any,0.51,crossed,0.55,crossed,1,0,0
dmg-jitter-corner,damage,M,all,phone,jsqr,0.51,crossed,0.55,crossed,1,0,0
dmg-jitter-corner,damage,M,all,phone,zxing,0.42,crossed,0.5,crossed,1,0,0
dmg-jitter-corner,damage,M,all,phone,zxingcpp,0.41,crossed,0.45,crossed,1,0,0
dmg-jitter-corner,damage,M,all,phone,any,0.51,crossed,0.55,crossed,1,0,0
dmg-jitter-corner,damage,Q,all,front,jsqr,0.42,crossed,0.6,crossed,1,0,0
dmg-jitter-corner,damage,Q,all,front,zxing,0.22,crossed,0.3,crossed,1,0,0
dmg-jitter-corner,damage,Q,all,front,zxingcpp,,never,,never,1,1,1
dmg-jitter-corner,damage,Q,all,front,any,,never,,never,1,1,1
dmg-jitter-corner,damage,Q,all,phone,jsqr,0.42,crossed,0.5,crossed,1,0,0
dmg-jitter-corner,damage,Q,all,phone,zxing,0.22,crossed,0.4,crossed,1,0,0
dmg-jitter-corner,damage,Q,all,phone,zxingcpp,0.62,crossed,0.8,crossed,1,0,0
dmg-jitter-corner,damage,Q,all,phone,any,0.62,crossed,0.8,crossed,1,0,0
dmg-jitter-corner,damage,H,all,front,jsqr,0,start,0.6,crossed,0.5,0,0
dmg-jitter-corner,damage,H,all,front,zxing,0,start,0.3,crossed,0.5,0,0
dmg-jitter-corner,damage,H,all,front,zxingcpp,,never,,never,1,1,1
dmg-jitter-corner,damage,H,all,front,any,,never,,never,1,1,1
dmg-jitter-corner,damage,H,all,phone,jsqr,0.91,crossed,0.95,crossed,1,0,0
dmg-jitter-corner,damage,H,all,phone,zxing,0.22,crossed,0.4,crossed,1,0,0
dmg-jitter-corner,damage,H,all,phone,zxingcpp,0.32,crossed,,never,1,0.5,0.5
dmg-jitter-corner,damage,H,all,phone,any,0.92,crossed,,never,1,0.5,0.5
dmg-jitter-corner,damage,L,url,front,jsqr,0.22,crossed,0.4,crossed,1,0,0
dmg-jitter-corner,damage,L,url,front,zxing,0.31,crossed,0.35,crossed,1,0,0
dmg-jitter-corner,damage,L,url,front,zxingcpp,0.32,crossed,0.4,crossed,1,0,0
dmg-jitter-corner,damage,L,url,front,any,0.32,crossed,0.4,crossed,1,0,0
dmg-jitter-corner,damage,L,url,phone,jsqr,0.31,crossed,0.35,crossed,1,0,0
dmg-jitter-corner,damage,L,url,phone,zxing,0.31,crossed,0.35,crossed,1,0,0
dmg-jitter-corner,damage,L,url,phone,zxingcpp,0.31,crossed,0.35,crossed,1,0,0
dmg-jitter-corner,damage,L,url,phone,any,0.31,crossed,0.35,crossed,1,0,0
dmg-jitter-corner,damage,M,url,front,jsqr,0.32,crossed,0.5,crossed,1,0,0
dmg-jitter-corner,damage,M,url,front,zxing,0.31,crossed,0.35,crossed,1,0,0
dmg-jitter-corner,damage,M,url,front,zxingcpp,0.42,crossed,0.5,crossed,1,0,0
dmg-jitter-corner,damage,M,url,front,any,0.51,crossed,0.55,crossed,1,0,0
dmg-jitter-corner,damage,M,url,phone,jsqr,0.51,crossed,0.55,crossed,1,0,0
dmg-jitter-corner,damage,M,url,phone,zxing,0.42,crossed,0.5,crossed,1,0,0
dmg-jitter-corner,damage,M,url,phone,zxingcpp,0.41,crossed,0.45,crossed,1,0,0
dmg-jitter-corner,damage,M,url,phone,any,0.51,crossed,0.55,crossed,1,0,0
dmg-jitter-corner,damage,Q,url,front,jsqr,0.42,crossed,0.6,crossed,1,0,0
dmg-jitter-corner,damage,Q,url,front,zxing,0.22,crossed,0.3,crossed,1,0,0
dmg-jitter-corner,damage,Q,url,front,zxingcpp,,never,,never,1,1,1
dmg-jitter-corner,damage,Q,url,front,any,,never,,never,1,1,1
dmg-jitter-corner,damage,Q,url,phone,jsqr,0.42,crossed,0.5,crossed,1,0,0
dmg-jitter-corner,damage,Q,url,phone,zxing,0.22,crossed,0.4,crossed,1,0,0
dmg-jitter-corner,damage,Q,url,phone,zxingcpp,0.62,crossed,0.8,crossed,1,0,0
dmg-jitter-corner,damage,Q,url,phone,any,0.62,crossed,0.8,crossed,1,0,0
dmg-jitter-corner,damage,H,url,front,jsqr,0,start,0.6,crossed,0.5,0,0
dmg-jitter-corner,damage,H,url,front,zxing,0,start,0.3,crossed,0.5,0,0
dmg-jitter-corner,damage,H,url,front,zxingcpp,,never,,never,1,1,1
dmg-jitter-corner,damage,H,url,front,any,,never,,never,1,1,1
dmg-jitter-corner,damage,H,url,phone,jsqr,0.91,crossed,0.95,crossed,1,0,0
dmg-jitter-corner,damage,H,url,phone,zxing,0.22,crossed,0.4,crossed,1,0,0
dmg-jitter-corner,damage,H,url,phone,zxingcpp,0.32,crossed,,never,1,0.5,0.5
dmg-jitter-corner,damage,H,url,phone,any,0.92,crossed,,never,1,0.5,0.5
dmg-jitter-center,damage,L,all,front,jsqr,0.31,crossed,0.35,crossed,1,0,0
dmg-jitter-center,damage,L,all,front,zxing,0.32,crossed,0.4,crossed,1,0,0
dmg-jitter-center,damage,L,all,front,zxingcpp,0.31,crossed,0.35,crossed,1,0,0
dmg-jitter-center,damage,L,all,front,any,0.32,crossed,0.4,crossed,1,0,0
dmg-jitter-center,damage,L,all,phone,jsqr,0.32,crossed,0.4,crossed,1,0,0
dmg-jitter-center,damage,L,all,phone,zxing,0.41,crossed,0.45,crossed,1,0,0
dmg-jitter-center,damage,L,all,phone,zxingcpp,0.32,crossed,0.4,crossed,1,0,0
dmg-jitter-center,damage,L,all,phone,any,0.41,crossed,0.45,crossed,1,0,0
dmg-jitter-center,damage,M,all,front,jsqr,0.51,crossed,0.55,crossed,1,0,0
dmg-jitter-center,damage,M,all,front,zxing,0.42,crossed,0.5,crossed,1,0,0
dmg-jitter-center,damage,M,all,front,zxingcpp,0.31,crossed,0.35,crossed,1,0,0
dmg-jitter-center,damage,M,all,front,any,0.51,crossed,0.55,crossed,1,0,0
dmg-jitter-center,damage,M,all,phone,jsqr,0.42,crossed,0.5,crossed,1,0,0
dmg-jitter-center,damage,M,all,phone,zxing,0.51,crossed,0.55,crossed,1,0,0
dmg-jitter-center,damage,M,all,phone,zxingcpp,0.41,crossed,0.45,crossed,1,0,0
dmg-jitter-center,damage,M,all,phone,any,0.51,crossed,0.55,crossed,1,0,0
dmg-jitter-center,damage,Q,all,front,jsqr,0.62,crossed,0.7,crossed,1,0,0
dmg-jitter-center,damage,Q,all,front,zxing,0.62,crossed,0.7,crossed,1,0,0
dmg-jitter-center,damage,Q,all,front,zxingcpp,0.51,crossed,0.55,crossed,1,0,0
dmg-jitter-center,damage,Q,all,front,any,0.62,crossed,0.7,crossed,1,0,0
dmg-jitter-center,damage,Q,all,phone,jsqr,0.71,crossed,0.75,crossed,1,0,0
dmg-jitter-center,damage,Q,all,phone,zxing,0.72,crossed,0.8,crossed,1,0,0
dmg-jitter-center,damage,Q,all,phone,zxingcpp,0.52,crossed,0.6,crossed,1,0,0
dmg-jitter-center,damage,Q,all,phone,any,0.72,crossed,0.8,crossed,1,0,0
dmg-jitter-center,damage,H,all,front,jsqr,0,start,,never,0.5,0.5,0.5
dmg-jitter-center,damage,H,all,front,zxing,0,start,,never,0.5,0.5,0.5
dmg-jitter-center,damage,H,all,front,zxingcpp,,never,,never,1,1,1
dmg-jitter-center,damage,H,all,front,any,,never,,never,1,1,1
dmg-jitter-center,damage,H,all,phone,jsqr,,never,,never,1,1,1
dmg-jitter-center,damage,H,all,phone,zxing,,never,,never,1,1,1
dmg-jitter-center,damage,H,all,phone,zxingcpp,,never,,never,1,1,1
dmg-jitter-center,damage,H,all,phone,any,,never,,never,1,1,1
dmg-jitter-center,damage,L,url,front,jsqr,0.31,crossed,0.35,crossed,1,0,0
dmg-jitter-center,damage,L,url,front,zxing,0.32,crossed,0.4,crossed,1,0,0
dmg-jitter-center,damage,L,url,front,zxingcpp,0.31,crossed,0.35,crossed,1,0,0
dmg-jitter-center,damage,L,url,front,any,0.32,crossed,0.4,crossed,1,0,0
dmg-jitter-center,damage,L,url,phone,jsqr,0.32,crossed,0.4,crossed,1,0,0
dmg-jitter-center,damage,L,url,phone,zxing,0.41,crossed,0.45,crossed,1,0,0
dmg-jitter-center,damage,L,url,phone,zxingcpp,0.32,crossed,0.4,crossed,1,0,0
dmg-jitter-center,damage,L,url,phone,any,0.41,crossed,0.45,crossed,1,0,0
dmg-jitter-center,damage,M,url,front,jsqr,0.51,crossed,0.55,crossed,1,0,0
dmg-jitter-center,damage,M,url,front,zxing,0.42,crossed,0.5,crossed,1,0,0
dmg-jitter-center,damage,M,url,front,zxingcpp,0.31,crossed,0.35,crossed,1,0,0
dmg-jitter-center,damage,M,url,front,any,0.51,crossed,0.55,crossed,1,0,0
dmg-jitter-center,damage,M,url,phone,jsqr,0.42,crossed,0.5,crossed,1,0,0
dmg-jitter-center,damage,M,url,phone,zxing,0.51,crossed,0.55,crossed,1,0,0
dmg-jitter-center,damage,M,url,phone,zxingcpp,0.41,crossed,0.45,crossed,1,0,0
dmg-jitter-center,damage,M,url,phone,any,0.51,crossed,0.55,crossed,1,0,0
dmg-jitter-center,damage,Q,url,front,jsqr,0.62,crossed,0.7,crossed,1,0,0
dmg-jitter-center,damage,Q,url,front,zxing,0.62,crossed,0.7,crossed,1,0,0
dmg-jitter-center,damage,Q,url,front,zxingcpp,0.51,crossed,0.55,crossed,1,0,0
dmg-jitter-center,damage,Q,url,front,any,0.62,crossed,0.7,crossed,1,0,0
dmg-jitter-center,damage,Q,url,phone,jsqr,0.71,crossed,0.75,crossed,1,0,0
dmg-jitter-center,damage,Q,url,phone,zxing,0.72,crossed,0.8,crossed,1,0,0
dmg-jitter-center,damage,Q,url,phone,zxingcpp,0.52,crossed,0.6,crossed,1,0,0
dmg-jitter-center,damage,Q,url,phone,any,0.72,crossed,0.8,crossed,1,0,0
dmg-jitter-center,damage,H,url,front,jsqr,0,start,,never,0.5,0.5,0.5
dmg-jitter-center,damage,H,url,front,zxing,0,start,,never,0.5,0.5,0.5
dmg-jitter-center,damage,H,url,front,zxingcpp,,never,,never,1,1,1
dmg-jitter-center,damage,H,url,front,any,,never,,never,1,1,1
dmg-jitter-center,damage,H,url,phone,jsqr,,never,,never,1,1,1
dmg-jitter-center,damage,H,url,phone,zxing,,never,,never,1,1,1
dmg-jitter-center,damage,H,url,phone,zxingcpp,,never,,never,1,1,1
dmg-jitter-center,damage,H,url,phone,any,,never,,never,1,1,1
dmg-jitter-finder,damage,L,all,front,jsqr,0.41,crossed,0.45,crossed,1,0,0
dmg-jitter-finder,damage,L,all,front,zxing,0.22,crossed,0.4,crossed,1,0,0
dmg-jitter-finder,damage,L,all,front,zxingcpp,0.31,crossed,0.35,crossed,1,0,0
dmg-jitter-finder,damage,L,all,front,any,0.41,crossed,0.45,crossed,1,0,0
dmg-jitter-finder,damage,L,all,phone,jsqr,0.31,crossed,0.35,crossed,1,0,0
dmg-jitter-finder,damage,L,all,phone,zxing,0.21,crossed,0.25,crossed,1,0,0
dmg-jitter-finder,damage,L,all,phone,zxingcpp,0.31,crossed,0.35,crossed,1,0,0
dmg-jitter-finder,damage,L,all,phone,any,0.31,crossed,0.35,crossed,1,0,0
dmg-jitter-finder,damage,M,all,front,jsqr,0.22,crossed,0.5,crossed,1,0,0
dmg-jitter-finder,damage,M,all,front,zxing,0.22,crossed,0.3,crossed,1,0,0
dmg-jitter-finder,damage,M,all,front,zxingcpp,0.32,crossed,0.4,crossed,1,0,0
dmg-jitter-finder,damage,M,all,front,any,0.42,crossed,0.5,crossed,1,0,0
dmg-jitter-finder,damage,M,all,phone,jsqr,0.21,crossed,0.25,crossed,1,0,0
dmg-jitter-finder,damage,M,all,phone,zxing,0.21,crossed,0.25,crossed,1,0,0
dmg-jitter-finder,damage,M,all,phone,zxingcpp,0.31,crossed,0.35,crossed,1,0,0
dmg-jitter-finder,damage,M,all,phone,any,0.31,crossed,0.35,crossed,1,0,0
dmg-jitter-finder,damage,Q,all,front,jsqr,0.51,crossed,0.55,crossed,1,0,0
dmg-jitter-finder,damage,Q,all,front,zxing,0.22,crossed,0.3,crossed,1,0,0
dmg-jitter-finder,damage,Q,all,front,zxingcpp,0.32,crossed,0.4,crossed,1,0,0
dmg-jitter-finder,damage,Q,all,front,any,0.51,crossed,0.55,crossed,1,0,0
dmg-jitter-finder,damage,Q,all,phone,jsqr,0.31,crossed,0.35,crossed,1,0,0
dmg-jitter-finder,damage,Q,all,phone,zxing,0.22,crossed,0.3,crossed,1,0,0
dmg-jitter-finder,damage,Q,all,phone,zxingcpp,0.31,crossed,0.35,crossed,1,0,0
dmg-jitter-finder,damage,Q,all,phone,any,0.31,crossed,0.35,crossed,1,0,0
dmg-jitter-finder,damage,H,all,front,jsqr,0,start,0.35,crossed,0.5,0,0
dmg-jitter-finder,damage,H,all,front,zxing,0,start,0.25,crossed,0.5,0,0
dmg-jitter-finder,damage,H,all,front,zxingcpp,0.32,crossed,0.4,crossed,1,0,0
dmg-jitter-finder,damage,H,all,front,any,0.32,crossed,0.5,crossed,1,0,0
dmg-jitter-finder,damage,H,all,phone,jsqr,0.21,crossed,0.25,crossed,1,0,0
dmg-jitter-finder,damage,H,all,phone,zxing,0.12,crossed,0.2,crossed,1,0,0
dmg-jitter-finder,damage,H,all,phone,zxingcpp,0.22,crossed,0.3,crossed,1,0,0
dmg-jitter-finder,damage,H,all,phone,any,0.22,crossed,0.3,crossed,1,0,0
dmg-jitter-finder,damage,L,url,front,jsqr,0.41,crossed,0.45,crossed,1,0,0
dmg-jitter-finder,damage,L,url,front,zxing,0.22,crossed,0.4,crossed,1,0,0
dmg-jitter-finder,damage,L,url,front,zxingcpp,0.31,crossed,0.35,crossed,1,0,0
dmg-jitter-finder,damage,L,url,front,any,0.41,crossed,0.45,crossed,1,0,0
dmg-jitter-finder,damage,L,url,phone,jsqr,0.31,crossed,0.35,crossed,1,0,0
dmg-jitter-finder,damage,L,url,phone,zxing,0.21,crossed,0.25,crossed,1,0,0
dmg-jitter-finder,damage,L,url,phone,zxingcpp,0.31,crossed,0.35,crossed,1,0,0
dmg-jitter-finder,damage,L,url,phone,any,0.31,crossed,0.35,crossed,1,0,0
dmg-jitter-finder,damage,M,url,front,jsqr,0.22,crossed,0.5,crossed,1,0,0
dmg-jitter-finder,damage,M,url,front,zxing,0.22,crossed,0.3,crossed,1,0,0
dmg-jitter-finder,damage,M,url,front,zxingcpp,0.32,crossed,0.4,crossed,1,0,0
dmg-jitter-finder,damage,M,url,front,any,0.42,crossed,0.5,crossed,1,0,0
dmg-jitter-finder,damage,M,url,phone,jsqr,0.21,crossed,0.25,crossed,1,0,0
dmg-jitter-finder,damage,M,url,phone,zxing,0.21,crossed,0.25,crossed,1,0,0
dmg-jitter-finder,damage,M,url,phone,zxingcpp,0.31,crossed,0.35,crossed,1,0,0
dmg-jitter-finder,damage,M,url,phone,any,0.31,crossed,0.35,crossed,1,0,0
dmg-jitter-finder,damage,Q,url,front,jsqr,0.51,crossed,0.55,crossed,1,0,0
dmg-jitter-finder,damage,Q,url,front,zxing,0.22,crossed,0.3,crossed,1,0,0
dmg-jitter-finder,damage,Q,url,front,zxingcpp,0.32,crossed,0.4,crossed,1,0,0
dmg-jitter-finder,damage,Q,url,front,any,0.51,crossed,0.55,crossed,1,0,0
dmg-jitter-finder,damage,Q,url,phone,jsqr,0.31,crossed,0.35,crossed,1,0,0
dmg-jitter-finder,damage,Q,url,phone,zxing,0.22,crossed,0.3,crossed,1,0,0
dmg-jitter-finder,damage,Q,url,phone,zxingcpp,0.31,crossed,0.35,crossed,1,0,0
dmg-jitter-finder,damage,Q,url,phone,any,0.31,crossed,0.35,crossed,1,0,0
dmg-jitter-finder,damage,H,url,front,jsqr,0,start,0.35,crossed,0.5,0,0
dmg-jitter-finder,damage,H,url,front,zxing,0,start,0.25,crossed,0.5,0,0
dmg-jitter-finder,damage,H,url,front,zxingcpp,0.32,crossed,0.4,crossed,1,0,0
dmg-jitter-finder,damage,H,url,front,any,0.32,crossed,0.5,crossed,1,0,0
dmg-jitter-finder,damage,H,url,phone,jsqr,0.21,crossed,0.25,crossed,1,0,0
dmg-jitter-finder,damage,H,url,phone,zxing,0.12,crossed,0.2,crossed,1,0,0
dmg-jitter-finder,damage,H,url,phone,zxingcpp,0.22,crossed,0.3,crossed,1,0,0
dmg-jitter-finder,damage,H,url,phone,any,0.22,crossed,0.3,crossed,1,0,0
dmg-jitter-edge,damage,L,all,front,jsqr,0.32,crossed,0.5,crossed,1,0,0
dmg-jitter-edge,damage,L,all,front,zxing,0.22,crossed,0.5,crossed,1,0,0
dmg-jitter-edge,damage,L,all,front,zxingcpp,0.22,crossed,0.3,crossed,1,0,0
dmg-jitter-edge,damage,L,all,front,any,0.32,crossed,0.5,crossed,1,0,0
dmg-jitter-edge,damage,L,all,phone,jsqr,0.41,crossed,0.45,crossed,1,0,0
dmg-jitter-edge,damage,L,all,phone,zxing,0.22,crossed,0.3,crossed,1,0,0
dmg-jitter-edge,damage,L,all,phone,zxingcpp,0.21,crossed,0.25,crossed,1,0,0
dmg-jitter-edge,damage,L,all,phone,any,0.41,crossed,0.45,crossed,1,0,0
dmg-jitter-edge,damage,M,all,front,jsqr,0.41,crossed,0.45,crossed,1,0,0
dmg-jitter-edge,damage,M,all,front,zxing,0.21,crossed,0.25,crossed,1,0,0
dmg-jitter-edge,damage,M,all,front,zxingcpp,0.31,crossed,0.35,crossed,1,0,0
dmg-jitter-edge,damage,M,all,front,any,0.41,crossed,0.45,crossed,1,0,0
dmg-jitter-edge,damage,M,all,phone,jsqr,0.42,crossed,0.5,crossed,1,0,0
dmg-jitter-edge,damage,M,all,phone,zxing,0.22,crossed,0.3,crossed,1,0,0
dmg-jitter-edge,damage,M,all,phone,zxingcpp,0.31,crossed,0.35,crossed,1,0,0
dmg-jitter-edge,damage,M,all,phone,any,0.42,crossed,0.5,crossed,1,0,0
dmg-jitter-edge,damage,Q,all,front,jsqr,0.22,crossed,0.5,crossed,1,0,0
dmg-jitter-edge,damage,Q,all,front,zxing,0.12,crossed,0.2,crossed,1,0,0
dmg-jitter-edge,damage,Q,all,front,zxingcpp,0.31,crossed,0.35,crossed,1,0,0
dmg-jitter-edge,damage,Q,all,front,any,0.42,crossed,0.5,crossed,1,0,0
dmg-jitter-edge,damage,Q,all,phone,jsqr,0.32,crossed,0.4,crossed,1,0,0
dmg-jitter-edge,damage,Q,all,phone,zxing,0.12,crossed,0.3,crossed,1,0,0
dmg-jitter-edge,damage,Q,all,phone,zxingcpp,0.22,crossed,0.3,crossed,1,0,0
dmg-jitter-edge,damage,Q,all,phone,any,0.32,crossed,0.4,crossed,1,0,0
dmg-jitter-edge,damage,H,all,front,jsqr,0,start,0.2,crossed,0.5,0,0
dmg-jitter-edge,damage,H,all,front,zxing,0,start,0.1,crossed,0.5,0,0
dmg-jitter-edge,damage,H,all,front,zxingcpp,0.32,crossed,0.4,crossed,1,0,0
dmg-jitter-edge,damage,H,all,front,any,0.32,crossed,0.4,crossed,1,0,0
dmg-jitter-edge,damage,H,all,phone,jsqr,0.31,crossed,0.35,crossed,1,0,0
dmg-jitter-edge,damage,H,all,phone,zxing,0.02,crossed,0.1,crossed,1,0,0
dmg-jitter-edge,damage,H,all,phone,zxingcpp,0.21,crossed,0.25,crossed,1,0,0
dmg-jitter-edge,damage,H,all,phone,any,0.31,crossed,0.35,crossed,1,0,0
dmg-jitter-edge,damage,L,url,front,jsqr,0.32,crossed,0.5,crossed,1,0,0
dmg-jitter-edge,damage,L,url,front,zxing,0.22,crossed,0.5,crossed,1,0,0
dmg-jitter-edge,damage,L,url,front,zxingcpp,0.22,crossed,0.3,crossed,1,0,0
dmg-jitter-edge,damage,L,url,front,any,0.32,crossed,0.5,crossed,1,0,0
dmg-jitter-edge,damage,L,url,phone,jsqr,0.41,crossed,0.45,crossed,1,0,0
dmg-jitter-edge,damage,L,url,phone,zxing,0.22,crossed,0.3,crossed,1,0,0
dmg-jitter-edge,damage,L,url,phone,zxingcpp,0.21,crossed,0.25,crossed,1,0,0
dmg-jitter-edge,damage,L,url,phone,any,0.41,crossed,0.45,crossed,1,0,0
dmg-jitter-edge,damage,M,url,front,jsqr,0.41,crossed,0.45,crossed,1,0,0
dmg-jitter-edge,damage,M,url,front,zxing,0.21,crossed,0.25,crossed,1,0,0
dmg-jitter-edge,damage,M,url,front,zxingcpp,0.31,crossed,0.35,crossed,1,0,0
dmg-jitter-edge,damage,M,url,front,any,0.41,crossed,0.45,crossed,1,0,0
dmg-jitter-edge,damage,M,url,phone,jsqr,0.42,crossed,0.5,crossed,1,0,0
dmg-jitter-edge,damage,M,url,phone,zxing,0.22,crossed,0.3,crossed,1,0,0
dmg-jitter-edge,damage,M,url,phone,zxingcpp,0.31,crossed,0.35,crossed,1,0,0
dmg-jitter-edge,damage,M,url,phone,any,0.42,crossed,0.5,crossed,1,0,0
dmg-jitter-edge,damage,Q,url,front,jsqr,0.22,crossed,0.5,crossed,1,0,0
dmg-jitter-edge,damage,Q,url,front,zxing,0.12,crossed,0.2,crossed,1,0,0
dmg-jitter-edge,damage,Q,url,front,zxingcpp,0.31,crossed,0.35,crossed,1,0,0
dmg-jitter-edge,damage,Q,url,front,any,0.42,crossed,0.5,crossed,1,0,0
dmg-jitter-edge,damage,Q,url,phone,jsqr,0.32,crossed,0.4,crossed,1,0,0
dmg-jitter-edge,damage,Q,url,phone,zxing,0.12,crossed,0.3,crossed,1,0,0
dmg-jitter-edge,damage,Q,url,phone,zxingcpp,0.22,crossed,0.3,crossed,1,0,0
dmg-jitter-edge,damage,Q,url,phone,any,0.32,crossed,0.4,crossed,1,0,0
dmg-jitter-edge,damage,H,url,front,jsqr,0,start,0.2,crossed,0.5,0,0
dmg-jitter-edge,damage,H,url,front,zxing,0,start,0.1,crossed,0.5,0,0
dmg-jitter-edge,damage,H,url,front,zxingcpp,0.32,crossed,0.4,crossed,1,0,0
dmg-jitter-edge,damage,H,url,front,any,0.32,crossed,0.4,crossed,1,0,0
dmg-jitter-edge,damage,H,url,phone,jsqr,0.31,crossed,0.35,crossed,1,0,0
dmg-jitter-edge,damage,H,url,phone,zxing,0.02,crossed,0.1,crossed,1,0,0
dmg-jitter-edge,damage,H,url,phone,zxingcpp,0.21,crossed,0.25,crossed,1,0,0
dmg-jitter-edge,damage,H,url,phone,any,0.31,crossed,0.35,crossed,1,0,0
dmg-fade-all,damage,L,all,front,jsqr,0.81,crossed,0.85,crossed,1,0,0
dmg-fade-all,damage,L,all,front,zxing,0.81,crossed,0.85,crossed,1,0,0
dmg-fade-all,damage,L,all,front,zxingcpp,0.91,crossed,0.95,crossed,1,0,0
dmg-fade-all,damage,L,all,front,any,0.91,crossed,0.95,crossed,1,0,0
dmg-fade-all,damage,L,all,phone,jsqr,0.82,crossed,0.9,crossed,1,0,0
dmg-fade-all,damage,L,all,phone,zxing,0.71,crossed,0.75,crossed,1,0,0
dmg-fade-all,damage,L,all,phone,zxingcpp,0.91,crossed,0.95,crossed,1,0,0
dmg-fade-all,damage,L,all,phone,any,0.91,crossed,0.95,crossed,1,0,0
dmg-fade-all,damage,M,all,front,jsqr,0.81,crossed,0.85,crossed,1,0,0
dmg-fade-all,damage,M,all,front,zxing,0.81,crossed,0.85,crossed,1,0,0
dmg-fade-all,damage,M,all,front,zxingcpp,0.91,crossed,0.95,crossed,1,0,0
dmg-fade-all,damage,M,all,front,any,0.91,crossed,0.95,crossed,1,0,0
dmg-fade-all,damage,M,all,phone,jsqr,0.82,crossed,0.9,crossed,1,0,0
dmg-fade-all,damage,M,all,phone,zxing,0.52,crossed,0.6,crossed,1,0,0
dmg-fade-all,damage,M,all,phone,zxingcpp,0.91,crossed,0.95,crossed,1,0,0
dmg-fade-all,damage,M,all,phone,any,0.91,crossed,0.95,crossed,1,0,0
dmg-fade-all,damage,Q,all,front,jsqr,0.91,crossed,0.95,crossed,1,0,0
dmg-fade-all,damage,Q,all,front,zxing,0.81,crossed,0.85,crossed,1,0,0
dmg-fade-all,damage,Q,all,front,zxingcpp,0.91,crossed,0.95,crossed,1,0,0
dmg-fade-all,damage,Q,all,front,any,0.91,crossed,0.95,crossed,1,0,0
dmg-fade-all,damage,Q,all,phone,jsqr,0.82,crossed,0.9,crossed,1,0,0
dmg-fade-all,damage,Q,all,phone,zxing,0.52,crossed,0.6,crossed,1,0,0
dmg-fade-all,damage,Q,all,phone,zxingcpp,0.91,crossed,0.95,crossed,1,0,0
dmg-fade-all,damage,Q,all,phone,any,0.91,crossed,0.95,crossed,1,0,0
dmg-fade-all,damage,H,all,front,jsqr,0,start,0.95,crossed,0.5,0,0
dmg-fade-all,damage,H,all,front,zxing,0,start,0.75,crossed,0.5,0,0
dmg-fade-all,damage,H,all,front,zxingcpp,0.91,crossed,0.95,crossed,1,0,0
dmg-fade-all,damage,H,all,front,any,0.91,crossed,0.95,crossed,1,0,0
dmg-fade-all,damage,H,all,phone,jsqr,0.91,crossed,0.95,crossed,1,0,0
dmg-fade-all,damage,H,all,phone,zxing,0.72,crossed,0.8,crossed,1,0,0
dmg-fade-all,damage,H,all,phone,zxingcpp,0.91,crossed,0.95,crossed,1,0,0
dmg-fade-all,damage,H,all,phone,any,0.91,crossed,0.95,crossed,1,0,0
dmg-fade-all,damage,L,url,front,jsqr,0.81,crossed,0.85,crossed,1,0,0
dmg-fade-all,damage,L,url,front,zxing,0.81,crossed,0.85,crossed,1,0,0
dmg-fade-all,damage,L,url,front,zxingcpp,0.91,crossed,0.95,crossed,1,0,0
dmg-fade-all,damage,L,url,front,any,0.91,crossed,0.95,crossed,1,0,0
dmg-fade-all,damage,L,url,phone,jsqr,0.82,crossed,0.9,crossed,1,0,0
dmg-fade-all,damage,L,url,phone,zxing,0.71,crossed,0.75,crossed,1,0,0
dmg-fade-all,damage,L,url,phone,zxingcpp,0.91,crossed,0.95,crossed,1,0,0
dmg-fade-all,damage,L,url,phone,any,0.91,crossed,0.95,crossed,1,0,0
dmg-fade-all,damage,M,url,front,jsqr,0.81,crossed,0.85,crossed,1,0,0
dmg-fade-all,damage,M,url,front,zxing,0.81,crossed,0.85,crossed,1,0,0
dmg-fade-all,damage,M,url,front,zxingcpp,0.91,crossed,0.95,crossed,1,0,0
dmg-fade-all,damage,M,url,front,any,0.91,crossed,0.95,crossed,1,0,0
dmg-fade-all,damage,M,url,phone,jsqr,0.82,crossed,0.9,crossed,1,0,0
dmg-fade-all,damage,M,url,phone,zxing,0.52,crossed,0.6,crossed,1,0,0
dmg-fade-all,damage,M,url,phone,zxingcpp,0.91,crossed,0.95,crossed,1,0,0
dmg-fade-all,damage,M,url,phone,any,0.91,crossed,0.95,crossed,1,0,0
dmg-fade-all,damage,Q,url,front,jsqr,0.91,crossed,0.95,crossed,1,0,0
dmg-fade-all,damage,Q,url,front,zxing,0.81,crossed,0.85,crossed,1,0,0
dmg-fade-all,damage,Q,url,front,zxingcpp,0.91,crossed,0.95,crossed,1,0,0
dmg-fade-all,damage,Q,url,front,any,0.91,crossed,0.95,crossed,1,0,0
dmg-fade-all,damage,Q,url,phone,jsqr,0.82,crossed,0.9,crossed,1,0,0
dmg-fade-all,damage,Q,url,phone,zxing,0.52,crossed,0.6,crossed,1,0,0
dmg-fade-all,damage,Q,url,phone,zxingcpp,0.91,crossed,0.95,crossed,1,0,0
dmg-fade-all,damage,Q,url,phone,any,0.91,crossed,0.95,crossed,1,0,0
dmg-fade-all,damage,H,url,front,jsqr,0,start,0.95,crossed,0.5,0,0
dmg-fade-all,damage,H,url,front,zxing,0,start,0.75,crossed,0.5,0,0
dmg-fade-all,damage,H,url,front,zxingcpp,0.91,crossed,0.95,crossed,1,0,0
dmg-fade-all,damage,H,url,front,any,0.91,crossed,0.95,crossed,1,0,0
dmg-fade-all,damage,H,url,phone,jsqr,0.91,crossed,0.95,crossed,1,0,0
dmg-fade-all,damage,H,url,phone,zxing,0.72,crossed,0.8,crossed,1,0,0
dmg-fade-all,damage,H,url,phone,zxingcpp,0.91,crossed,0.95,crossed,1,0,0
dmg-fade-all,damage,H,url,phone,any,0.91,crossed,0.95,crossed,1,0,0
dmg-fade-corner,damage,L,all,front,jsqr,0.81,crossed,0.85,crossed,1,0,0
dmg-fade-corner,damage,L,all,front,zxing,0.81,crossed,0.85,crossed,1,0,0
dmg-fade-corner,damage,L,all,front,zxingcpp,0.91,crossed,0.95,crossed,1,0,0
dmg-fade-corner,damage,L,all,front,any,0.91,crossed,0.95,crossed,1,0,0
dmg-fade-corner,damage,L,all,phone,jsqr,0.81,crossed,0.85,crossed,1,0,0
dmg-fade-corner,damage,L,all,phone,zxing,0.71,crossed,0.75,crossed,1,0,0
dmg-fade-corner,damage,L,all,phone,zxingcpp,0.81,crossed,0.85,crossed,1,0,0
dmg-fade-corner,damage,L,all,phone,any,0.81,crossed,0.85,crossed,1,0,0
dmg-fade-corner,damage,M,all,front,jsqr,0.91,crossed,0.95,crossed,1,0,0
dmg-fade-corner,damage,M,all,front,zxing,0.81,crossed,0.85,crossed,1,0,0
dmg-fade-corner,damage,M,all,front,zxingcpp,0.91,crossed,0.95,crossed,1,0,0
dmg-fade-corner,damage,M,all,front,any,0.91,crossed,0.95,crossed,1,0,0
dmg-fade-corner,damage,M,all,phone,jsqr,0.72,crossed,0.9,crossed,1,0,0
dmg-fade-corner,damage,M,all,phone,zxing,0.52,crossed,0.6,crossed,1,0,0
dmg-fade-corner,damage,M,all,phone,zxingcpp,0.91,crossed,0.95,crossed,1,0,0
dmg-fade-corner,damage,M,all,phone,any,0.91,crossed,0.95,crossed,1,0,0
dmg-fade-corner,damage,Q,all,front,jsqr,0.91,crossed,0.95,crossed,1,0,0
dmg-fade-corner,damage,Q,all,front,zxing,,never,,never,1,1,1
dmg-fade-corner,damage,Q,all,front,zxingcpp,,never,,never,1,1,1
dmg-fade-corner,damage,Q,all,front,any,,never,,never,1,1,1
dmg-fade-corner,damage,Q,all,phone,jsqr,0.82,crossed,0.9,crossed,1,0,0
dmg-fade-corner,damage,Q,all,phone,zxing,0.52,crossed,0.6,crossed,1,0,0
dmg-fade-corner,damage,Q,all,phone,zxingcpp,,never,,never,1,1,1
dmg-fade-corner,damage,Q,all,phone,any,,never,,never,1,1,1
dmg-fade-corner,damage,H,all,front,jsqr,0,start,0.9,crossed,0.5,0,0
dmg-fade-corner,damage,H,all,front,zxing,0,start,0.7,crossed,0.5,0,0
dmg-fade-corner,damage,H,all,front,zxingcpp,,never,,never,1,1,1
dmg-fade-corner,damage,H,all,front,any,,never,,never,1,1,1
dmg-fade-corner,damage,H,all,phone,jsqr,0.91,crossed,0.95,crossed,1,0,0
dmg-fade-corner,damage,H,all,phone,zxing,0.72,crossed,0.8,crossed,1,0,0
dmg-fade-corner,damage,H,all,phone,zxingcpp,0.92,crossed,,never,1,0.5,0.5
dmg-fade-corner,damage,H,all,phone,any,0.92,crossed,,never,1,0.5,0.5
dmg-fade-corner,damage,L,url,front,jsqr,0.81,crossed,0.85,crossed,1,0,0
dmg-fade-corner,damage,L,url,front,zxing,0.81,crossed,0.85,crossed,1,0,0
dmg-fade-corner,damage,L,url,front,zxingcpp,0.91,crossed,0.95,crossed,1,0,0
dmg-fade-corner,damage,L,url,front,any,0.91,crossed,0.95,crossed,1,0,0
dmg-fade-corner,damage,L,url,phone,jsqr,0.81,crossed,0.85,crossed,1,0,0
dmg-fade-corner,damage,L,url,phone,zxing,0.71,crossed,0.75,crossed,1,0,0
dmg-fade-corner,damage,L,url,phone,zxingcpp,0.81,crossed,0.85,crossed,1,0,0
dmg-fade-corner,damage,L,url,phone,any,0.81,crossed,0.85,crossed,1,0,0
dmg-fade-corner,damage,M,url,front,jsqr,0.91,crossed,0.95,crossed,1,0,0
dmg-fade-corner,damage,M,url,front,zxing,0.81,crossed,0.85,crossed,1,0,0
dmg-fade-corner,damage,M,url,front,zxingcpp,0.91,crossed,0.95,crossed,1,0,0
dmg-fade-corner,damage,M,url,front,any,0.91,crossed,0.95,crossed,1,0,0
dmg-fade-corner,damage,M,url,phone,jsqr,0.72,crossed,0.9,crossed,1,0,0
dmg-fade-corner,damage,M,url,phone,zxing,0.52,crossed,0.6,crossed,1,0,0
dmg-fade-corner,damage,M,url,phone,zxingcpp,0.91,crossed,0.95,crossed,1,0,0
dmg-fade-corner,damage,M,url,phone,any,0.91,crossed,0.95,crossed,1,0,0
dmg-fade-corner,damage,Q,url,front,jsqr,0.91,crossed,0.95,crossed,1,0,0
dmg-fade-corner,damage,Q,url,front,zxing,,never,,never,1,1,1
dmg-fade-corner,damage,Q,url,front,zxingcpp,,never,,never,1,1,1
dmg-fade-corner,damage,Q,url,front,any,,never,,never,1,1,1
dmg-fade-corner,damage,Q,url,phone,jsqr,0.82,crossed,0.9,crossed,1,0,0
dmg-fade-corner,damage,Q,url,phone,zxing,0.52,crossed,0.6,crossed,1,0,0
dmg-fade-corner,damage,Q,url,phone,zxingcpp,,never,,never,1,1,1
dmg-fade-corner,damage,Q,url,phone,any,,never,,never,1,1,1
dmg-fade-corner,damage,H,url,front,jsqr,0,start,0.9,crossed,0.5,0,0
dmg-fade-corner,damage,H,url,front,zxing,0,start,0.7,crossed,0.5,0,0
dmg-fade-corner,damage,H,url,front,zxingcpp,,never,,never,1,1,1
dmg-fade-corner,damage,H,url,front,any,,never,,never,1,1,1
dmg-fade-corner,damage,H,url,phone,jsqr,0.91,crossed,0.95,crossed,1,0,0
dmg-fade-corner,damage,H,url,phone,zxing,0.72,crossed,0.8,crossed,1,0,0
dmg-fade-corner,damage,H,url,phone,zxingcpp,0.92,crossed,,never,1,0.5,0.5
dmg-fade-corner,damage,H,url,phone,any,0.92,crossed,,never,1,0.5,0.5
dmg-fade-center,damage,L,all,front,jsqr,0.81,crossed,0.85,crossed,1,0,0
dmg-fade-center,damage,L,all,front,zxing,0.81,crossed,0.85,crossed,1,0,0
dmg-fade-center,damage,L,all,front,zxingcpp,0.91,crossed,0.95,crossed,1,0,0
dmg-fade-center,damage,L,all,front,any,0.91,crossed,0.95,crossed,1,0,0
dmg-fade-center,damage,L,all,phone,jsqr,0.81,crossed,0.85,crossed,1,0,0
dmg-fade-center,damage,L,all,phone,zxing,0.81,crossed,0.85,crossed,1,0,0
dmg-fade-center,damage,L,all,phone,zxingcpp,0.81,crossed,0.85,crossed,1,0,0
dmg-fade-center,damage,L,all,phone,any,0.81,crossed,0.85,crossed,1,0,0
dmg-fade-center,damage,M,all,front,jsqr,0.91,crossed,0.95,crossed,1,0,0
dmg-fade-center,damage,M,all,front,zxing,0.91,crossed,0.95,crossed,1,0,0
dmg-fade-center,damage,M,all,front,zxingcpp,0.91,crossed,0.95,crossed,1,0,0
dmg-fade-center,damage,M,all,front,any,0.91,crossed,0.95,crossed,1,0,0
dmg-fade-center,damage,M,all,phone,jsqr,0.52,crossed,0.95,crossed,1,0,0
dmg-fade-center,damage,M,all,phone,zxing,0.91,crossed,0.95,crossed,1,0,0
dmg-fade-center,damage,M,all,phone,zxingcpp,0.91,crossed,0.95,crossed,1,0,0
dmg-fade-center,damage,M,all,phone,any,0.91,crossed,0.95,crossed,1,0,0
dmg-fade-center,damage,Q,all,front,jsqr,0.91,crossed,0.95,crossed,1,0,0
dmg-fade-center,damage,Q,all,front,zxing,0.91,crossed,0.95,crossed,1,0,0
dmg-fade-center,damage,Q,all,front,zxingcpp,0.91,crossed,0.95,crossed,1,0,0
dmg-fade-center,damage,Q,all,front,any,0.91,crossed,0.95,crossed,1,0,0
dmg-fade-center,damage,Q,all,phone,jsqr,0.91,crossed,0.95,crossed,1,0,0
dmg-fade-center,damage,Q,all,phone,zxing,0.91,crossed,0.95,crossed,1,0,0
dmg-fade-center,damage,Q,all,phone,zxingcpp,0.91,crossed,0.95,crossed,1,0,0
dmg-fade-center,damage,Q,all,phone,any,0.91,crossed,0.95,crossed,1,0,0
dmg-fade-center,damage,H,all,front,jsqr,0,start,,never,0.5,0.5,0.5
dmg-fade-center,damage,H,all,front,zxing,0,start,,never,0.5,0.5,0.5
dmg-fade-center,damage,H,all,front,zxingcpp,,never,,never,1,1,1
dmg-fade-center,damage,H,all,front,any,,never,,never,1,1,1
dmg-fade-center,damage,H,all,phone,jsqr,,never,,never,1,1,1
dmg-fade-center,damage,H,all,phone,zxing,0.92,crossed,,never,1,0.5,0.5
dmg-fade-center,damage,H,all,phone,zxingcpp,,never,,never,1,1,1
dmg-fade-center,damage,H,all,phone,any,,never,,never,1,1,1
dmg-fade-center,damage,L,url,front,jsqr,0.81,crossed,0.85,crossed,1,0,0
dmg-fade-center,damage,L,url,front,zxing,0.81,crossed,0.85,crossed,1,0,0
dmg-fade-center,damage,L,url,front,zxingcpp,0.91,crossed,0.95,crossed,1,0,0
dmg-fade-center,damage,L,url,front,any,0.91,crossed,0.95,crossed,1,0,0
dmg-fade-center,damage,L,url,phone,jsqr,0.81,crossed,0.85,crossed,1,0,0
dmg-fade-center,damage,L,url,phone,zxing,0.81,crossed,0.85,crossed,1,0,0
dmg-fade-center,damage,L,url,phone,zxingcpp,0.81,crossed,0.85,crossed,1,0,0
dmg-fade-center,damage,L,url,phone,any,0.81,crossed,0.85,crossed,1,0,0
dmg-fade-center,damage,M,url,front,jsqr,0.91,crossed,0.95,crossed,1,0,0
dmg-fade-center,damage,M,url,front,zxing,0.91,crossed,0.95,crossed,1,0,0
dmg-fade-center,damage,M,url,front,zxingcpp,0.91,crossed,0.95,crossed,1,0,0
dmg-fade-center,damage,M,url,front,any,0.91,crossed,0.95,crossed,1,0,0
dmg-fade-center,damage,M,url,phone,jsqr,0.52,crossed,0.95,crossed,1,0,0
dmg-fade-center,damage,M,url,phone,zxing,0.91,crossed,0.95,crossed,1,0,0
dmg-fade-center,damage,M,url,phone,zxingcpp,0.91,crossed,0.95,crossed,1,0,0
dmg-fade-center,damage,M,url,phone,any,0.91,crossed,0.95,crossed,1,0,0
dmg-fade-center,damage,Q,url,front,jsqr,0.91,crossed,0.95,crossed,1,0,0
dmg-fade-center,damage,Q,url,front,zxing,0.91,crossed,0.95,crossed,1,0,0
dmg-fade-center,damage,Q,url,front,zxingcpp,0.91,crossed,0.95,crossed,1,0,0
dmg-fade-center,damage,Q,url,front,any,0.91,crossed,0.95,crossed,1,0,0
dmg-fade-center,damage,Q,url,phone,jsqr,0.91,crossed,0.95,crossed,1,0,0
dmg-fade-center,damage,Q,url,phone,zxing,0.91,crossed,0.95,crossed,1,0,0
dmg-fade-center,damage,Q,url,phone,zxingcpp,0.91,crossed,0.95,crossed,1,0,0
dmg-fade-center,damage,Q,url,phone,any,0.91,crossed,0.95,crossed,1,0,0
dmg-fade-center,damage,H,url,front,jsqr,0,start,,never,0.5,0.5,0.5
dmg-fade-center,damage,H,url,front,zxing,0,start,,never,0.5,0.5,0.5
dmg-fade-center,damage,H,url,front,zxingcpp,,never,,never,1,1,1
dmg-fade-center,damage,H,url,front,any,,never,,never,1,1,1
dmg-fade-center,damage,H,url,phone,jsqr,,never,,never,1,1,1
dmg-fade-center,damage,H,url,phone,zxing,0.92,crossed,,never,1,0.5,0.5
dmg-fade-center,damage,H,url,phone,zxingcpp,,never,,never,1,1,1
dmg-fade-center,damage,H,url,phone,any,,never,,never,1,1,1
dmg-fade-finder,damage,L,all,front,jsqr,0.91,crossed,0.95,crossed,1,0,0
dmg-fade-finder,damage,L,all,front,zxing,0.81,crossed,0.85,crossed,1,0,0
dmg-fade-finder,damage,L,all,front,zxingcpp,0.91,crossed,0.95,crossed,1,0,0
dmg-fade-finder,damage,L,all,front,any,0.91,crossed,0.95,crossed,1,0,0
dmg-fade-finder,damage,L,all,phone,jsqr,0.81,crossed,0.85,crossed,1,0,0
dmg-fade-finder,damage,L,all,phone,zxing,0.81,crossed,0.85,crossed,1,0,0
dmg-fade-finder,damage,L,all,phone,zxingcpp,0.82,crossed,0.9,crossed,1,0,0
dmg-fade-finder,damage,L,all,phone,any,0.82,crossed,0.9,crossed,1,0,0
dmg-fade-finder,damage,M,all,front,jsqr,0.91,crossed,0.95,crossed,1,0,0
dmg-fade-finder,damage,M,all,front,zxing,0.81,crossed,0.85,crossed,1,0,0
dmg-fade-finder,damage,M,all,front,zxingcpp,0.91,crossed,0.95,crossed,1,0,0
dmg-fade-finder,damage,M,all,front,any,0.91,crossed,0.95,crossed,1,0,0
dmg-fade-finder,damage,M,all,phone,jsqr,0.81,crossed,0.85,crossed,1,0,0
dmg-fade-finder,damage,M,all,phone,zxing,0.81,crossed,0.85,crossed,1,0,0
dmg-fade-finder,damage,M,all,phone,zxingcpp,0.82,crossed,0.9,crossed,1,0,0
dmg-fade-finder,damage,M,all,phone,any,0.82,crossed,0.9,crossed,1,0,0
dmg-fade-finder,damage,Q,all,front,jsqr,0.91,crossed,0.95,crossed,1,0,0
dmg-fade-finder,damage,Q,all,front,zxing,0.81,crossed,0.85,crossed,1,0,0
dmg-fade-finder,damage,Q,all,front,zxingcpp,0.91,crossed,0.95,crossed,1,0,0
dmg-fade-finder,damage,Q,all,front,any,0.91,crossed,0.95,crossed,1,0,0
dmg-fade-finder,damage,Q,all,phone,jsqr,0.81,crossed,0.85,crossed,1,0,0
dmg-fade-finder,damage,Q,all,phone,zxing,0.81,crossed,0.85,crossed,1,0,0
dmg-fade-finder,damage,Q,all,phone,zxingcpp,0.91,crossed,0.95,crossed,1,0,0
dmg-fade-finder,damage,Q,all,phone,any,0.91,crossed,0.95,crossed,1,0,0
dmg-fade-finder,damage,H,all,front,jsqr,0,start,0.95,crossed,0.5,0,0
dmg-fade-finder,damage,H,all,front,zxing,0,start,0.95,crossed,0.5,0,0
dmg-fade-finder,damage,H,all,front,zxingcpp,0.91,crossed,0.95,crossed,1,0,0
dmg-fade-finder,damage,H,all,front,any,0.91,crossed,0.95,crossed,1,0,0
dmg-fade-finder,damage,H,all,phone,jsqr,0.91,crossed,0.95,crossed,1,0,0
dmg-fade-finder,damage,H,all,phone,zxing,0.81,crossed,0.85,crossed,1,0,0
dmg-fade-finder,damage,H,all,phone,zxingcpp,0.91,crossed,0.95,crossed,1,0,0
dmg-fade-finder,damage,H,all,phone,any,0.91,crossed,0.95,crossed,1,0,0
dmg-fade-finder,damage,L,url,front,jsqr,0.91,crossed,0.95,crossed,1,0,0
dmg-fade-finder,damage,L,url,front,zxing,0.81,crossed,0.85,crossed,1,0,0
dmg-fade-finder,damage,L,url,front,zxingcpp,0.91,crossed,0.95,crossed,1,0,0
dmg-fade-finder,damage,L,url,front,any,0.91,crossed,0.95,crossed,1,0,0
dmg-fade-finder,damage,L,url,phone,jsqr,0.81,crossed,0.85,crossed,1,0,0
dmg-fade-finder,damage,L,url,phone,zxing,0.81,crossed,0.85,crossed,1,0,0
dmg-fade-finder,damage,L,url,phone,zxingcpp,0.82,crossed,0.9,crossed,1,0,0
dmg-fade-finder,damage,L,url,phone,any,0.82,crossed,0.9,crossed,1,0,0
dmg-fade-finder,damage,M,url,front,jsqr,0.91,crossed,0.95,crossed,1,0,0
dmg-fade-finder,damage,M,url,front,zxing,0.81,crossed,0.85,crossed,1,0,0
dmg-fade-finder,damage,M,url,front,zxingcpp,0.91,crossed,0.95,crossed,1,0,0
dmg-fade-finder,damage,M,url,front,any,0.91,crossed,0.95,crossed,1,0,0
dmg-fade-finder,damage,M,url,phone,jsqr,0.81,crossed,0.85,crossed,1,0,0
dmg-fade-finder,damage,M,url,phone,zxing,0.81,crossed,0.85,crossed,1,0,0
dmg-fade-finder,damage,M,url,phone,zxingcpp,0.82,crossed,0.9,crossed,1,0,0
dmg-fade-finder,damage,M,url,phone,any,0.82,crossed,0.9,crossed,1,0,0
dmg-fade-finder,damage,Q,url,front,jsqr,0.91,crossed,0.95,crossed,1,0,0
dmg-fade-finder,damage,Q,url,front,zxing,0.81,crossed,0.85,crossed,1,0,0
dmg-fade-finder,damage,Q,url,front,zxingcpp,0.91,crossed,0.95,crossed,1,0,0
dmg-fade-finder,damage,Q,url,front,any,0.91,crossed,0.95,crossed,1,0,0
dmg-fade-finder,damage,Q,url,phone,jsqr,0.81,crossed,0.85,crossed,1,0,0
dmg-fade-finder,damage,Q,url,phone,zxing,0.81,crossed,0.85,crossed,1,0,0
dmg-fade-finder,damage,Q,url,phone,zxingcpp,0.91,crossed,0.95,crossed,1,0,0
dmg-fade-finder,damage,Q,url,phone,any,0.91,crossed,0.95,crossed,1,0,0
dmg-fade-finder,damage,H,url,front,jsqr,0,start,0.95,crossed,0.5,0,0
dmg-fade-finder,damage,H,url,front,zxing,0,start,0.95,crossed,0.5,0,0
dmg-fade-finder,damage,H,url,front,zxingcpp,0.91,crossed,0.95,crossed,1,0,0
dmg-fade-finder,damage,H,url,front,any,0.91,crossed,0.95,crossed,1,0,0
dmg-fade-finder,damage,H,url,phone,jsqr,0.91,crossed,0.95,crossed,1,0,0
dmg-fade-finder,damage,H,url,phone,zxing,0.81,crossed,0.85,crossed,1,0,0
dmg-fade-finder,damage,H,url,phone,zxingcpp,0.91,crossed,0.95,crossed,1,0,0
dmg-fade-finder,damage,H,url,phone,any,0.91,crossed,0.95,crossed,1,0,0
dmg-fade-edge,damage,L,all,front,jsqr,0.81,crossed,0.85,crossed,1,0,0
dmg-fade-edge,damage,L,all,front,zxing,0.81,crossed,0.85,crossed,1,0,0
dmg-fade-edge,damage,L,all,front,zxingcpp,0.91,crossed,0.95,crossed,1,0,0
dmg-fade-edge,damage,L,all,front,any,0.91,crossed,0.95,crossed,1,0,0
dmg-fade-edge,damage,L,all,phone,jsqr,0.81,crossed,0.85,crossed,1,0,0
dmg-fade-edge,damage,L,all,phone,zxing,0.81,crossed,0.85,crossed,1,0,0
dmg-fade-edge,damage,L,all,phone,zxingcpp,0.81,crossed,0.85,crossed,1,0,0
dmg-fade-edge,damage,L,all,phone,any,0.81,crossed,0.85,crossed,1,0,0
dmg-fade-edge,damage,M,all,front,jsqr,0.91,crossed,0.95,crossed,1,0,0
dmg-fade-edge,damage,M,all,front,zxing,0.81,crossed,0.85,crossed,1,0,0
dmg-fade-edge,damage,M,all,front,zxingcpp,0.91,crossed,0.95,crossed,1,0,0
dmg-fade-edge,damage,M,all,front,any,0.91,crossed,0.95,crossed,1,0,0
dmg-fade-edge,damage,M,all,phone,jsqr,0.81,crossed,0.85,crossed,1,0,0
dmg-fade-edge,damage,M,all,phone,zxing,0.71,crossed,0.75,crossed,1,0,0
dmg-fade-edge,damage,M,all,phone,zxingcpp,0.81,crossed,0.85,crossed,1,0,0
dmg-fade-edge,damage,M,all,phone,any,0.81,crossed,0.85,crossed,1,0,0
dmg-fade-edge,damage,Q,all,front,jsqr,0.91,crossed,0.95,crossed,1,0,0
dmg-fade-edge,damage,Q,all,front,zxing,0.81,crossed,0.85,crossed,1,0,0
dmg-fade-edge,damage,Q,all,front,zxingcpp,0.91,crossed,0.95,crossed,1,0,0
dmg-fade-edge,damage,Q,all,front,any,0.91,crossed,0.95,crossed,1,0,0
dmg-fade-edge,damage,Q,all,phone,jsqr,0.82,crossed,0.9,crossed,1,0,0
dmg-fade-edge,damage,Q,all,phone,zxing,0.72,crossed,0.8,crossed,1,0,0
dmg-fade-edge,damage,Q,all,phone,zxingcpp,0.81,crossed,0.85,crossed,1,0,0
dmg-fade-edge,damage,Q,all,phone,any,0.82,crossed,0.9,crossed,1,0,0
dmg-fade-edge,damage,H,all,front,jsqr,0,start,0.85,crossed,0.5,0,0
dmg-fade-edge,damage,H,all,front,zxing,0,start,0.75,crossed,0.5,0,0
dmg-fade-edge,damage,H,all,front,zxingcpp,0.91,crossed,0.95,crossed,1,0,0
dmg-fade-edge,damage,H,all,front,any,0.91,crossed,0.95,crossed,1,0,0
dmg-fade-edge,damage,H,all,phone,jsqr,0.72,crossed,0.8,crossed,1,0,0
dmg-fade-edge,damage,H,all,phone,zxing,0.61,crossed,0.65,crossed,1,0,0
dmg-fade-edge,damage,H,all,phone,zxingcpp,0.82,crossed,0.9,crossed,1,0,0
dmg-fade-edge,damage,H,all,phone,any,0.82,crossed,0.9,crossed,1,0,0
dmg-fade-edge,damage,L,url,front,jsqr,0.81,crossed,0.85,crossed,1,0,0
dmg-fade-edge,damage,L,url,front,zxing,0.81,crossed,0.85,crossed,1,0,0
dmg-fade-edge,damage,L,url,front,zxingcpp,0.91,crossed,0.95,crossed,1,0,0
dmg-fade-edge,damage,L,url,front,any,0.91,crossed,0.95,crossed,1,0,0
dmg-fade-edge,damage,L,url,phone,jsqr,0.81,crossed,0.85,crossed,1,0,0
dmg-fade-edge,damage,L,url,phone,zxing,0.81,crossed,0.85,crossed,1,0,0
dmg-fade-edge,damage,L,url,phone,zxingcpp,0.81,crossed,0.85,crossed,1,0,0
dmg-fade-edge,damage,L,url,phone,any,0.81,crossed,0.85,crossed,1,0,0
dmg-fade-edge,damage,M,url,front,jsqr,0.91,crossed,0.95,crossed,1,0,0
dmg-fade-edge,damage,M,url,front,zxing,0.81,crossed,0.85,crossed,1,0,0
dmg-fade-edge,damage,M,url,front,zxingcpp,0.91,crossed,0.95,crossed,1,0,0
dmg-fade-edge,damage,M,url,front,any,0.91,crossed,0.95,crossed,1,0,0
dmg-fade-edge,damage,M,url,phone,jsqr,0.81,crossed,0.85,crossed,1,0,0
dmg-fade-edge,damage,M,url,phone,zxing,0.71,crossed,0.75,crossed,1,0,0
dmg-fade-edge,damage,M,url,phone,zxingcpp,0.81,crossed,0.85,crossed,1,0,0
dmg-fade-edge,damage,M,url,phone,any,0.81,crossed,0.85,crossed,1,0,0
dmg-fade-edge,damage,Q,url,front,jsqr,0.91,crossed,0.95,crossed,1,0,0
dmg-fade-edge,damage,Q,url,front,zxing,0.81,crossed,0.85,crossed,1,0,0
dmg-fade-edge,damage,Q,url,front,zxingcpp,0.91,crossed,0.95,crossed,1,0,0
dmg-fade-edge,damage,Q,url,front,any,0.91,crossed,0.95,crossed,1,0,0
dmg-fade-edge,damage,Q,url,phone,jsqr,0.82,crossed,0.9,crossed,1,0,0
dmg-fade-edge,damage,Q,url,phone,zxing,0.72,crossed,0.8,crossed,1,0,0
dmg-fade-edge,damage,Q,url,phone,zxingcpp,0.81,crossed,0.85,crossed,1,0,0
dmg-fade-edge,damage,Q,url,phone,any,0.82,crossed,0.9,crossed,1,0,0
dmg-fade-edge,damage,H,url,front,jsqr,0,start,0.85,crossed,0.5,0,0
dmg-fade-edge,damage,H,url,front,zxing,0,start,0.75,crossed,0.5,0,0
dmg-fade-edge,damage,H,url,front,zxingcpp,0.91,crossed,0.95,crossed,1,0,0
dmg-fade-edge,damage,H,url,front,any,0.91,crossed,0.95,crossed,1,0,0
dmg-fade-edge,damage,H,url,phone,jsqr,0.72,crossed,0.8,crossed,1,0,0
dmg-fade-edge,damage,H,url,phone,zxing,0.61,crossed,0.65,crossed,1,0,0
dmg-fade-edge,damage,H,url,phone,zxingcpp,0.82,crossed,0.9,crossed,1,0,0
dmg-fade-edge,damage,H,url,phone,any,0.82,crossed,0.9,crossed,1,0,0
dmg-color-all,damage,L,all,front,jsqr,0.91,crossed,0.95,crossed,1,0,0
dmg-color-all,damage,L,all,front,zxing,0.91,crossed,0.95,crossed,1,0,0
dmg-color-all,damage,L,all,front,zxingcpp,,never,,never,1,1,1
dmg-color-all,damage,L,all,front,any,,never,,never,1,1,1
dmg-color-all,damage,L,all,phone,jsqr,0.92,crossed,,never,1,0.5,0.5
dmg-color-all,damage,L,all,phone,zxing,0.81,crossed,0.85,crossed,1,0,0
dmg-color-all,damage,L,all,phone,zxingcpp,,never,,never,1,1,1
dmg-color-all,damage,L,all,phone,any,,never,,never,1,1,1
dmg-color-all,damage,M,all,front,jsqr,0.82,crossed,0.9,crossed,1,0,0
dmg-color-all,damage,M,all,front,zxing,0.81,crossed,0.85,crossed,1,0,0
dmg-color-all,damage,M,all,front,zxingcpp,,never,,never,1,1,1
dmg-color-all,damage,M,all,front,any,,never,,never,1,1,1
dmg-color-all,damage,M,all,phone,jsqr,,never,,never,1,1,1
dmg-color-all,damage,M,all,phone,zxing,,never,,never,1,1,1
dmg-color-all,damage,M,all,phone,zxingcpp,,never,,never,1,1,1
dmg-color-all,damage,M,all,phone,any,,never,,never,1,1,1
dmg-color-all,damage,Q,all,front,jsqr,0.82,crossed,0.9,crossed,1,0,0
dmg-color-all,damage,Q,all,front,zxing,0.81,crossed,0.85,crossed,1,0,0
dmg-color-all,damage,Q,all,front,zxingcpp,,never,,never,1,1,1
dmg-color-all,damage,Q,all,front,any,,never,,never,1,1,1
dmg-color-all,damage,Q,all,phone,jsqr,,never,,never,1,1,1
dmg-color-all,damage,Q,all,phone,zxing,,never,,never,1,1,1
dmg-color-all,damage,Q,all,phone,zxingcpp,,never,,never,1,1,1
dmg-color-all,damage,Q,all,phone,any,,never,,never,1,1,1
dmg-color-all,damage,H,all,front,jsqr,0,start,,never,0.5,1,0.5
dmg-color-all,damage,H,all,front,zxing,0,start,,never,0.5,0.5,0.5
dmg-color-all,damage,H,all,front,zxingcpp,,never,,never,1,1,1
dmg-color-all,damage,H,all,front,any,,never,,never,1,1,1
dmg-color-all,damage,H,all,phone,jsqr,0.91,crossed,0.95,crossed,1,0,0
dmg-color-all,damage,H,all,phone,zxing,0.81,crossed,0.85,crossed,1,0,0
dmg-color-all,damage,H,all,phone,zxingcpp,,never,,never,1,1,1
dmg-color-all,damage,H,all,phone,any,,never,,never,1,1,1
dmg-color-all,damage,L,url,front,jsqr,0.91,crossed,0.95,crossed,1,0,0
dmg-color-all,damage,L,url,front,zxing,0.91,crossed,0.95,crossed,1,0,0
dmg-color-all,damage,L,url,front,zxingcpp,,never,,never,1,1,1
dmg-color-all,damage,L,url,front,any,,never,,never,1,1,1
dmg-color-all,damage,L,url,phone,jsqr,0.92,crossed,,never,1,0.5,0.5
dmg-color-all,damage,L,url,phone,zxing,0.81,crossed,0.85,crossed,1,0,0
dmg-color-all,damage,L,url,phone,zxingcpp,,never,,never,1,1,1
dmg-color-all,damage,L,url,phone,any,,never,,never,1,1,1
dmg-color-all,damage,M,url,front,jsqr,0.82,crossed,0.9,crossed,1,0,0
dmg-color-all,damage,M,url,front,zxing,0.81,crossed,0.85,crossed,1,0,0
dmg-color-all,damage,M,url,front,zxingcpp,,never,,never,1,1,1
dmg-color-all,damage,M,url,front,any,,never,,never,1,1,1
dmg-color-all,damage,M,url,phone,jsqr,,never,,never,1,1,1
dmg-color-all,damage,M,url,phone,zxing,,never,,never,1,1,1
dmg-color-all,damage,M,url,phone,zxingcpp,,never,,never,1,1,1
dmg-color-all,damage,M,url,phone,any,,never,,never,1,1,1
dmg-color-all,damage,Q,url,front,jsqr,0.82,crossed,0.9,crossed,1,0,0
dmg-color-all,damage,Q,url,front,zxing,0.81,crossed,0.85,crossed,1,0,0
dmg-color-all,damage,Q,url,front,zxingcpp,,never,,never,1,1,1
dmg-color-all,damage,Q,url,front,any,,never,,never,1,1,1
dmg-color-all,damage,Q,url,phone,jsqr,,never,,never,1,1,1
dmg-color-all,damage,Q,url,phone,zxing,,never,,never,1,1,1
dmg-color-all,damage,Q,url,phone,zxingcpp,,never,,never,1,1,1
dmg-color-all,damage,Q,url,phone,any,,never,,never,1,1,1
dmg-color-all,damage,H,url,front,jsqr,0,start,,never,0.5,1,0.5
dmg-color-all,damage,H,url,front,zxing,0,start,,never,0.5,0.5,0.5
dmg-color-all,damage,H,url,front,zxingcpp,,never,,never,1,1,1
dmg-color-all,damage,H,url,front,any,,never,,never,1,1,1
dmg-color-all,damage,H,url,phone,jsqr,0.91,crossed,0.95,crossed,1,0,0
dmg-color-all,damage,H,url,phone,zxing,0.81,crossed,0.85,crossed,1,0,0
dmg-color-all,damage,H,url,phone,zxingcpp,,never,,never,1,1,1
dmg-color-all,damage,H,url,phone,any,,never,,never,1,1,1
dmg-color-corner,damage,L,all,front,jsqr,0.82,crossed,0.9,crossed,1,0,0
dmg-color-corner,damage,L,all,front,zxing,0.81,crossed,0.85,crossed,1,0,0
dmg-color-corner,damage,L,all,front,zxingcpp,,never,,never,1,1,1
dmg-color-corner,damage,L,all,front,any,,never,,never,1,1,1
dmg-color-corner,damage,L,all,phone,jsqr,0.81,crossed,0.85,crossed,1,0,0
dmg-color-corner,damage,L,all,phone,zxing,0.81,crossed,0.85,crossed,1,0,0
dmg-color-corner,damage,L,all,phone,zxingcpp,0.92,crossed,,never,1,0.5,0.5
dmg-color-corner,damage,L,all,phone,any,0.92,crossed,,never,1,0.5,0.5
dmg-color-corner,damage,M,all,front,jsqr,,never,,never,1,1,1
dmg-color-corner,damage,M,all,front,zxing,,never,,never,1,1,1
dmg-color-corner,damage,M,all,front,zxingcpp,,never,,never,1,1,1
dmg-color-corner,damage,M,all,front,any,,never,,never,1,1,1
dmg-color-corner,damage,M,all,phone,jsqr,0.91,crossed,0.95,crossed,1,0,0
dmg-color-corner,damage,M,all,phone,zxing,0.91,crossed,0.95,crossed,1,0,0
dmg-color-corner,damage,M,all,phone,zxingcpp,,never,,never,1,1,1
dmg-color-corner,damage,M,all,phone,any,,never,,never,1,1,1
dmg-color-corner,damage,Q,all,front,jsqr,,never,,never,1,1,1
dmg-color-corner,damage,Q,all,front,zxing,,never,,never,1,1,1
dmg-color-corner,damage,Q,all,front,zxingcpp,,never,,never,1,1,1
dmg-color-corner,damage,Q,all,front,any,,never,,never,1,1,1
dmg-color-corner,damage,Q,all,phone,jsqr,,never,,never,1,1,1
dmg-color-corner,damage,Q,all,phone,zxing,,never,,never,1,1,1
dmg-color-corner,damage,Q,all,phone,zxingcpp,,never,,never,1,1,1
dmg-color-corner,damage,Q,all,phone,any,,never,,never,1,1,1
dmg-color-corner,damage,H,all,front,jsqr,0,start,,never,0.5,0.5,0.5
dmg-color-corner,damage,H,all,front,zxing,0,start,,never,0.5,0.5,0.5
dmg-color-corner,damage,H,all,front,zxingcpp,,never,,never,1,1,1
dmg-color-corner,damage,H,all,front,any,,never,,never,1,1,1
dmg-color-corner,damage,H,all,phone,jsqr,,never,,never,1,1,1
dmg-color-corner,damage,H,all,phone,zxing,,never,,never,1,1,1
dmg-color-corner,damage,H,all,phone,zxingcpp,,never,,never,1,1,1
dmg-color-corner,damage,H,all,phone,any,,never,,never,1,1,1
dmg-color-corner,damage,L,url,front,jsqr,0.82,crossed,0.9,crossed,1,0,0
dmg-color-corner,damage,L,url,front,zxing,0.81,crossed,0.85,crossed,1,0,0
dmg-color-corner,damage,L,url,front,zxingcpp,,never,,never,1,1,1
dmg-color-corner,damage,L,url,front,any,,never,,never,1,1,1
dmg-color-corner,damage,L,url,phone,jsqr,0.81,crossed,0.85,crossed,1,0,0
dmg-color-corner,damage,L,url,phone,zxing,0.81,crossed,0.85,crossed,1,0,0
dmg-color-corner,damage,L,url,phone,zxingcpp,0.92,crossed,,never,1,0.5,0.5
dmg-color-corner,damage,L,url,phone,any,0.92,crossed,,never,1,0.5,0.5
dmg-color-corner,damage,M,url,front,jsqr,,never,,never,1,1,1
dmg-color-corner,damage,M,url,front,zxing,,never,,never,1,1,1
dmg-color-corner,damage,M,url,front,zxingcpp,,never,,never,1,1,1
dmg-color-corner,damage,M,url,front,any,,never,,never,1,1,1
dmg-color-corner,damage,M,url,phone,jsqr,0.91,crossed,0.95,crossed,1,0,0
dmg-color-corner,damage,M,url,phone,zxing,0.91,crossed,0.95,crossed,1,0,0
dmg-color-corner,damage,M,url,phone,zxingcpp,,never,,never,1,1,1
dmg-color-corner,damage,M,url,phone,any,,never,,never,1,1,1
dmg-color-corner,damage,Q,url,front,jsqr,,never,,never,1,1,1
dmg-color-corner,damage,Q,url,front,zxing,,never,,never,1,1,1
dmg-color-corner,damage,Q,url,front,zxingcpp,,never,,never,1,1,1
dmg-color-corner,damage,Q,url,front,any,,never,,never,1,1,1
dmg-color-corner,damage,Q,url,phone,jsqr,,never,,never,1,1,1
dmg-color-corner,damage,Q,url,phone,zxing,,never,,never,1,1,1
dmg-color-corner,damage,Q,url,phone,zxingcpp,,never,,never,1,1,1
dmg-color-corner,damage,Q,url,phone,any,,never,,never,1,1,1
dmg-color-corner,damage,H,url,front,jsqr,0,start,,never,0.5,0.5,0.5
dmg-color-corner,damage,H,url,front,zxing,0,start,,never,0.5,0.5,0.5
dmg-color-corner,damage,H,url,front,zxingcpp,,never,,never,1,1,1
dmg-color-corner,damage,H,url,front,any,,never,,never,1,1,1
dmg-color-corner,damage,H,url,phone,jsqr,,never,,never,1,1,1
dmg-color-corner,damage,H,url,phone,zxing,,never,,never,1,1,1
dmg-color-corner,damage,H,url,phone,zxingcpp,,never,,never,1,1,1
dmg-color-corner,damage,H,url,phone,any,,never,,never,1,1,1
dmg-color-center,damage,L,all,front,jsqr,0.71,crossed,0.75,crossed,1,0,0
dmg-color-center,damage,L,all,front,zxing,0.71,crossed,0.75,crossed,1,0,0
dmg-color-center,damage,L,all,front,zxingcpp,0.91,crossed,0.95,crossed,1,0,0
dmg-color-center,damage,L,all,front,any,0.91,crossed,0.95,crossed,1,0,0
dmg-color-center,damage,L,all,phone,jsqr,0.71,crossed,0.75,crossed,1,0,0
dmg-color-center,damage,L,all,phone,zxing,0.62,crossed,0.7,crossed,1,0,0
dmg-color-center,damage,L,all,phone,zxingcpp,0.72,crossed,0.8,crossed,1,0,0
dmg-color-center,damage,L,all,phone,any,0.72,crossed,0.8,crossed,1,0,0
dmg-color-center,damage,M,all,front,jsqr,0.92,crossed,,never,1,0.5,0.5
dmg-color-center,damage,M,all,front,zxing,0.91,crossed,0.95,crossed,1,0,0
dmg-color-center,damage,M,all,front,zxingcpp,0.91,crossed,0.95,crossed,1,0,0
dmg-color-center,damage,M,all,front,any,0.92,crossed,,never,1,0.5,0.5
dmg-color-center,damage,M,all,phone,jsqr,0.92,crossed,,never,1,0.5,0.5
dmg-color-center,damage,M,all,phone,zxing,0.91,crossed,0.95,crossed,1,0,0
dmg-color-center,damage,M,all,phone,zxingcpp,,never,,never,1,1,1
dmg-color-center,damage,M,all,phone,any,,never,,never,1,1,1
dmg-color-center,damage,Q,all,front,jsqr,,never,,never,1,1,1
dmg-color-center,damage,Q,all,front,zxing,,never,,never,1,1,1
dmg-color-center,damage,Q,all,front,zxingcpp,,never,,never,1,1,1
dmg-color-center,damage,Q,all,front,any,,never,,never,1,1,1
dmg-color-center,damage,Q,all,phone,jsqr,,never,,never,1,1,1
dmg-color-center,damage,Q,all,phone,zxing,,never,,never,1,1,1
dmg-color-center,damage,Q,all,phone,zxingcpp,,never,,never,1,1,1
dmg-color-center,damage,Q,all,phone,any,,never,,never,1,1,1
dmg-color-center,damage,H,all,front,jsqr,0,start,,never,0.5,0.5,0.5
dmg-color-center,damage,H,all,front,zxing,0,start,,never,0.5,0.5,0.5
dmg-color-center,damage,H,all,front,zxingcpp,,never,,never,1,1,1
dmg-color-center,damage,H,all,front,any,,never,,never,1,1,1
dmg-color-center,damage,H,all,phone,jsqr,,never,,never,1,1,1
dmg-color-center,damage,H,all,phone,zxing,,never,,never,1,1,1
dmg-color-center,damage,H,all,phone,zxingcpp,,never,,never,1,1,1
dmg-color-center,damage,H,all,phone,any,,never,,never,1,1,1
dmg-color-center,damage,L,url,front,jsqr,0.71,crossed,0.75,crossed,1,0,0
dmg-color-center,damage,L,url,front,zxing,0.71,crossed,0.75,crossed,1,0,0
dmg-color-center,damage,L,url,front,zxingcpp,0.91,crossed,0.95,crossed,1,0,0
dmg-color-center,damage,L,url,front,any,0.91,crossed,0.95,crossed,1,0,0
dmg-color-center,damage,L,url,phone,jsqr,0.71,crossed,0.75,crossed,1,0,0
dmg-color-center,damage,L,url,phone,zxing,0.62,crossed,0.7,crossed,1,0,0
dmg-color-center,damage,L,url,phone,zxingcpp,0.72,crossed,0.8,crossed,1,0,0
dmg-color-center,damage,L,url,phone,any,0.72,crossed,0.8,crossed,1,0,0
dmg-color-center,damage,M,url,front,jsqr,0.92,crossed,,never,1,0.5,0.5
dmg-color-center,damage,M,url,front,zxing,0.91,crossed,0.95,crossed,1,0,0
dmg-color-center,damage,M,url,front,zxingcpp,0.91,crossed,0.95,crossed,1,0,0
dmg-color-center,damage,M,url,front,any,0.92,crossed,,never,1,0.5,0.5
dmg-color-center,damage,M,url,phone,jsqr,0.92,crossed,,never,1,0.5,0.5
dmg-color-center,damage,M,url,phone,zxing,0.91,crossed,0.95,crossed,1,0,0
dmg-color-center,damage,M,url,phone,zxingcpp,,never,,never,1,1,1
dmg-color-center,damage,M,url,phone,any,,never,,never,1,1,1
dmg-color-center,damage,Q,url,front,jsqr,,never,,never,1,1,1
dmg-color-center,damage,Q,url,front,zxing,,never,,never,1,1,1
dmg-color-center,damage,Q,url,front,zxingcpp,,never,,never,1,1,1
dmg-color-center,damage,Q,url,front,any,,never,,never,1,1,1
dmg-color-center,damage,Q,url,phone,jsqr,,never,,never,1,1,1
dmg-color-center,damage,Q,url,phone,zxing,,never,,never,1,1,1
dmg-color-center,damage,Q,url,phone,zxingcpp,,never,,never,1,1,1
dmg-color-center,damage,Q,url,phone,any,,never,,never,1,1,1
dmg-color-center,damage,H,url,front,jsqr,0,start,,never,0.5,0.5,0.5
dmg-color-center,damage,H,url,front,zxing,0,start,,never,0.5,0.5,0.5
dmg-color-center,damage,H,url,front,zxingcpp,,never,,never,1,1,1
dmg-color-center,damage,H,url,front,any,,never,,never,1,1,1
dmg-color-center,damage,H,url,phone,jsqr,,never,,never,1,1,1
dmg-color-center,damage,H,url,phone,zxing,,never,,never,1,1,1
dmg-color-center,damage,H,url,phone,zxingcpp,,never,,never,1,1,1
dmg-color-center,damage,H,url,phone,any,,never,,never,1,1,1
dmg-color-finder,damage,L,all,front,jsqr,0.91,crossed,0.95,crossed,1,0,0
dmg-color-finder,damage,L,all,front,zxing,,never,,never,1,1,1
dmg-color-finder,damage,L,all,front,zxingcpp,,never,,never,1,1,1
dmg-color-finder,damage,L,all,front,any,,never,,never,1,1,1
dmg-color-finder,damage,L,all,phone,jsqr,0.81,crossed,0.85,crossed,1,0,0
dmg-color-finder,damage,L,all,phone,zxing,0.71,crossed,0.75,crossed,1,0,0
dmg-color-finder,damage,L,all,phone,zxingcpp,0.82,crossed,0.9,crossed,1,0,0
dmg-color-finder,damage,L,all,phone,any,0.82,crossed,0.9,crossed,1,0,0
dmg-color-finder,damage,M,all,front,jsqr,0.81,crossed,0.85,crossed,1,0,0
dmg-color-finder,damage,M,all,front,zxing,0.81,crossed,0.85,crossed,1,0,0
dmg-color-finder,damage,M,all,front,zxingcpp,0.82,crossed,0.9,crossed,1,0,0
dmg-color-finder,damage,M,all,front,any,0.82,crossed,0.9,crossed,1,0,0
dmg-color-finder,damage,M,all,phone,jsqr,0.62,crossed,0.7,crossed,1,0,0
dmg-color-finder,damage,M,all,phone,zxing,0.81,crossed,0.85,crossed,1,0,0
dmg-color-finder,damage,M,all,phone,zxingcpp,0.81,crossed,0.85,crossed,1,0,0
dmg-color-finder,damage,M,all,phone,any,0.81,crossed,0.85,crossed,1,0,0
dmg-color-finder,damage,Q,all,front,jsqr,0.82,crossed,0.9,crossed,1,0,0
dmg-color-finder,damage,Q,all,front,zxing,0.81,crossed,0.85,crossed,1,0,0
dmg-color-finder,damage,Q,all,front,zxingcpp,,never,,never,1,1,1
dmg-color-finder,damage,Q,all,front,any,,never,,never,1,1,1
dmg-color-finder,damage,Q,all,phone,jsqr,0.72,crossed,0.8,crossed,1,0,0
dmg-color-finder,damage,Q,all,phone,zxing,0.81,crossed,0.85,crossed,1,0,0
dmg-color-finder,damage,Q,all,phone,zxingcpp,0.81,crossed,0.85,crossed,1,0,0
dmg-color-finder,damage,Q,all,phone,any,0.81,crossed,0.85,crossed,1,0,0
dmg-color-finder,damage,H,all,front,jsqr,0,start,,never,0.5,1,0.5
dmg-color-finder,damage,H,all,front,zxing,0,start,,never,0.5,0.5,0.5
dmg-color-finder,damage,H,all,front,zxingcpp,0.81,crossed,0.85,crossed,1,0,0
dmg-color-finder,damage,H,all,front,any,,never,,never,1,1,1
dmg-color-finder,damage,H,all,phone,jsqr,0.82,crossed,0.9,crossed,1,0,0
dmg-color-finder,damage,H,all,phone,zxing,0.72,crossed,0.8,crossed,1,0,0
dmg-color-finder,damage,H,all,phone,zxingcpp,0.81,crossed,0.85,crossed,1,0,0
dmg-color-finder,damage,H,all,phone,any,0.82,crossed,0.9,crossed,1,0,0
dmg-color-finder,damage,L,url,front,jsqr,0.91,crossed,0.95,crossed,1,0,0
dmg-color-finder,damage,L,url,front,zxing,,never,,never,1,1,1
dmg-color-finder,damage,L,url,front,zxingcpp,,never,,never,1,1,1
dmg-color-finder,damage,L,url,front,any,,never,,never,1,1,1
dmg-color-finder,damage,L,url,phone,jsqr,0.81,crossed,0.85,crossed,1,0,0
dmg-color-finder,damage,L,url,phone,zxing,0.71,crossed,0.75,crossed,1,0,0
dmg-color-finder,damage,L,url,phone,zxingcpp,0.82,crossed,0.9,crossed,1,0,0
dmg-color-finder,damage,L,url,phone,any,0.82,crossed,0.9,crossed,1,0,0
dmg-color-finder,damage,M,url,front,jsqr,0.81,crossed,0.85,crossed,1,0,0
dmg-color-finder,damage,M,url,front,zxing,0.81,crossed,0.85,crossed,1,0,0
dmg-color-finder,damage,M,url,front,zxingcpp,0.82,crossed,0.9,crossed,1,0,0
dmg-color-finder,damage,M,url,front,any,0.82,crossed,0.9,crossed,1,0,0
dmg-color-finder,damage,M,url,phone,jsqr,0.62,crossed,0.7,crossed,1,0,0
dmg-color-finder,damage,M,url,phone,zxing,0.81,crossed,0.85,crossed,1,0,0
dmg-color-finder,damage,M,url,phone,zxingcpp,0.81,crossed,0.85,crossed,1,0,0
dmg-color-finder,damage,M,url,phone,any,0.81,crossed,0.85,crossed,1,0,0
dmg-color-finder,damage,Q,url,front,jsqr,0.82,crossed,0.9,crossed,1,0,0
dmg-color-finder,damage,Q,url,front,zxing,0.81,crossed,0.85,crossed,1,0,0
dmg-color-finder,damage,Q,url,front,zxingcpp,,never,,never,1,1,1
dmg-color-finder,damage,Q,url,front,any,,never,,never,1,1,1
dmg-color-finder,damage,Q,url,phone,jsqr,0.72,crossed,0.8,crossed,1,0,0
dmg-color-finder,damage,Q,url,phone,zxing,0.81,crossed,0.85,crossed,1,0,0
dmg-color-finder,damage,Q,url,phone,zxingcpp,0.81,crossed,0.85,crossed,1,0,0
dmg-color-finder,damage,Q,url,phone,any,0.81,crossed,0.85,crossed,1,0,0
dmg-color-finder,damage,H,url,front,jsqr,0,start,,never,0.5,1,0.5
dmg-color-finder,damage,H,url,front,zxing,0,start,,never,0.5,0.5,0.5
dmg-color-finder,damage,H,url,front,zxingcpp,0.81,crossed,0.85,crossed,1,0,0
dmg-color-finder,damage,H,url,front,any,,never,,never,1,1,1
dmg-color-finder,damage,H,url,phone,jsqr,0.82,crossed,0.9,crossed,1,0,0
dmg-color-finder,damage,H,url,phone,zxing,0.72,crossed,0.8,crossed,1,0,0
dmg-color-finder,damage,H,url,phone,zxingcpp,0.81,crossed,0.85,crossed,1,0,0
dmg-color-finder,damage,H,url,phone,any,0.82,crossed,0.9,crossed,1,0,0
dmg-color-edge,damage,L,all,front,jsqr,0.72,crossed,0.8,crossed,1,0,0
dmg-color-edge,damage,L,all,front,zxing,0.81,crossed,0.85,crossed,1,0,0
dmg-color-edge,damage,L,all,front,zxingcpp,,never,,never,1,1,1
dmg-color-edge,damage,L,all,front,any,,never,,never,1,1,1
dmg-color-edge,damage,L,all,phone,jsqr,0.81,crossed,0.85,crossed,1,0,0
dmg-color-edge,damage,L,all,phone,zxing,0.81,crossed,0.85,crossed,1,0,0
dmg-color-edge,damage,L,all,phone,zxingcpp,0.81,crossed,0.85,crossed,1,0,0
dmg-color-edge,damage,L,all,phone,any,0.81,crossed,0.85,crossed,1,0,0
dmg-color-edge,damage,M,all,front,jsqr,0.51,crossed,0.55,crossed,1,0,0
dmg-color-edge,damage,M,all,front,zxing,0.51,crossed,0.55,crossed,1,0,0
dmg-color-edge,damage,M,all,front,zxingcpp,0.82,crossed,,never,1,1,0.5
dmg-color-edge,damage,M,all,front,any,0.82,crossed,,never,1,1,0.5
dmg-color-edge,damage,M,all,phone,jsqr,0.81,crossed,0.85,crossed,1,0,0
dmg-color-edge,damage,M,all,phone,zxing,0.62,crossed,0.7,crossed,1,0,0
dmg-color-edge,damage,M,all,phone,zxingcpp,0.72,crossed,0.8,crossed,1,0,0
dmg-color-edge,damage,M,all,phone,any,0.81,crossed,0.85,crossed,1,0,0
dmg-color-edge,damage,Q,all,front,jsqr,0.82,crossed,0.9,crossed,1,0,0
dmg-color-edge,damage,Q,all,front,zxing,0.51,crossed,0.55,crossed,1,0,0
dmg-color-edge,damage,Q,all,front,zxingcpp,0.82,crossed,,never,1,1,0.5
dmg-color-edge,damage,Q,all,front,any,0.82,crossed,,never,1,1,0.5
dmg-color-edge,damage,Q,all,phone,jsqr,0.82,crossed,0.9,crossed,1,0,0
dmg-color-edge,damage,Q,all,phone,zxing,0.52,crossed,0.6,crossed,1,0,0
dmg-color-edge,damage,Q,all,phone,zxingcpp,0.81,crossed,0.85,crossed,1,0,0
dmg-color-edge,damage,Q,all,phone,any,0.82,crossed,0.9,crossed,1,0,0
dmg-color-edge,damage,H,all,front,jsqr,0,start,0.95,crossed,0.5,0,0
dmg-color-edge,damage,H,all,front,zxing,0,start,0.95,crossed,0.5,0,0
dmg-color-edge,damage,H,all,front,zxingcpp,0.81,crossed,0.85,crossed,1,0,0
dmg-color-edge,damage,H,all,front,any,0.91,crossed,0.95,crossed,1,0,0
dmg-color-edge,damage,H,all,phone,jsqr,0.72,crossed,0.8,crossed,1,0,0
dmg-color-edge,damage,H,all,phone,zxing,0.61,crossed,0.65,crossed,1,0,0
dmg-color-edge,damage,H,all,phone,zxingcpp,0.91,crossed,0.95,crossed,1,0,0
dmg-color-edge,damage,H,all,phone,any,0.91,crossed,0.95,crossed,1,0,0
dmg-color-edge,damage,L,url,front,jsqr,0.72,crossed,0.8,crossed,1,0,0
dmg-color-edge,damage,L,url,front,zxing,0.81,crossed,0.85,crossed,1,0,0
dmg-color-edge,damage,L,url,front,zxingcpp,,never,,never,1,1,1
dmg-color-edge,damage,L,url,front,any,,never,,never,1,1,1
dmg-color-edge,damage,L,url,phone,jsqr,0.81,crossed,0.85,crossed,1,0,0
dmg-color-edge,damage,L,url,phone,zxing,0.81,crossed,0.85,crossed,1,0,0
dmg-color-edge,damage,L,url,phone,zxingcpp,0.81,crossed,0.85,crossed,1,0,0
dmg-color-edge,damage,L,url,phone,any,0.81,crossed,0.85,crossed,1,0,0
dmg-color-edge,damage,M,url,front,jsqr,0.51,crossed,0.55,crossed,1,0,0
dmg-color-edge,damage,M,url,front,zxing,0.51,crossed,0.55,crossed,1,0,0
dmg-color-edge,damage,M,url,front,zxingcpp,0.82,crossed,,never,1,1,0.5
dmg-color-edge,damage,M,url,front,any,0.82,crossed,,never,1,1,0.5
dmg-color-edge,damage,M,url,phone,jsqr,0.81,crossed,0.85,crossed,1,0,0
dmg-color-edge,damage,M,url,phone,zxing,0.62,crossed,0.7,crossed,1,0,0
dmg-color-edge,damage,M,url,phone,zxingcpp,0.72,crossed,0.8,crossed,1,0,0
dmg-color-edge,damage,M,url,phone,any,0.81,crossed,0.85,crossed,1,0,0
dmg-color-edge,damage,Q,url,front,jsqr,0.82,crossed,0.9,crossed,1,0,0
dmg-color-edge,damage,Q,url,front,zxing,0.51,crossed,0.55,crossed,1,0,0
dmg-color-edge,damage,Q,url,front,zxingcpp,0.82,crossed,,never,1,1,0.5
dmg-color-edge,damage,Q,url,front,any,0.82,crossed,,never,1,1,0.5
dmg-color-edge,damage,Q,url,phone,jsqr,0.82,crossed,0.9,crossed,1,0,0
dmg-color-edge,damage,Q,url,phone,zxing,0.52,crossed,0.6,crossed,1,0,0
dmg-color-edge,damage,Q,url,phone,zxingcpp,0.81,crossed,0.85,crossed,1,0,0
dmg-color-edge,damage,Q,url,phone,any,0.82,crossed,0.9,crossed,1,0,0
dmg-color-edge,damage,H,url,front,jsqr,0,start,0.95,crossed,0.5,0,0
dmg-color-edge,damage,H,url,front,zxing,0,start,0.95,crossed,0.5,0,0
dmg-color-edge,damage,H,url,front,zxingcpp,0.81,crossed,0.85,crossed,1,0,0
dmg-color-edge,damage,H,url,front,any,0.91,crossed,0.95,crossed,1,0,0
dmg-color-edge,damage,H,url,phone,jsqr,0.72,crossed,0.8,crossed,1,0,0
dmg-color-edge,damage,H,url,phone,zxing,0.61,crossed,0.65,crossed,1,0,0
dmg-color-edge,damage,H,url,phone,zxingcpp,0.91,crossed,0.95,crossed,1,0,0
dmg-color-edge,damage,H,url,phone,any,0.91,crossed,0.95,crossed,1,0,0
dmg-curve-all,damage,L,all,front,jsqr,0.21,crossed,0.25,crossed,1,0,0
dmg-curve-all,damage,L,all,front,zxing,0.21,crossed,0.25,crossed,1,0,0
dmg-curve-all,damage,L,all,front,zxingcpp,0.22,crossed,0.3,crossed,1,0,0
dmg-curve-all,damage,L,all,front,any,0.22,crossed,0.3,crossed,1,0,0
dmg-curve-all,damage,L,all,phone,jsqr,0.21,crossed,0.25,crossed,1,0,0
dmg-curve-all,damage,L,all,phone,zxing,0.21,crossed,0.25,crossed,1,0,0
dmg-curve-all,damage,L,all,phone,zxingcpp,0.21,crossed,0.25,crossed,1,0,0
dmg-curve-all,damage,L,all,phone,any,0.21,crossed,0.25,crossed,1,0,0
dmg-curve-all,damage,M,all,front,jsqr,0.21,crossed,0.25,crossed,1,0,0
dmg-curve-all,damage,M,all,front,zxing,0.21,crossed,0.25,crossed,1,0,0
dmg-curve-all,damage,M,all,front,zxingcpp,0.31,crossed,0.35,crossed,1,0,0
dmg-curve-all,damage,M,all,front,any,0.31,crossed,0.35,crossed,1,0,0
dmg-curve-all,damage,M,all,phone,jsqr,0.31,crossed,0.35,crossed,1,0,0
dmg-curve-all,damage,M,all,phone,zxing,0.22,crossed,0.3,crossed,1,0,0
dmg-curve-all,damage,M,all,phone,zxingcpp,0.31,crossed,0.35,crossed,1,0,0
dmg-curve-all,damage,M,all,phone,any,0.31,crossed,0.35,crossed,1,0,0
dmg-curve-all,damage,Q,all,front,jsqr,0.22,crossed,0.3,crossed,1,0,0
dmg-curve-all,damage,Q,all,front,zxing,0.21,crossed,0.25,crossed,1,0,0
dmg-curve-all,damage,Q,all,front,zxingcpp,0.31,crossed,0.35,crossed,1,0,0
dmg-curve-all,damage,Q,all,front,any,0.31,crossed,0.35,crossed,1,0,0
dmg-curve-all,damage,Q,all,phone,jsqr,0.31,crossed,0.35,crossed,1,0,0
dmg-curve-all,damage,Q,all,phone,zxing,0.22,crossed,0.3,crossed,1,0,0
dmg-curve-all,damage,Q,all,phone,zxingcpp,0.31,crossed,0.35,crossed,1,0,0
dmg-curve-all,damage,Q,all,phone,any,0.31,crossed,0.35,crossed,1,0,0
dmg-curve-all,damage,H,all,front,jsqr,0,start,0.35,crossed,0.5,0,0
dmg-curve-all,damage,H,all,front,zxing,0,start,0.25,crossed,0.5,0,0
dmg-curve-all,damage,H,all,front,zxingcpp,0.31,crossed,0.35,crossed,1,0,0
dmg-curve-all,damage,H,all,front,any,0.31,crossed,0.35,crossed,1,0,0
dmg-curve-all,damage,H,all,phone,jsqr,0.31,crossed,0.35,crossed,1,0,0
dmg-curve-all,damage,H,all,phone,zxing,0.21,crossed,0.25,crossed,1,0,0
dmg-curve-all,damage,H,all,phone,zxingcpp,0.31,crossed,0.35,crossed,1,0,0
dmg-curve-all,damage,H,all,phone,any,0.31,crossed,0.35,crossed,1,0,0
dmg-curve-all,damage,L,url,front,jsqr,0.21,crossed,0.25,crossed,1,0,0
dmg-curve-all,damage,L,url,front,zxing,0.21,crossed,0.25,crossed,1,0,0
dmg-curve-all,damage,L,url,front,zxingcpp,0.22,crossed,0.3,crossed,1,0,0
dmg-curve-all,damage,L,url,front,any,0.22,crossed,0.3,crossed,1,0,0
dmg-curve-all,damage,L,url,phone,jsqr,0.21,crossed,0.25,crossed,1,0,0
dmg-curve-all,damage,L,url,phone,zxing,0.21,crossed,0.25,crossed,1,0,0
dmg-curve-all,damage,L,url,phone,zxingcpp,0.21,crossed,0.25,crossed,1,0,0
dmg-curve-all,damage,L,url,phone,any,0.21,crossed,0.25,crossed,1,0,0
dmg-curve-all,damage,M,url,front,jsqr,0.21,crossed,0.25,crossed,1,0,0
dmg-curve-all,damage,M,url,front,zxing,0.21,crossed,0.25,crossed,1,0,0
dmg-curve-all,damage,M,url,front,zxingcpp,0.31,crossed,0.35,crossed,1,0,0
dmg-curve-all,damage,M,url,front,any,0.31,crossed,0.35,crossed,1,0,0
dmg-curve-all,damage,M,url,phone,jsqr,0.31,crossed,0.35,crossed,1,0,0
dmg-curve-all,damage,M,url,phone,zxing,0.22,crossed,0.3,crossed,1,0,0
dmg-curve-all,damage,M,url,phone,zxingcpp,0.31,crossed,0.35,crossed,1,0,0
dmg-curve-all,damage,M,url,phone,any,0.31,crossed,0.35,crossed,1,0,0
dmg-curve-all,damage,Q,url,front,jsqr,0.22,crossed,0.3,crossed,1,0,0
dmg-curve-all,damage,Q,url,front,zxing,0.21,crossed,0.25,crossed,1,0,0
dmg-curve-all,damage,Q,url,front,zxingcpp,0.31,crossed,0.35,crossed,1,0,0
dmg-curve-all,damage,Q,url,front,any,0.31,crossed,0.35,crossed,1,0,0
dmg-curve-all,damage,Q,url,phone,jsqr,0.31,crossed,0.35,crossed,1,0,0
dmg-curve-all,damage,Q,url,phone,zxing,0.22,crossed,0.3,crossed,1,0,0
dmg-curve-all,damage,Q,url,phone,zxingcpp,0.31,crossed,0.35,crossed,1,0,0
dmg-curve-all,damage,Q,url,phone,any,0.31,crossed,0.35,crossed,1,0,0
dmg-curve-all,damage,H,url,front,jsqr,0,start,0.35,crossed,0.5,0,0
dmg-curve-all,damage,H,url,front,zxing,0,start,0.25,crossed,0.5,0,0
dmg-curve-all,damage,H,url,front,zxingcpp,0.31,crossed,0.35,crossed,1,0,0
dmg-curve-all,damage,H,url,front,any,0.31,crossed,0.35,crossed,1,0,0
dmg-curve-all,damage,H,url,phone,jsqr,0.31,crossed,0.35,crossed,1,0,0
dmg-curve-all,damage,H,url,phone,zxing,0.21,crossed,0.25,crossed,1,0,0
dmg-curve-all,damage,H,url,phone,zxingcpp,0.31,crossed,0.35,crossed,1,0,0
dmg-curve-all,damage,H,url,phone,any,0.31,crossed,0.35,crossed,1,0,0
dmg-tilt-all,damage,L,all,front,jsqr,0.81,crossed,0.85,crossed,1,0,0
dmg-tilt-all,damage,L,all,front,zxing,0.22,crossed,0.45,crossed,1,0,0
dmg-tilt-all,damage,L,all,front,zxingcpp,0.91,crossed,0.95,crossed,1,0,0
dmg-tilt-all,damage,L,all,front,any,0.91,crossed,0.95,crossed,1,0,0
dmg-tilt-all,damage,L,all,phone,jsqr,0.61,crossed,0.65,crossed,1,0,0
dmg-tilt-all,damage,L,all,phone,zxing,0.21,crossed,0.25,crossed,1,0,0
dmg-tilt-all,damage,L,all,phone,zxingcpp,0.62,crossed,0.7,crossed,1,0,0
dmg-tilt-all,damage,L,all,phone,any,0.62,crossed,0.7,crossed,1,0,0
dmg-tilt-all,damage,M,all,front,jsqr,0.71,crossed,0.75,crossed,1,0,0
dmg-tilt-all,damage,M,all,front,zxing,0.21,crossed,0.25,crossed,1,0,0
dmg-tilt-all,damage,M,all,front,zxingcpp,0.91,crossed,0.95,crossed,1,0,0
dmg-tilt-all,damage,M,all,front,any,0.91,crossed,0.95,crossed,1,0,0
dmg-tilt-all,damage,M,all,phone,jsqr,0.71,crossed,0.75,crossed,1,0,0
dmg-tilt-all,damage,M,all,phone,zxing,0.21,crossed,0.25,crossed,1,0,0
dmg-tilt-all,damage,M,all,phone,zxingcpp,0.72,crossed,0.8,crossed,1,0,0
dmg-tilt-all,damage,M,all,phone,any,0.72,crossed,0.8,crossed,1,0,0
dmg-tilt-all,damage,Q,all,front,jsqr,0.22,crossed,0.75,crossed,1,0,0
dmg-tilt-all,damage,Q,all,front,zxing,0.21,crossed,0.25,crossed,1,0,0
dmg-tilt-all,damage,Q,all,front,zxingcpp,0.91,crossed,0.95,crossed,1,0,0
dmg-tilt-all,damage,Q,all,front,any,0.91,crossed,0.95,crossed,1,0,0
dmg-tilt-all,damage,Q,all,phone,jsqr,0.71,crossed,0.75,crossed,1,0,0
dmg-tilt-all,damage,Q,all,phone,zxing,0.21,crossed,0.25,crossed,1,0,0
dmg-tilt-all,damage,Q,all,phone,zxingcpp,0.72,crossed,0.8,crossed,1,0,0
dmg-tilt-all,damage,Q,all,phone,any,0.72,crossed,0.8,crossed,1,0,0
dmg-tilt-all,damage,H,all,front,jsqr,0,start,0.75,crossed,0.5,0,0
dmg-tilt-all,damage,H,all,front,zxing,0,start,0.5,crossed,0.5,0,0
dmg-tilt-all,damage,H,all,front,zxingcpp,0.91,crossed,0.95,crossed,1,0,0
dmg-tilt-all,damage,H,all,front,any,0.91,crossed,0.95,crossed,1,0,0
dmg-tilt-all,damage,H,all,phone,jsqr,0.71,crossed,0.75,crossed,1,0,0
dmg-tilt-all,damage,H,all,phone,zxing,0.21,crossed,0.25,crossed,1,0,0
dmg-tilt-all,damage,H,all,phone,zxingcpp,0.71,crossed,0.75,crossed,1,0,0
dmg-tilt-all,damage,H,all,phone,any,0.71,crossed,0.75,crossed,1,0,0
dmg-tilt-all,damage,L,url,front,jsqr,0.81,crossed,0.85,crossed,1,0,0
dmg-tilt-all,damage,L,url,front,zxing,0.22,crossed,0.45,crossed,1,0,0
dmg-tilt-all,damage,L,url,front,zxingcpp,0.91,crossed,0.95,crossed,1,0,0
dmg-tilt-all,damage,L,url,front,any,0.91,crossed,0.95,crossed,1,0,0
dmg-tilt-all,damage,L,url,phone,jsqr,0.61,crossed,0.65,crossed,1,0,0
dmg-tilt-all,damage,L,url,phone,zxing,0.21,crossed,0.25,crossed,1,0,0
dmg-tilt-all,damage,L,url,phone,zxingcpp,0.62,crossed,0.7,crossed,1,0,0
dmg-tilt-all,damage,L,url,phone,any,0.62,crossed,0.7,crossed,1,0,0
dmg-tilt-all,damage,M,url,front,jsqr,0.71,crossed,0.75,crossed,1,0,0
dmg-tilt-all,damage,M,url,front,zxing,0.21,crossed,0.25,crossed,1,0,0
dmg-tilt-all,damage,M,url,front,zxingcpp,0.91,crossed,0.95,crossed,1,0,0
dmg-tilt-all,damage,M,url,front,any,0.91,crossed,0.95,crossed,1,0,0
dmg-tilt-all,damage,M,url,phone,jsqr,0.71,crossed,0.75,crossed,1,0,0
dmg-tilt-all,damage,M,url,phone,zxing,0.21,crossed,0.25,crossed,1,0,0
dmg-tilt-all,damage,M,url,phone,zxingcpp,0.72,crossed,0.8,crossed,1,0,0
dmg-tilt-all,damage,M,url,phone,any,0.72,crossed,0.8,crossed,1,0,0
dmg-tilt-all,damage,Q,url,front,jsqr,0.22,crossed,0.75,crossed,1,0,0
dmg-tilt-all,damage,Q,url,front,zxing,0.21,crossed,0.25,crossed,1,0,0
dmg-tilt-all,damage,Q,url,front,zxingcpp,0.91,crossed,0.95,crossed,1,0,0
dmg-tilt-all,damage,Q,url,front,any,0.91,crossed,0.95,crossed,1,0,0
dmg-tilt-all,damage,Q,url,phone,jsqr,0.71,crossed,0.75,crossed,1,0,0
dmg-tilt-all,damage,Q,url,phone,zxing,0.21,crossed,0.25,crossed,1,0,0
dmg-tilt-all,damage,Q,url,phone,zxingcpp,0.72,crossed,0.8,crossed,1,0,0
dmg-tilt-all,damage,Q,url,phone,any,0.72,crossed,0.8,crossed,1,0,0
dmg-tilt-all,damage,H,url,front,jsqr,0,start,0.75,crossed,0.5,0,0
dmg-tilt-all,damage,H,url,front,zxing,0,start,0.5,crossed,0.5,0,0
dmg-tilt-all,damage,H,url,front,zxingcpp,0.91,crossed,0.95,crossed,1,0,0
dmg-tilt-all,damage,H,url,front,any,0.91,crossed,0.95,crossed,1,0,0
dmg-tilt-all,damage,H,url,phone,jsqr,0.71,crossed,0.75,crossed,1,0,0
dmg-tilt-all,damage,H,url,phone,zxing,0.21,crossed,0.25,crossed,1,0,0
dmg-tilt-all,damage,H,url,phone,zxingcpp,0.71,crossed,0.75,crossed,1,0,0
dmg-tilt-all,damage,H,url,phone,any,0.71,crossed,0.75,crossed,1,0,0
dmg-time-all,damage,L,all,front,jsqr,0.01,crossed,0.05,crossed,1,0,0
dmg-time-all,damage,L,all,front,zxing,0.01,crossed,0.05,crossed,1,0,0
dmg-time-all,damage,L,all,front,zxingcpp,0.01,crossed,0.05,crossed,1,0,0
dmg-time-all,damage,L,all,front,any,0.01,crossed,0.05,crossed,1,0,0
dmg-time-all,damage,L,all,phone,jsqr,0.01,crossed,0.05,crossed,1,0,0
dmg-time-all,damage,L,all,phone,zxing,0.01,crossed,0.05,crossed,1,0,0
dmg-time-all,damage,L,all,phone,zxingcpp,0.01,crossed,0.05,crossed,1,0,0
dmg-time-all,damage,L,all,phone,any,0.01,crossed,0.05,crossed,1,0,0
dmg-time-all,damage,M,all,front,jsqr,0.01,crossed,0.05,crossed,1,0,0
dmg-time-all,damage,M,all,front,zxing,0.01,crossed,0.05,crossed,1,0,0
dmg-time-all,damage,M,all,front,zxingcpp,0.01,crossed,0.05,crossed,1,0,0
dmg-time-all,damage,M,all,front,any,0.01,crossed,0.05,crossed,1,0,0
dmg-time-all,damage,M,all,phone,jsqr,0.01,crossed,0.05,crossed,1,0,0
dmg-time-all,damage,M,all,phone,zxing,0.01,crossed,0.05,crossed,1,0,0
dmg-time-all,damage,M,all,phone,zxingcpp,0.01,crossed,0.05,crossed,1,0,0
dmg-time-all,damage,M,all,phone,any,0.01,crossed,0.05,crossed,1,0,0
dmg-time-all,damage,Q,all,front,jsqr,0.01,crossed,0.05,crossed,1,0,0
dmg-time-all,damage,Q,all,front,zxing,0.01,crossed,0.05,crossed,1,0,0
dmg-time-all,damage,Q,all,front,zxingcpp,0.01,crossed,0.05,crossed,1,0,0
dmg-time-all,damage,Q,all,front,any,0.01,crossed,0.05,crossed,1,0,0
dmg-time-all,damage,Q,all,phone,jsqr,0.01,crossed,0.05,crossed,1,0,0
dmg-time-all,damage,Q,all,phone,zxing,0.01,crossed,0.05,crossed,1,0,0
dmg-time-all,damage,Q,all,phone,zxingcpp,0.01,crossed,0.05,crossed,1,0,0
dmg-time-all,damage,Q,all,phone,any,0.01,crossed,0.05,crossed,1,0,0
dmg-time-all,damage,H,all,front,jsqr,0,start,0,crossed,0.5,0,0
dmg-time-all,damage,H,all,front,zxing,0,start,0,crossed,0.5,0,0
dmg-time-all,damage,H,all,front,zxingcpp,0.01,crossed,0.05,crossed,1,0,0
dmg-time-all,damage,H,all,front,any,0.01,crossed,0.05,crossed,1,0,0
dmg-time-all,damage,H,all,phone,jsqr,0.01,crossed,0.05,crossed,1,0,0
dmg-time-all,damage,H,all,phone,zxing,0.01,crossed,0.05,crossed,1,0,0
dmg-time-all,damage,H,all,phone,zxingcpp,0.01,crossed,0.05,crossed,1,0,0
dmg-time-all,damage,H,all,phone,any,0.01,crossed,0.05,crossed,1,0,0
dmg-time-all,damage,L,url,front,jsqr,0.01,crossed,0.05,crossed,1,0,0
dmg-time-all,damage,L,url,front,zxing,0.01,crossed,0.05,crossed,1,0,0
dmg-time-all,damage,L,url,front,zxingcpp,0.01,crossed,0.05,crossed,1,0,0
dmg-time-all,damage,L,url,front,any,0.01,crossed,0.05,crossed,1,0,0
dmg-time-all,damage,L,url,phone,jsqr,0.01,crossed,0.05,crossed,1,0,0
dmg-time-all,damage,L,url,phone,zxing,0.01,crossed,0.05,crossed,1,0,0
dmg-time-all,damage,L,url,phone,zxingcpp,0.01,crossed,0.05,crossed,1,0,0
dmg-time-all,damage,L,url,phone,any,0.01,crossed,0.05,crossed,1,0,0
dmg-time-all,damage,M,url,front,jsqr,0.01,crossed,0.05,crossed,1,0,0
dmg-time-all,damage,M,url,front,zxing,0.01,crossed,0.05,crossed,1,0,0
dmg-time-all,damage,M,url,front,zxingcpp,0.01,crossed,0.05,crossed,1,0,0
dmg-time-all,damage,M,url,front,any,0.01,crossed,0.05,crossed,1,0,0
dmg-time-all,damage,M,url,phone,jsqr,0.01,crossed,0.05,crossed,1,0,0
dmg-time-all,damage,M,url,phone,zxing,0.01,crossed,0.05,crossed,1,0,0
dmg-time-all,damage,M,url,phone,zxingcpp,0.01,crossed,0.05,crossed,1,0,0
dmg-time-all,damage,M,url,phone,any,0.01,crossed,0.05,crossed,1,0,0
dmg-time-all,damage,Q,url,front,jsqr,0.01,crossed,0.05,crossed,1,0,0
dmg-time-all,damage,Q,url,front,zxing,0.01,crossed,0.05,crossed,1,0,0
dmg-time-all,damage,Q,url,front,zxingcpp,0.01,crossed,0.05,crossed,1,0,0
dmg-time-all,damage,Q,url,front,any,0.01,crossed,0.05,crossed,1,0,0
dmg-time-all,damage,Q,url,phone,jsqr,0.01,crossed,0.05,crossed,1,0,0
dmg-time-all,damage,Q,url,phone,zxing,0.01,crossed,0.05,crossed,1,0,0
dmg-time-all,damage,Q,url,phone,zxingcpp,0.01,crossed,0.05,crossed,1,0,0
dmg-time-all,damage,Q,url,phone,any,0.01,crossed,0.05,crossed,1,0,0
dmg-time-all,damage,H,url,front,jsqr,0,start,0,crossed,0.5,0,0
dmg-time-all,damage,H,url,front,zxing,0,start,0,crossed,0.5,0,0
dmg-time-all,damage,H,url,front,zxingcpp,0.01,crossed,0.05,crossed,1,0,0
dmg-time-all,damage,H,url,front,any,0.01,crossed,0.05,crossed,1,0,0
dmg-time-all,damage,H,url,phone,jsqr,0.01,crossed,0.05,crossed,1,0,0
dmg-time-all,damage,H,url,phone,zxing,0.01,crossed,0.05,crossed,1,0,0
dmg-time-all,damage,H,url,phone,zxingcpp,0.01,crossed,0.05,crossed,1,0,0
dmg-time-all,damage,H,url,phone,any,0.01,crossed,0.05,crossed,1,0,0
dmg-time-clear,damage,L,all,front,jsqr,0.02,crossed,0.75,crossed,1,0,0
dmg-time-clear,damage,L,all,front,zxing,0.52,crossed,0.6,crossed,1,0,0
dmg-time-clear,damage,L,all,front,zxingcpp,0.52,crossed,0.6,crossed,1,0,0
dmg-time-clear,damage,L,all,front,any,0.71,crossed,0.75,crossed,1,0,0
dmg-time-clear,damage,L,all,phone,jsqr,0.61,crossed,0.65,crossed,1,0,0
dmg-time-clear,damage,L,all,phone,zxing,0.42,crossed,0.5,crossed,1,0,0
dmg-time-clear,damage,L,all,phone,zxingcpp,0.42,crossed,0.5,crossed,1,0,0
dmg-time-clear,damage,L,all,phone,any,0.61,crossed,0.65,crossed,1,0,0
dmg-time-clear,damage,M,all,front,jsqr,0.61,crossed,0.65,crossed,1,0,0
dmg-time-clear,damage,M,all,front,zxing,0.51,crossed,0.55,crossed,1,0,0
dmg-time-clear,damage,M,all,front,zxingcpp,0.61,crossed,0.65,crossed,1,0,0
dmg-time-clear,damage,M,all,front,any,0.61,crossed,0.65,crossed,1,0,0
dmg-time-clear,damage,M,all,phone,jsqr,0.71,crossed,0.75,crossed,1,0,0
dmg-time-clear,damage,M,all,phone,zxing,0.42,crossed,0.5,crossed,1,0,0
dmg-time-clear,damage,M,all,phone,zxingcpp,0.52,crossed,0.6,crossed,1,0,0
dmg-time-clear,damage,M,all,phone,any,0.71,crossed,0.75,crossed,1,0,0
dmg-time-clear,damage,Q,all,front,jsqr,0.71,crossed,0.75,crossed,1,0,0
dmg-time-clear,damage,Q,all,front,zxing,0.51,crossed,0.55,crossed,1,0,0
dmg-time-clear,damage,Q,all,front,zxingcpp,0.61,crossed,0.65,crossed,1,0,0
dmg-time-clear,damage,Q,all,front,any,0.71,crossed,0.75,crossed,1,0,0
dmg-time-clear,damage,Q,all,phone,jsqr,0.71,crossed,0.75,crossed,1,0,0
dmg-time-clear,damage,Q,all,phone,zxing,0.51,crossed,0.55,crossed,1,0,0
dmg-time-clear,damage,Q,all,phone,zxingcpp,0.61,crossed,0.65,crossed,1,0,0
dmg-time-clear,damage,Q,all,phone,any,0.71,crossed,0.75,crossed,1,0,0
dmg-time-clear,damage,H,all,front,jsqr,0,start,0.85,crossed,0.5,0,0
dmg-time-clear,damage,H,all,front,zxing,0,start,0.7,crossed,0.5,0,0
dmg-time-clear,damage,H,all,front,zxingcpp,0.71,crossed,0.75,crossed,1,0,0
dmg-time-clear,damage,H,all,front,any,0.81,crossed,0.85,crossed,1,0,0
dmg-time-clear,damage,H,all,phone,jsqr,0.22,crossed,0.8,crossed,1,0,0
dmg-time-clear,damage,H,all,phone,zxing,0.22,crossed,0.75,crossed,1,0,0
dmg-time-clear,damage,H,all,phone,zxingcpp,0.61,crossed,0.65,crossed,1,0,0
dmg-time-clear,damage,H,all,phone,any,0.72,crossed,0.8,crossed,1,0,0
dmg-time-clear,damage,L,url,front,jsqr,0.02,crossed,0.75,crossed,1,0,0
dmg-time-clear,damage,L,url,front,zxing,0.52,crossed,0.6,crossed,1,0,0
dmg-time-clear,damage,L,url,front,zxingcpp,0.52,crossed,0.6,crossed,1,0,0
dmg-time-clear,damage,L,url,front,any,0.71,crossed,0.75,crossed,1,0,0
dmg-time-clear,damage,L,url,phone,jsqr,0.61,crossed,0.65,crossed,1,0,0
dmg-time-clear,damage,L,url,phone,zxing,0.42,crossed,0.5,crossed,1,0,0
dmg-time-clear,damage,L,url,phone,zxingcpp,0.42,crossed,0.5,crossed,1,0,0
dmg-time-clear,damage,L,url,phone,any,0.61,crossed,0.65,crossed,1,0,0
dmg-time-clear,damage,M,url,front,jsqr,0.61,crossed,0.65,crossed,1,0,0
dmg-time-clear,damage,M,url,front,zxing,0.51,crossed,0.55,crossed,1,0,0
dmg-time-clear,damage,M,url,front,zxingcpp,0.61,crossed,0.65,crossed,1,0,0
dmg-time-clear,damage,M,url,front,any,0.61,crossed,0.65,crossed,1,0,0
dmg-time-clear,damage,M,url,phone,jsqr,0.71,crossed,0.75,crossed,1,0,0
dmg-time-clear,damage,M,url,phone,zxing,0.42,crossed,0.5,crossed,1,0,0
dmg-time-clear,damage,M,url,phone,zxingcpp,0.52,crossed,0.6,crossed,1,0,0
dmg-time-clear,damage,M,url,phone,any,0.71,crossed,0.75,crossed,1,0,0
dmg-time-clear,damage,Q,url,front,jsqr,0.71,crossed,0.75,crossed,1,0,0
dmg-time-clear,damage,Q,url,front,zxing,0.51,crossed,0.55,crossed,1,0,0
dmg-time-clear,damage,Q,url,front,zxingcpp,0.61,crossed,0.65,crossed,1,0,0
dmg-time-clear,damage,Q,url,front,any,0.71,crossed,0.75,crossed,1,0,0
dmg-time-clear,damage,Q,url,phone,jsqr,0.71,crossed,0.75,crossed,1,0,0
dmg-time-clear,damage,Q,url,phone,zxing,0.51,crossed,0.55,crossed,1,0,0
dmg-time-clear,damage,Q,url,phone,zxingcpp,0.61,crossed,0.65,crossed,1,0,0
dmg-time-clear,damage,Q,url,phone,any,0.71,crossed,0.75,crossed,1,0,0
dmg-time-clear,damage,H,url,front,jsqr,0,start,0.85,crossed,0.5,0,0
dmg-time-clear,damage,H,url,front,zxing,0,start,0.7,crossed,0.5,0,0
dmg-time-clear,damage,H,url,front,zxingcpp,0.71,crossed,0.75,crossed,1,0,0
dmg-time-clear,damage,H,url,front,any,0.81,crossed,0.85,crossed,1,0,0
dmg-time-clear,damage,H,url,phone,jsqr,0.22,crossed,0.8,crossed,1,0,0
dmg-time-clear,damage,H,url,phone,zxing,0.22,crossed,0.75,crossed,1,0,0
dmg-time-clear,damage,H,url,phone,zxingcpp,0.61,crossed,0.65,crossed,1,0,0
dmg-time-clear,damage,H,url,phone,any,0.72,crossed,0.8,crossed,1,0,0
