source,style,ec,scheme,contrast,version,condition,group,jsqr,zxing,jsqr_ms,zxing_ms
reference,classic,L,bw,21.00,3,front,baseline,1,1,44,23
reference,classic,L,bw,21.00,3,tilt10,tilt,1,1,29,3
reference,classic,L,bw,21.00,3,tilt20,tilt,1,1,34,7
reference,classic,L,bw,21.00,3,tilt28,tilt,1,1,13,4
reference,classic,L,bw,21.00,3,tilt35,tilt,1,1,13,3
reference,classic,L,bw,21.00,3,mod2,size,1,0,4,1
reference,classic,L,bw,21.00,3,mod3,size,1,1,3,1
reference,classic,L,bw,21.00,3,mod4,size,1,1,5,1
reference,classic,L,bw,21.00,3,mod5,size,1,1,6,2
reference,classic,L,bw,21.00,3,mod6,size,1,1,9,3
reference,classic,L,bw,21.00,3,mod12,size,1,1,21,4
reference,classic,L,bw,21.00,3,blur10,blur,1,1,11,8
reference,classic,L,bw,21.00,3,blur20,blur,1,1,11,3
reference,classic,L,bw,21.00,3,blur35,blur,1,1,12,2
reference,classic,L,bw,21.00,3,jpeg60,jpeg,1,1,15,2
reference,classic,L,bw,21.00,3,jpeg30,jpeg,1,1,19,2
reference,classic,L,bw,21.00,3,jpeg15,jpeg,1,1,16,2
reference,classic,L,bw,21.00,3,light30,light,1,1,10,2
reference,classic,L,bw,21.00,3,light60,light,1,1,11,2
reference,classic,L,bw,21.00,3,persp,perspective,1,1,12,2
reference,classic,L,bw,21.00,3,phone,combined,1,1,10,1
reference,classic,L,bw,21.00,3,hard,combined,1,1,7,1
reference,classic,L,navy,13.28,3,front,baseline,1,1,10,2
reference,classic,L,navy,13.28,3,tilt10,tilt,1,1,11,2
reference,classic,L,navy,13.28,3,tilt20,tilt,1,1,11,2
reference,classic,L,navy,13.28,3,tilt28,tilt,1,1,11,2
reference,classic,L,navy,13.28,3,tilt35,tilt,1,1,11,2
reference,classic,L,navy,13.28,3,mod2,size,0,0,2,1
reference,classic,L,navy,13.28,3,mod3,size,1,1,2,1
reference,classic,L,navy,13.28,3,mod4,size,1,1,3,1
reference,classic,L,navy,13.28,3,mod5,size,1,1,5,2
reference,classic,L,navy,13.28,3,mod6,size,1,1,7,2
reference,classic,L,navy,13.28,3,mod12,size,1,1,20,4
reference,classic,L,navy,13.28,3,blur10,blur,1,1,10,2
reference,classic,L,navy,13.28,3,blur20,blur,1,1,11,2
reference,classic,L,navy,13.28,3,blur35,blur,1,1,13,2
reference,classic,L,navy,13.28,3,jpeg60,jpeg,1,1,18,2
reference,classic,L,navy,13.28,3,jpeg30,jpeg,1,1,19,2
reference,classic,L,navy,13.28,3,jpeg15,jpeg,1,1,15,2
reference,classic,L,navy,13.28,3,light30,light,1,1,10,2
reference,classic,L,navy,13.28,3,light60,light,1,1,11,2
reference,classic,L,navy,13.28,3,persp,perspective,1,1,13,2
reference,classic,L,navy,13.28,3,phone,combined,1,1,8,1
reference,classic,L,navy,13.28,3,hard,combined,1,1,8,1
reference,classic,L,red,6.14,3,front,baseline,1,1,10,2
reference,classic,L,red,6.14,3,tilt10,tilt,1,1,11,2
reference,classic,L,red,6.14,3,tilt20,tilt,1,1,14,2
reference,classic,L,red,6.14,3,tilt28,tilt,1,1,11,4
reference,classic,L,red,6.14,3,tilt35,tilt,1,1,11,2
reference,classic,L,red,6.14,3,mod2,size,1,0,2,1
reference,classic,L,red,6.14,3,mod3,size,1,1,3,1
reference,classic,L,red,6.14,3,mod4,size,1,1,4,1
reference,classic,L,red,6.14,3,mod5,size,1,1,6,1
reference,classic,L,red,6.14,3,mod6,size,1,1,8,1
reference,classic,L,red,6.14,3,mod12,size,1,1,20,4
reference,classic,L,red,6.14,3,blur10,blur,1,1,12,2
reference,classic,L,red,6.14,3,blur20,blur,1,1,11,2
reference,classic,L,red,6.14,3,blur35,blur,1,1,11,2
reference,classic,L,red,6.14,3,jpeg60,jpeg,1,1,22,3
reference,classic,L,red,6.14,3,jpeg30,jpeg,1,1,12,1
reference,classic,L,red,6.14,3,jpeg15,jpeg,1,1,17,2
reference,classic,L,red,6.14,3,light30,light,1,1,11,2
reference,classic,L,red,6.14,3,light60,light,1,1,11,2
reference,classic,L,red,6.14,3,persp,perspective,1,1,12,2
reference,classic,L,red,6.14,3,phone,combined,1,1,16,1
reference,classic,L,red,6.14,3,hard,combined,1,1,4,1
reference,classic,L,pastel,3.00,3,front,baseline,1,1,10,2
reference,classic,L,pastel,3.00,3,tilt10,tilt,1,1,11,2
reference,classic,L,pastel,3.00,3,tilt20,tilt,1,1,10,2
reference,classic,L,pastel,3.00,3,tilt28,tilt,1,1,11,2
reference,classic,L,pastel,3.00,3,tilt35,tilt,1,1,11,3
reference,classic,L,pastel,3.00,3,mod2,size,1,0,2,0
reference,classic,L,pastel,3.00,3,mod3,size,1,1,3,0
reference,classic,L,pastel,3.00,3,mod4,size,1,1,4,1
reference,classic,L,pastel,3.00,3,mod5,size,1,1,5,1
reference,classic,L,pastel,3.00,3,mod6,size,1,1,8,1
reference,classic,L,pastel,3.00,3,mod12,size,1,1,22,4
reference,classic,L,pastel,3.00,3,blur10,blur,1,1,11,2
reference,classic,L,pastel,3.00,3,blur20,blur,1,1,11,2
reference,classic,L,pastel,3.00,3,blur35,blur,0,0,12,2
reference,classic,L,pastel,3.00,3,jpeg60,jpeg,1,1,17,3
reference,classic,L,pastel,3.00,3,jpeg30,jpeg,1,1,16,3
reference,classic,L,pastel,3.00,3,jpeg15,jpeg,1,0,15,2
reference,classic,L,pastel,3.00,3,light30,light,1,1,11,2
reference,classic,L,pastel,3.00,3,light60,light,1,1,11,2
reference,classic,L,pastel,3.00,3,persp,perspective,1,1,13,2
reference,classic,L,pastel,3.00,3,phone,combined,1,0,9,1
reference,classic,L,pastel,3.00,3,hard,combined,1,1,9,0
reference,classic,L,gray,3.95,3,front,baseline,1,1,11,2
reference,classic,L,gray,3.95,3,tilt10,tilt,1,1,11,3
reference,classic,L,gray,3.95,3,tilt20,tilt,1,1,11,2
reference,classic,L,gray,3.95,3,tilt28,tilt,1,1,11,2
reference,classic,L,gray,3.95,3,tilt35,tilt,1,1,11,2
reference,classic,L,gray,3.95,3,mod2,size,1,0,3,0
reference,classic,L,gray,3.95,3,mod3,size,1,1,2,1
reference,classic,L,gray,3.95,3,mod4,size,1,1,4,0
reference,classic,L,gray,3.95,3,mod5,size,1,1,5,1
reference,classic,L,gray,3.95,3,mod6,size,1,1,7,2
reference,classic,L,gray,3.95,3,mod12,size,1,1,21,3
reference,classic,L,gray,3.95,3,blur10,blur,1,1,11,2
reference,classic,L,gray,3.95,3,blur20,blur,1,1,12,2
reference,classic,L,gray,3.95,3,blur35,blur,1,1,11,2
reference,classic,L,gray,3.95,3,jpeg60,jpeg,1,1,23,2
reference,classic,L,gray,3.95,3,jpeg30,jpeg,1,1,12,2
reference,classic,L,gray,3.95,3,jpeg15,jpeg,1,1,14,2
reference,classic,L,gray,3.95,3,light30,light,1,1,11,2
reference,classic,L,gray,3.95,3,light60,light,1,1,11,2
reference,classic,L,gray,3.95,3,persp,perspective,1,1,12,2
reference,classic,L,gray,3.95,3,phone,combined,1,1,15,1
reference,classic,L,gray,3.95,3,hard,combined,1,1,5,1
reference,classic,L,inverted,21.00,3,front,baseline,0,0,11,2
reference,classic,L,inverted,21.00,3,tilt10,tilt,0,0,10,2
reference,classic,L,inverted,21.00,3,tilt20,tilt,0,0,12,2
reference,classic,L,inverted,21.00,3,tilt28,tilt,0,0,11,2
reference,classic,L,inverted,21.00,3,tilt35,tilt,0,0,12,2
reference,classic,L,inverted,21.00,3,mod2,size,0,0,1,0
reference,classic,L,inverted,21.00,3,mod3,size,0,0,3,0
reference,classic,L,inverted,21.00,3,mod4,size,0,0,3,1
reference,classic,L,inverted,21.00,3,mod5,size,0,0,5,1
reference,classic,L,inverted,21.00,3,mod6,size,0,0,6,2
reference,classic,L,inverted,21.00,3,mod12,size,0,0,21,4
reference,classic,L,inverted,21.00,3,blur10,blur,0,0,10,2
reference,classic,L,inverted,21.00,3,blur20,blur,0,0,11,2
reference,classic,L,inverted,21.00,3,blur35,blur,0,0,12,2
reference,classic,L,inverted,21.00,3,jpeg60,jpeg,0,0,25,2
reference,classic,L,inverted,21.00,3,jpeg30,jpeg,0,0,12,2
reference,classic,L,inverted,21.00,3,jpeg15,jpeg,0,0,13,3
reference,classic,L,inverted,21.00,3,light30,light,0,0,10,2
reference,classic,L,inverted,21.00,3,light60,light,0,0,10,2
reference,classic,L,inverted,21.00,3,persp,perspective,0,0,12,3
reference,classic,L,inverted,21.00,3,phone,combined,0,0,9,1
reference,classic,L,inverted,21.00,3,hard,combined,0,0,8,1
reference,classic,M,bw,21.00,4,front,baseline,1,1,15,4
reference,classic,M,bw,21.00,4,tilt10,tilt,1,1,16,3
reference,classic,M,bw,21.00,4,tilt20,tilt,1,1,16,3
reference,classic,M,bw,21.00,4,tilt28,tilt,1,1,16,2
reference,classic,M,bw,21.00,4,tilt35,tilt,1,1,16,3
reference,classic,M,bw,21.00,4,mod2,size,0,0,4,0
reference,classic,M,bw,21.00,4,mod3,size,1,1,3,1
reference,classic,M,bw,21.00,4,mod4,size,1,1,5,1
reference,classic,M,bw,21.00,4,mod5,size,1,1,9,1
reference,classic,M,bw,21.00,4,mod6,size,1,1,10,2
reference,classic,M,bw,21.00,4,mod12,size,1,1,32,5
reference,classic,M,bw,21.00,4,blur10,blur,1,1,19,3
reference,classic,M,bw,21.00,4,blur20,blur,1,0,15,3
reference,classic,M,bw,21.00,4,blur35,blur,1,0,15,7
reference,classic,M,bw,21.00,4,jpeg60,jpeg,1,1,22,2
reference,classic,M,bw,21.00,4,jpeg30,jpeg,1,1,40,5
reference,classic,M,bw,21.00,4,jpeg15,jpeg,1,1,22,3
reference,classic,M,bw,21.00,4,light30,light,1,1,15,2
reference,classic,M,bw,21.00,4,light60,light,1,1,15,3
reference,classic,M,bw,21.00,4,persp,perspective,1,1,17,2
reference,classic,M,bw,21.00,4,phone,combined,1,0,10,1
reference,classic,M,bw,21.00,4,hard,combined,1,1,12,1
reference,classic,M,navy,13.28,4,front,baseline,1,1,15,2
reference,classic,M,navy,13.28,4,tilt10,tilt,1,1,15,2
reference,classic,M,navy,13.28,4,tilt20,tilt,1,1,14,3
reference,classic,M,navy,13.28,4,tilt28,tilt,1,1,15,3
reference,classic,M,navy,13.28,4,tilt35,tilt,1,1,15,2
reference,classic,M,navy,13.28,4,mod2,size,0,0,4,0
reference,classic,M,navy,13.28,4,mod3,size,1,1,3,1
reference,classic,M,navy,13.28,4,mod4,size,1,1,5,1
reference,classic,M,navy,13.28,4,mod5,size,1,1,7,1
reference,classic,M,navy,13.28,4,mod6,size,1,1,10,1
reference,classic,M,navy,13.28,4,mod12,size,1,1,31,5
reference,classic,M,navy,13.28,4,blur10,blur,1,1,14,3
reference,classic,M,navy,13.28,4,blur20,blur,1,0,23,2
reference,classic,M,navy,13.28,4,blur35,blur,1,0,16,4
reference,classic,M,navy,13.28,4,jpeg60,jpeg,1,1,25,5
reference,classic,M,navy,13.28,4,jpeg30,jpeg,1,1,19,3
reference,classic,M,navy,13.28,4,jpeg15,jpeg,1,1,20,2
reference,classic,M,navy,13.28,4,light30,light,1,1,15,2
reference,classic,M,navy,13.28,4,light60,light,1,1,16,2
reference,classic,M,navy,13.28,4,persp,perspective,1,1,16,2
reference,classic,M,navy,13.28,4,phone,combined,1,0,10,2
reference,classic,M,navy,13.28,4,hard,combined,1,1,9,1
reference,classic,M,red,6.14,4,front,baseline,1,1,15,2
reference,classic,M,red,6.14,4,tilt10,tilt,1,1,15,2
reference,classic,M,red,6.14,4,tilt20,tilt,1,1,15,3
reference,classic,M,red,6.14,4,tilt28,tilt,1,1,15,3
reference,classic,M,red,6.14,4,tilt35,tilt,1,1,16,2
reference,classic,M,red,6.14,4,mod2,size,1,0,3,0
reference,classic,M,red,6.14,4,mod3,size,1,1,4,1
reference,classic,M,red,6.14,4,mod4,size,1,1,5,1
reference,classic,M,red,6.14,4,mod5,size,1,1,8,1
reference,classic,M,red,6.14,4,mod6,size,1,1,10,2
reference,classic,M,red,6.14,4,mod12,size,1,1,33,5
reference,classic,M,red,6.14,4,blur10,blur,1,1,15,3
reference,classic,M,red,6.14,4,blur20,blur,1,0,20,3
reference,classic,M,red,6.14,4,blur35,blur,1,0,16,7
reference,classic,M,red,6.14,4,jpeg60,jpeg,1,1,24,3
reference,classic,M,red,6.14,4,jpeg30,jpeg,1,1,16,2
reference,classic,M,red,6.14,4,jpeg15,jpeg,1,1,19,2
reference,classic,M,red,6.14,4,light30,light,1,1,15,2
reference,classic,M,red,6.14,4,light60,light,1,1,15,3
reference,classic,M,red,6.14,4,persp,perspective,1,1,17,3
reference,classic,M,red,6.14,4,phone,combined,1,0,19,1
reference,classic,M,red,6.14,4,hard,combined,1,1,12,2
reference,classic,M,pastel,3.00,4,front,baseline,1,1,16,3
reference,classic,M,pastel,3.00,4,tilt10,tilt,1,1,17,3
reference,classic,M,pastel,3.00,4,tilt20,tilt,1,1,15,3
reference,classic,M,pastel,3.00,4,tilt28,tilt,1,1,16,3
reference,classic,M,pastel,3.00,4,tilt35,tilt,1,1,16,3
reference,classic,M,pastel,3.00,4,mod2,size,1,0,4,0
reference,classic,M,pastel,3.00,4,mod3,size,1,1,4,1
reference,classic,M,pastel,3.00,4,mod4,size,1,1,5,1
reference,classic,M,pastel,3.00,4,mod5,size,1,1,8,1
reference,classic,M,pastel,3.00,4,mod6,size,1,1,10,1
reference,classic,M,pastel,3.00,4,mod12,size,0,0,31,6
reference,classic,M,pastel,3.00,4,blur10,blur,1,1,16,2
reference,classic,M,pastel,3.00,4,blur20,blur,1,1,15,2
reference,classic,M,pastel,3.00,4,blur35,blur,0,0,16,3
reference,classic,M,pastel,3.00,4,jpeg60,jpeg,1,1,30,3
reference,classic,M,pastel,3.00,4,jpeg30,jpeg,1,1,18,2
reference,classic,M,pastel,3.00,4,jpeg15,jpeg,1,1,22,2
reference,classic,M,pastel,3.00,4,light30,light,1,1,21,5
reference,classic,M,pastel,3.00,4,light60,light,1,1,15,2
reference,classic,M,pastel,3.00,4,persp,perspective,1,1,17,3
reference,classic,M,pastel,3.00,4,phone,combined,1,0,18,1
reference,classic,M,pastel,3.00,4,hard,combined,1,1,7,1
reference,classic,M,gray,3.95,4,front,baseline,1,1,14,3
reference,classic,M,gray,3.95,4,tilt10,tilt,1,1,16,2
reference,classic,M,gray,3.95,4,tilt20,tilt,1,1,14,3
reference,classic,M,gray,3.95,4,tilt28,tilt,1,1,15,3
reference,classic,M,gray,3.95,4,tilt35,tilt,1,1,15,2
reference,classic,M,gray,3.95,4,mod2,size,1,0,2,1
reference,classic,M,gray,3.95,4,mod3,size,1,1,3,1
reference,classic,M,gray,3.95,4,mod4,size,1,1,5,1
reference,classic,M,gray,3.95,4,mod5,size,1,1,8,1
reference,classic,M,gray,3.95,4,mod6,size,1,1,10,2
reference,classic,M,gray,3.95,4,mod12,size,1,1,31,5
reference,classic,M,gray,3.95,4,blur10,blur,1,1,14,3
reference,classic,M,gray,3.95,4,blur20,blur,1,0,15,3
reference,classic,M,gray,3.95,4,blur35,blur,1,0,15,4
reference,classic,M,gray,3.95,4,jpeg60,jpeg,1,1,30,3
reference,classic,M,gray,3.95,4,jpeg30,jpeg,1,1,27,5
reference,classic,M,gray,3.95,4,jpeg15,jpeg,1,1,20,2
reference,classic,M,gray,3.95,4,light30,light,1,1,15,2
reference,classic,M,gray,3.95,4,light60,light,1,1,15,3
reference,classic,M,gray,3.95,4,persp,perspective,1,1,16,2
reference,classic,M,gray,3.95,4,phone,combined,1,0,17,1
reference,classic,M,gray,3.95,4,hard,combined,1,1,6,1
reference,classic,M,inverted,21.00,4,front,baseline,0,0,16,3
reference,classic,M,inverted,21.00,4,tilt10,tilt,0,0,15,2
reference,classic,M,inverted,21.00,4,tilt20,tilt,0,0,16,2
reference,classic,M,inverted,21.00,4,tilt28,tilt,0,0,16,2
reference,classic,M,inverted,21.00,4,tilt35,tilt,0,0,16,3
reference,classic,M,inverted,21.00,4,mod2,size,0,0,3,0
reference,classic,M,inverted,21.00,4,mod3,size,0,0,3,1
reference,classic,M,inverted,21.00,4,mod4,size,0,0,6,0
reference,classic,M,inverted,21.00,4,mod5,size,0,0,8,1
reference,classic,M,inverted,21.00,4,mod6,size,0,0,10,2
reference,classic,M,inverted,21.00,4,mod12,size,0,0,31,5
reference,classic,M,inverted,21.00,4,blur10,blur,0,0,19,4
reference,classic,M,inverted,21.00,4,blur20,blur,0,0,16,3
reference,classic,M,inverted,21.00,4,blur35,blur,0,0,24,3
reference,classic,M,inverted,21.00,4,jpeg60,jpeg,0,0,33,2
reference,classic,M,inverted,21.00,4,jpeg30,jpeg,0,0,16,2
reference,classic,M,inverted,21.00,4,jpeg15,jpeg,0,0,18,3
reference,classic,M,inverted,21.00,4,light30,light,0,0,16,3
reference,classic,M,inverted,21.00,4,light60,light,0,0,15,3
reference,classic,M,inverted,21.00,4,persp,perspective,0,0,17,3
reference,classic,M,inverted,21.00,4,phone,combined,0,0,18,1
reference,classic,M,inverted,21.00,4,hard,combined,0,0,8,1
reference,classic,Q,bw,21.00,4,front,baseline,1,1,16,3
reference,classic,Q,bw,21.00,4,tilt10,tilt,1,1,16,2
reference,classic,Q,bw,21.00,4,tilt20,tilt,1,1,16,2
reference,classic,Q,bw,21.00,4,tilt28,tilt,1,1,16,3
reference,classic,Q,bw,21.00,4,tilt35,tilt,1,1,17,3
reference,classic,Q,bw,21.00,4,mod2,size,0,0,4,1
reference,classic,Q,bw,21.00,4,mod3,size,1,1,4,1
reference,classic,Q,bw,21.00,4,mod4,size,1,1,5,1
reference,classic,Q,bw,21.00,4,mod5,size,1,1,8,1
reference,classic,Q,bw,21.00,4,mod6,size,1,1,12,1
reference,classic,Q,bw,21.00,4,mod12,size,1,1,31,6
reference,classic,Q,bw,21.00,4,blur10,blur,1,1,17,3
reference,classic,Q,bw,21.00,4,blur20,blur,1,1,16,2
reference,classic,Q,bw,21.00,4,blur35,blur,1,1,19,4
reference,classic,Q,bw,21.00,4,jpeg60,jpeg,1,1,31,5
reference,classic,Q,bw,21.00,4,jpeg30,jpeg,1,1,18,3
reference,classic,Q,bw,21.00,4,jpeg15,jpeg,1,1,22,2
reference,classic,Q,bw,21.00,4,light30,light,1,1,17,3
reference,classic,Q,bw,21.00,4,light60,light,1,1,15,3
reference,classic,Q,bw,21.00,4,persp,perspective,1,1,17,3
reference,classic,Q,bw,21.00,4,phone,combined,1,1,18,1
reference,classic,Q,bw,21.00,4,hard,combined,1,1,8,1
reference,classic,Q,navy,13.28,4,front,baseline,1,1,17,2
reference,classic,Q,navy,13.28,4,tilt10,tilt,1,1,17,3
reference,classic,Q,navy,13.28,4,tilt20,tilt,1,1,15,3
reference,classic,Q,navy,13.28,4,tilt28,tilt,1,1,16,3
reference,classic,Q,navy,13.28,4,tilt35,tilt,1,1,17,2
reference,classic,Q,navy,13.28,4,mod2,size,0,0,4,0
reference,classic,Q,navy,13.28,4,mod3,size,1,1,4,0
reference,classic,Q,navy,13.28,4,mod4,size,1,1,6,1
reference,classic,Q,navy,13.28,4,mod5,size,1,1,8,1
reference,classic,Q,navy,13.28,4,mod6,size,1,1,11,1
reference,classic,Q,navy,13.28,4,mod12,size,1,1,31,5
reference,classic,Q,navy,13.28,4,blur10,blur,1,1,15,3
reference,classic,Q,navy,13.28,4,blur20,blur,1,1,15,3
reference,classic,Q,navy,13.28,4,blur35,blur,1,1,17,3
reference,classic,Q,navy,13.28,4,jpeg60,jpeg,1,1,31,3
reference,classic,Q,navy,13.28,4,jpeg30,jpeg,1,1,17,3
reference,classic,Q,navy,13.28,4,jpeg15,jpeg,1,1,21,2
reference,classic,Q,navy,13.28,4,light30,light,1,1,16,3
reference,classic,Q,navy,13.28,4,light60,light,1,1,16,2
reference,classic,Q,navy,13.28,4,persp,perspective,1,1,17,2
reference,classic,Q,navy,13.28,4,phone,combined,1,1,23,2
reference,classic,Q,navy,13.28,4,hard,combined,1,1,11,0
reference,classic,Q,red,6.14,4,front,baseline,1,1,16,2
reference,classic,Q,red,6.14,4,tilt10,tilt,1,1,17,2
reference,classic,Q,red,6.14,4,tilt20,tilt,1,1,17,2
reference,classic,Q,red,6.14,4,tilt28,tilt,1,1,16,3
reference,classic,Q,red,6.14,4,tilt35,tilt,1,1,16,2
reference,classic,Q,red,6.14,4,mod2,size,1,0,3,0
reference,classic,Q,red,6.14,4,mod3,size,1,1,4,0
reference,classic,Q,red,6.14,4,mod4,size,1,1,10,1
reference,classic,Q,red,6.14,4,mod5,size,1,1,14,2
reference,classic,Q,red,6.14,4,mod6,size,1,1,14,2
reference,classic,Q,red,6.14,4,mod12,size,1,1,34,7
reference,classic,Q,red,6.14,4,blur10,blur,1,1,16,2
reference,classic,Q,red,6.14,4,blur20,blur,1,1,18,2
reference,classic,Q,red,6.14,4,blur35,blur,1,1,29,5
reference,classic,Q,red,6.14,4,jpeg60,jpeg,1,1,33,3
reference,classic,Q,red,6.14,4,jpeg30,jpeg,1,1,19,3
reference,classic,Q,red,6.14,4,jpeg15,jpeg,1,1,27,3
reference,classic,Q,red,6.14,4,light30,light,1,1,16,2
reference,classic,Q,red,6.14,4,light60,light,1,1,15,3
reference,classic,Q,red,6.14,4,persp,perspective,1,1,16,3
reference,classic,Q,red,6.14,4,phone,combined,1,1,11,1
reference,classic,Q,red,6.14,4,hard,combined,1,1,11,1
reference,classic,Q,pastel,3.00,4,front,baseline,1,1,17,2
reference,classic,Q,pastel,3.00,4,tilt10,tilt,1,1,17,3
reference,classic,Q,pastel,3.00,4,tilt20,tilt,1,1,18,3
reference,classic,Q,pastel,3.00,4,tilt28,tilt,1,1,16,3
reference,classic,Q,pastel,3.00,4,tilt35,tilt,1,1,17,3
reference,classic,Q,pastel,3.00,4,mod2,size,1,0,3,0
reference,classic,Q,pastel,3.00,4,mod3,size,1,1,4,0
reference,classic,Q,pastel,3.00,4,mod4,size,1,1,6,0
reference,classic,Q,pastel,3.00,4,mod5,size,1,1,9,2
reference,classic,Q,pastel,3.00,4,mod6,size,1,1,14,2
reference,classic,Q,pastel,3.00,4,mod12,size,0,0,49,5
reference,classic,Q,pastel,3.00,4,blur10,blur,1,1,16,3
reference,classic,Q,pastel,3.00,4,blur20,blur,1,1,16,4
reference,classic,Q,pastel,3.00,4,blur35,blur,0,0,18,2
reference,classic,Q,pastel,3.00,4,jpeg60,jpeg,1,1,30,2
reference,classic,Q,pastel,3.00,4,jpeg30,jpeg,1,1,19,2
reference,classic,Q,pastel,3.00,4,jpeg15,jpeg,1,1,30,4
reference,classic,Q,pastel,3.00,4,light30,light,1,1,19,3
reference,classic,Q,pastel,3.00,4,light60,light,1,1,19,3
reference,classic,Q,pastel,3.00,4,persp,perspective,1,1,17,3
reference,classic,Q,pastel,3.00,4,phone,combined,1,1,15,2
reference,classic,Q,pastel,3.00,4,hard,combined,1,1,8,1
reference,classic,Q,gray,3.95,4,front,baseline,1,1,18,2
reference,classic,Q,gray,3.95,4,tilt10,tilt,1,1,16,3
reference,classic,Q,gray,3.95,4,tilt20,tilt,1,1,16,3
reference,classic,Q,gray,3.95,4,tilt28,tilt,1,1,24,6
reference,classic,Q,gray,3.95,4,tilt35,tilt,1,1,18,5
reference,classic,Q,gray,3.95,4,mod2,size,1,0,3,1
reference,classic,Q,gray,3.95,4,mod3,size,1,1,4,1
reference,classic,Q,gray,3.95,4,mod4,size,1,1,6,1
reference,classic,Q,gray,3.95,4,mod5,size,1,1,9,1
reference,classic,Q,gray,3.95,4,mod6,size,1,1,10,2
reference,classic,Q,gray,3.95,4,mod12,size,1,1,34,5
reference,classic,Q,gray,3.95,4,blur10,blur,1,1,16,2
reference,classic,Q,gray,3.95,4,blur20,blur,1,1,16,2
reference,classic,Q,gray,3.95,4,blur35,blur,1,1,16,3
reference,classic,Q,gray,3.95,4,jpeg60,jpeg,1,1,31,2
reference,classic,Q,gray,3.95,4,jpeg30,jpeg,1,1,18,3
reference,classic,Q,gray,3.95,4,jpeg15,jpeg,1,1,22,2
reference,classic,Q,gray,3.95,4,light30,light,1,1,17,6
reference,classic,Q,gray,3.95,4,light60,light,1,1,16,3
reference,classic,Q,gray,3.95,4,persp,perspective,1,1,17,2
reference,classic,Q,gray,3.95,4,phone,combined,1,1,17,1
reference,classic,Q,gray,3.95,4,hard,combined,1,1,10,1
reference,classic,Q,inverted,21.00,4,front,baseline,0,0,16,3
reference,classic,Q,inverted,21.00,4,tilt10,tilt,0,0,16,2
reference,classic,Q,inverted,21.00,4,tilt20,tilt,0,0,15,3
reference,classic,Q,inverted,21.00,4,tilt28,tilt,0,0,16,3
reference,classic,Q,inverted,21.00,4,tilt35,tilt,0,0,19,2
reference,classic,Q,inverted,21.00,4,mod2,size,0,0,3,0
reference,classic,Q,inverted,21.00,4,mod3,size,0,0,4,0
reference,classic,Q,inverted,21.00,4,mod4,size,0,0,5,1
reference,classic,Q,inverted,21.00,4,mod5,size,0,0,11,1
reference,classic,Q,inverted,21.00,4,mod6,size,0,0,12,1
reference,classic,Q,inverted,21.00,4,mod12,size,0,0,33,5
reference,classic,Q,inverted,21.00,4,blur10,blur,0,0,16,3
reference,classic,Q,inverted,21.00,4,blur20,blur,0,0,21,3
reference,classic,Q,inverted,21.00,4,blur35,blur,0,0,18,2
reference,classic,Q,inverted,21.00,4,jpeg60,jpeg,0,0,34,2
reference,classic,Q,inverted,21.00,4,jpeg30,jpeg,0,0,19,2
reference,classic,Q,inverted,21.00,4,jpeg15,jpeg,0,0,25,2
reference,classic,Q,inverted,21.00,4,light30,light,0,0,17,3
reference,classic,Q,inverted,21.00,4,light60,light,0,0,18,2
reference,classic,Q,inverted,21.00,4,persp,perspective,0,0,26,2
reference,classic,Q,inverted,21.00,4,phone,combined,0,0,21,1
reference,classic,Q,inverted,21.00,4,hard,combined,0,0,11,1
reference,classic,H,bw,21.00,5,front,baseline,1,1,20,3
reference,classic,H,bw,21.00,5,tilt10,tilt,1,1,21,3
reference,classic,H,bw,21.00,5,tilt20,tilt,1,1,19,4
reference,classic,H,bw,21.00,5,tilt28,tilt,1,1,20,3
reference,classic,H,bw,21.00,5,tilt35,tilt,1,1,21,3
reference,classic,H,bw,21.00,5,mod2,size,0,0,5,0
reference,classic,H,bw,21.00,5,mod3,size,1,1,6,1
reference,classic,H,bw,21.00,5,mod4,size,1,1,7,1
reference,classic,H,bw,21.00,5,mod5,size,1,1,10,2
reference,classic,H,bw,21.00,5,mod6,size,1,1,13,2
reference,classic,H,bw,21.00,5,mod12,size,1,1,43,10
reference,classic,H,bw,21.00,5,blur10,blur,1,1,29,5
reference,classic,H,bw,21.00,5,blur20,blur,1,1,23,5
reference,classic,H,bw,21.00,5,blur35,blur,1,1,20,3
reference,classic,H,bw,21.00,5,jpeg60,jpeg,1,1,40,3
reference,classic,H,bw,21.00,5,jpeg30,jpeg,1,1,36,2
reference,classic,H,bw,21.00,5,jpeg15,jpeg,1,1,21,3
reference,classic,H,bw,21.00,5,light30,light,1,1,19,2
reference,classic,H,bw,21.00,5,light60,light,1,1,19,3
reference,classic,H,bw,21.00,5,persp,perspective,1,1,22,4
reference,classic,H,bw,21.00,5,phone,combined,1,1,17,1
reference,classic,H,bw,21.00,5,hard,combined,1,1,18,1
reference,classic,H,navy,13.28,5,front,baseline,1,1,29,5
reference,classic,H,navy,13.28,5,tilt10,tilt,1,1,20,3
reference,classic,H,navy,13.28,5,tilt20,tilt,1,1,20,3
reference,classic,H,navy,13.28,5,tilt28,tilt,1,1,20,3
reference,classic,H,navy,13.28,5,tilt35,tilt,1,1,20,3
reference,classic,H,navy,13.28,5,mod2,size,0,0,4,0
reference,classic,H,navy,13.28,5,mod3,size,1,1,5,1
reference,classic,H,navy,13.28,5,mod4,size,1,1,6,1
reference,classic,H,navy,13.28,5,mod5,size,1,1,11,2
reference,classic,H,navy,13.28,5,mod6,size,1,1,13,1
reference,classic,H,navy,13.28,5,mod12,size,1,1,38,5
reference,classic,H,navy,13.28,5,blur10,blur,1,1,18,2
reference,classic,H,navy,13.28,5,blur20,blur,1,1,18,3
reference,classic,H,navy,13.28,5,blur35,blur,1,1,20,3
reference,classic,H,navy,13.28,5,jpeg60,jpeg,1,1,32,3
reference,classic,H,navy,13.28,5,jpeg30,jpeg,1,1,21,3
reference,classic,H,navy,13.28,5,jpeg15,jpeg,1,1,31,4
reference,classic,H,navy,13.28,5,light30,light,1,1,30,5
reference,classic,H,navy,13.28,5,light60,light,1,1,19,2
reference,classic,H,navy,13.28,5,persp,perspective,1,1,20,3
reference,classic,H,navy,13.28,5,phone,combined,1,1,15,2
reference,classic,H,navy,13.28,5,hard,combined,1,1,8,1
reference,classic,H,red,6.14,5,front,baseline,1,1,21,3
reference,classic,H,red,6.14,5,tilt10,tilt,1,1,21,3
reference,classic,H,red,6.14,5,tilt20,tilt,1,1,20,3
reference,classic,H,red,6.14,5,tilt28,tilt,1,1,21,4
reference,classic,H,red,6.14,5,tilt35,tilt,1,1,21,3
reference,classic,H,red,6.14,5,mod2,size,1,0,4,0
reference,classic,H,red,6.14,5,mod3,size,1,1,5,0
reference,classic,H,red,6.14,5,mod4,size,1,1,7,1
reference,classic,H,red,6.14,5,mod5,size,1,1,11,1
reference,classic,H,red,6.14,5,mod6,size,1,1,13,2
reference,classic,H,red,6.14,5,mod12,size,1,1,37,6
reference,classic,H,red,6.14,5,blur10,blur,1,1,19,3
reference,classic,H,red,6.14,5,blur20,blur,1,1,18,3
reference,classic,H,red,6.14,5,blur35,blur,1,1,19,3
reference,classic,H,red,6.14,5,jpeg60,jpeg,1,1,32,3
reference,classic,H,red,6.14,5,jpeg30,jpeg,1,1,20,2
reference,classic,H,red,6.14,5,jpeg15,jpeg,1,1,23,3
reference,classic,H,red,6.14,5,light30,light,1,1,19,3
reference,classic,H,red,6.14,5,light60,light,1,1,18,2
reference,classic,H,red,6.14,5,persp,perspective,1,1,21,3
reference,classic,H,red,6.14,5,phone,combined,1,1,17,1
reference,classic,H,red,6.14,5,hard,combined,1,1,10,1
reference,classic,H,pastel,3.00,5,front,baseline,1,1,20,3
reference,classic,H,pastel,3.00,5,tilt10,tilt,1,1,22,3
reference,classic,H,pastel,3.00,5,tilt20,tilt,1,1,20,4
reference,classic,H,pastel,3.00,5,tilt28,tilt,1,1,31,4
reference,classic,H,pastel,3.00,5,tilt35,tilt,1,1,20,5
reference,classic,H,pastel,3.00,5,mod2,size,1,0,6,1
reference,classic,H,pastel,3.00,5,mod3,size,1,1,5,1
reference,classic,H,pastel,3.00,5,mod4,size,1,1,7,1
reference,classic,H,pastel,3.00,5,mod5,size,1,1,11,2
reference,classic,H,pastel,3.00,5,mod6,size,1,1,12,2
reference,classic,H,pastel,3.00,5,mod12,size,1,1,37,6
reference,classic,H,pastel,3.00,5,blur10,blur,1,1,18,3
reference,classic,H,pastel,3.00,5,blur20,blur,1,1,24,3
reference,classic,H,pastel,3.00,5,blur35,blur,0,0,20,3
reference,classic,H,pastel,3.00,5,jpeg60,jpeg,1,1,26,3
reference,classic,H,pastel,3.00,5,jpeg30,jpeg,1,1,27,3
reference,classic,H,pastel,3.00,5,jpeg15,jpeg,1,1,29,3
reference,classic,H,pastel,3.00,5,light30,light,1,1,20,2
reference,classic,H,pastel,3.00,5,light60,light,1,1,19,3
reference,classic,H,pastel,3.00,5,persp,perspective,1,1,21,3
reference,classic,H,pastel,3.00,5,phone,combined,1,1,16,2
reference,classic,H,pastel,3.00,5,hard,combined,1,1,14,1
reference,classic,H,gray,3.95,5,front,baseline,1,1,18,3
reference,classic,H,gray,3.95,5,tilt10,tilt,1,1,19,3
reference,classic,H,gray,3.95,5,tilt20,tilt,1,1,20,3
reference,classic,H,gray,3.95,5,tilt28,tilt,1,1,20,3
reference,classic,H,gray,3.95,5,tilt35,tilt,1,1,20,3
reference,classic,H,gray,3.95,5,mod2,size,1,0,3,1
reference,classic,H,gray,3.95,5,mod3,size,1,1,6,1
reference,classic,H,gray,3.95,5,mod4,size,1,1,6,1
reference,classic,H,gray,3.95,5,mod5,size,1,1,10,2
reference,classic,H,gray,3.95,5,mod6,size,1,1,13,1
reference,classic,H,gray,3.95,5,mod12,size,1,1,37,6
reference,classic,H,gray,3.95,5,blur10,blur,1,1,20,3
reference,classic,H,gray,3.95,5,blur20,blur,1,1,20,3
reference,classic,H,gray,3.95,5,blur35,blur,1,1,26,3
reference,classic,H,gray,3.95,5,jpeg60,jpeg,1,1,33,3
reference,classic,H,gray,3.95,5,jpeg30,jpeg,1,1,27,3
reference,classic,H,gray,3.95,5,jpeg15,jpeg,1,1,39,3
reference,classic,H,gray,3.95,5,light30,light,1,1,24,3
reference,classic,H,gray,3.95,5,light60,light,1,1,25,3
reference,classic,H,gray,3.95,5,persp,perspective,1,1,23,3
reference,classic,H,gray,3.95,5,phone,combined,1,1,18,2
reference,classic,H,gray,3.95,5,hard,combined,1,1,17,1
reference,classic,H,inverted,21.00,5,front,baseline,0,0,19,2
reference,classic,H,inverted,21.00,5,tilt10,tilt,0,0,20,3
reference,classic,H,inverted,21.00,5,tilt20,tilt,0,0,19,3
reference,classic,H,inverted,21.00,5,tilt28,tilt,0,0,20,3
reference,classic,H,inverted,21.00,5,tilt35,tilt,0,0,21,3
reference,classic,H,inverted,21.00,5,mod2,size,0,0,3,0
reference,classic,H,inverted,21.00,5,mod3,size,0,0,4,1
reference,classic,H,inverted,21.00,5,mod4,size,0,0,7,0
reference,classic,H,inverted,21.00,5,mod5,size,0,0,11,1
reference,classic,H,inverted,21.00,5,mod6,size,0,0,12,2
reference,classic,H,inverted,21.00,5,mod12,size,0,0,38,6
reference,classic,H,inverted,21.00,5,blur10,blur,0,0,18,3
reference,classic,H,inverted,21.00,5,blur20,blur,0,0,19,3
reference,classic,H,inverted,21.00,5,blur35,blur,0,0,20,3
reference,classic,H,inverted,21.00,5,jpeg60,jpeg,0,0,24,4
reference,classic,H,inverted,21.00,5,jpeg30,jpeg,0,0,39,6
reference,classic,H,inverted,21.00,5,jpeg15,jpeg,0,0,24,3
reference,classic,H,inverted,21.00,5,light30,light,0,0,18,3
reference,classic,H,inverted,21.00,5,light60,light,0,0,18,3
reference,classic,H,inverted,21.00,5,persp,perspective,0,0,23,3
reference,classic,H,inverted,21.00,5,phone,combined,0,0,11,2
reference,classic,H,inverted,21.00,5,hard,combined,0,0,14,1
reference,dots,L,bw,21.00,3,front,baseline,0,1,17,2
reference,dots,L,bw,21.00,3,tilt10,tilt,0,1,27,4
reference,dots,L,bw,21.00,3,tilt20,tilt,0,1,18,3
reference,dots,L,bw,21.00,3,tilt28,tilt,1,1,19,2
reference,dots,L,bw,21.00,3,tilt35,tilt,1,1,23,3
reference,dots,L,bw,21.00,3,mod2,size,1,0,3,0
reference,dots,L,bw,21.00,3,mod3,size,1,1,5,0
reference,dots,L,bw,21.00,3,mod4,size,1,1,12,1
reference,dots,L,bw,21.00,3,mod5,size,1,1,14,2
reference,dots,L,bw,21.00,3,mod6,size,0,1,21,2
reference,dots,L,bw,21.00,3,mod12,size,1,1,31,4
reference,dots,L,bw,21.00,3,blur10,blur,0,1,16,2
reference,dots,L,bw,21.00,3,blur20,blur,1,1,21,2
reference,dots,L,bw,21.00,3,blur35,blur,1,1,14,2
reference,dots,L,bw,21.00,3,jpeg60,jpeg,0,1,27,2
reference,dots,L,bw,21.00,3,jpeg30,jpeg,0,1,19,2
reference,dots,L,bw,21.00,3,jpeg15,jpeg,0,1,21,2
reference,dots,L,bw,21.00,3,light30,light,0,1,17,2
reference,dots,L,bw,21.00,3,light60,light,0,1,17,2
reference,dots,L,bw,21.00,3,persp,perspective,1,1,18,2
reference,dots,L,bw,21.00,3,phone,combined,0,1,20,1
reference,dots,L,bw,21.00,3,hard,combined,1,1,8,1
reference,dots,L,navy,13.28,3,front,baseline,0,1,16,2
reference,dots,L,navy,13.28,3,tilt10,tilt,0,1,16,4
reference,dots,L,navy,13.28,3,tilt20,tilt,0,1,16,2
reference,dots,L,navy,13.28,3,tilt28,tilt,1,1,16,2
reference,dots,L,navy,13.28,3,tilt35,tilt,1,1,16,3
reference,dots,L,navy,13.28,3,mod2,size,0,0,3,0
reference,dots,L,navy,13.28,3,mod3,size,1,1,4,1
reference,dots,L,navy,13.28,3,mod4,size,1,1,6,1
reference,dots,L,navy,13.28,3,mod5,size,1,1,8,1
reference,dots,L,navy,13.28,3,mod6,size,0,1,12,1
reference,dots,L,navy,13.28,3,mod12,size,1,1,31,4
reference,dots,L,navy,13.28,3,blur10,blur,0,1,15,2
reference,dots,L,navy,13.28,3,blur20,blur,1,1,15,2
reference,dots,L,navy,13.28,3,blur35,blur,1,1,13,2
reference,dots,L,navy,13.28,3,jpeg60,jpeg,1,1,29,2
reference,dots,L,navy,13.28,3,jpeg30,jpeg,0,1,18,1
reference,dots,L,navy,13.28,3,jpeg15,jpeg,0,1,19,2
reference,dots,L,navy,13.28,3,light30,light,0,1,16,3
reference,dots,L,navy,13.28,3,light60,light,0,1,16,2
reference,dots,L,navy,13.28,3,persp,perspective,1,1,17,2
reference,dots,L,navy,13.28,3,phone,combined,1,1,15,1
reference,dots,L,navy,13.28,3,hard,combined,1,1,9,1
reference,dots,L,red,6.14,3,front,baseline,0,1,16,2
reference,dots,L,red,6.14,3,tilt10,tilt,0,1,16,2
reference,dots,L,red,6.14,3,tilt20,tilt,0,1,17,2
reference,dots,L,red,6.14,3,tilt28,tilt,1,1,18,2
reference,dots,L,red,6.14,3,tilt35,tilt,1,1,17,2
reference,dots,L,red,6.14,3,mod2,size,0,0,3,0
reference,dots,L,red,6.14,3,mod3,size,1,1,5,1
reference,dots,L,red,6.14,3,mod4,size,1,1,7,0
reference,dots,L,red,6.14,3,mod5,size,1,1,8,1
reference,dots,L,red,6.14,3,mod6,size,0,1,11,1
reference,dots,L,red,6.14,3,mod12,size,1,1,30,4
reference,dots,L,red,6.14,3,blur10,blur,0,1,16,2
reference,dots,L,red,6.14,3,blur20,blur,1,1,16,2
reference,dots,L,red,6.14,3,blur35,blur,1,1,13,2
reference,dots,L,red,6.14,3,jpeg60,jpeg,1,1,23,2
reference,dots,L,red,6.14,3,jpeg30,jpeg,1,1,22,2
reference,dots,L,red,6.14,3,jpeg15,jpeg,0,1,22,2
reference,dots,L,red,6.14,3,light30,light,0,1,20,1
reference,dots,L,red,6.14,3,light60,light,0,1,20,3
reference,dots,L,red,6.14,3,persp,perspective,1,1,25,3
reference,dots,L,red,6.14,3,phone,combined,0,1,14,2
reference,dots,L,red,6.14,3,hard,combined,1,1,12,1
reference,dots,L,pastel,3.00,3,front,baseline,0,1,19,2
reference,dots,L,pastel,3.00,3,tilt10,tilt,0,1,23,3
reference,dots,L,pastel,3.00,3,tilt20,tilt,1,1,18,2
reference,dots,L,pastel,3.00,3,tilt28,tilt,1,1,17,2
reference,dots,L,pastel,3.00,3,tilt35,tilt,1,1,17,2
reference,dots,L,pastel,3.00,3,mod2,size,1,0,3,0
reference,dots,L,pastel,3.00,3,mod3,size,1,1,4,0
reference,dots,L,pastel,3.00,3,mod4,size,1,1,6,1
reference,dots,L,pastel,3.00,3,mod5,size,1,1,8,1
reference,dots,L,pastel,3.00,3,mod6,size,0,1,11,2
reference,dots,L,pastel,3.00,3,mod12,size,0,1,31,4
reference,dots,L,pastel,3.00,3,blur10,blur,0,1,28,3
reference,dots,L,pastel,3.00,3,blur20,blur,1,1,15,2
reference,dots,L,pastel,3.00,3,blur35,blur,1,0,18,4
reference,dots,L,pastel,3.00,3,jpeg60,jpeg,0,1,47,4
reference,dots,L,pastel,3.00,3,jpeg30,jpeg,0,1,19,2
reference,dots,L,pastel,3.00,3,jpeg15,jpeg,0,0,23,2
reference,dots,L,pastel,3.00,3,light30,light,0,1,17,2
reference,dots,L,pastel,3.00,3,light60,light,0,1,16,2
reference,dots,L,pastel,3.00,3,persp,perspective,0,1,18,2
reference,dots,L,pastel,3.00,3,phone,combined,0,0,11,1
reference,dots,L,pastel,3.00,3,hard,combined,1,1,10,1
reference,dots,L,gray,3.95,3,front,baseline,0,1,18,2
reference,dots,L,gray,3.95,3,tilt10,tilt,0,1,22,2
reference,dots,L,gray,3.95,3,tilt20,tilt,0,1,27,4
reference,dots,L,gray,3.95,3,tilt28,tilt,1,1,17,2
reference,dots,L,gray,3.95,3,tilt35,tilt,1,1,18,2
reference,dots,L,gray,3.95,3,mod2,size,1,0,3,0
reference,dots,L,gray,3.95,3,mod3,size,1,1,5,0
reference,dots,L,gray,3.95,3,mod4,size,1,1,7,0
reference,dots,L,gray,3.95,3,mod5,size,1,1,8,1
reference,dots,L,gray,3.95,3,mod6,size,0,1,10,1
reference,dots,L,gray,3.95,3,mod12,size,0,1,33,4
reference,dots,L,gray,3.95,3,blur10,blur,0,1,16,2
reference,dots,L,gray,3.95,3,blur20,blur,1,1,14,2
reference,dots,L,gray,3.95,3,blur35,blur,1,1,14,2
reference,dots,L,gray,3.95,3,jpeg60,jpeg,0,1,30,3
reference,dots,L,gray,3.95,3,jpeg30,jpeg,1,1,19,2
reference,dots,L,gray,3.95,3,jpeg15,jpeg,1,1,20,2
reference,dots,L,gray,3.95,3,light30,light,0,1,15,2
reference,dots,L,gray,3.95,3,light60,light,0,1,16,2
reference,dots,L,gray,3.95,3,persp,perspective,0,1,17,3
reference,dots,L,gray,3.95,3,phone,combined,1,1,17,1
reference,dots,L,gray,3.95,3,hard,combined,1,1,6,1
reference,dots,L,inverted,21.00,3,front,baseline,0,0,19,2
reference,dots,L,inverted,21.00,3,tilt10,tilt,0,0,19,2
reference,dots,L,inverted,21.00,3,tilt20,tilt,0,0,19,2
reference,dots,L,inverted,21.00,3,tilt28,tilt,0,0,18,2
reference,dots,L,inverted,21.00,3,tilt35,tilt,0,0,30,3
reference,dots,L,inverted,21.00,3,mod2,size,0,0,3,0
reference,dots,L,inverted,21.00,3,mod3,size,0,0,7,1
reference,dots,L,inverted,21.00,3,mod4,size,0,0,13,1
reference,dots,L,inverted,21.00,3,mod5,size,0,0,14,1
reference,dots,L,inverted,21.00,3,mod6,size,0,0,14,1
reference,dots,L,inverted,21.00,3,mod12,size,0,0,33,4
reference,dots,L,inverted,21.00,3,blur10,blur,0,0,18,2
reference,dots,L,inverted,21.00,3,blur20,blur,0,0,16,2
reference,dots,L,inverted,21.00,3,blur35,blur,0,0,13,2
reference,dots,L,inverted,21.00,3,jpeg60,jpeg,0,0,48,4
reference,dots,L,inverted,21.00,3,jpeg30,jpeg,0,0,20,2
reference,dots,L,inverted,21.00,3,jpeg15,jpeg,0,0,21,2
reference,dots,L,inverted,21.00,3,light30,light,0,0,18,2
reference,dots,L,inverted,21.00,3,light60,light,0,0,18,2
reference,dots,L,inverted,21.00,3,persp,perspective,0,0,18,1
reference,dots,L,inverted,21.00,3,phone,combined,0,0,10,1
reference,dots,L,inverted,21.00,3,hard,combined,0,0,8,1
reference,dots,M,bw,21.00,4,front,baseline,0,1,21,2
reference,dots,M,bw,21.00,4,tilt10,tilt,0,1,22,2
reference,dots,M,bw,21.00,4,tilt20,tilt,0,1,28,3
reference,dots,M,bw,21.00,4,tilt28,tilt,0,1,31,4
reference,dots,M,bw,21.00,4,tilt35,tilt,0,1,23,2
reference,dots,M,bw,21.00,4,mod2,size,0,0,3,1
reference,dots,M,bw,21.00,4,mod3,size,1,1,7,0
reference,dots,M,bw,21.00,4,mod4,size,0,1,9,1
reference,dots,M,bw,21.00,4,mod5,size,1,1,10,2
reference,dots,M,bw,21.00,4,mod6,size,1,1,15,2
reference,dots,M,bw,21.00,4,mod12,size,0,1,41,6
reference,dots,M,bw,21.00,4,blur10,blur,1,1,23,3
reference,dots,M,bw,21.00,4,blur20,blur,1,1,21,2
reference,dots,M,bw,21.00,4,blur35,blur,1,1,16,2
reference,dots,M,bw,21.00,4,jpeg60,jpeg,0,1,35,3
reference,dots,M,bw,21.00,4,jpeg30,jpeg,0,1,22,3
reference,dots,M,bw,21.00,4,jpeg15,jpeg,1,1,25,3
reference,dots,M,bw,21.00,4,light30,light,0,1,22,3
reference,dots,M,bw,21.00,4,light60,light,0,1,22,2
reference,dots,M,bw,21.00,4,persp,perspective,1,1,22,2
reference,dots,M,bw,21.00,4,phone,combined,1,1,21,1
reference,dots,M,bw,21.00,4,hard,combined,1,1,10,1
reference,dots,M,navy,13.28,4,front,baseline,0,1,22,2
reference,dots,M,navy,13.28,4,tilt10,tilt,0,1,23,3
reference,dots,M,navy,13.28,4,tilt20,tilt,0,1,21,3
reference,dots,M,navy,13.28,4,tilt28,tilt,0,1,22,3
reference,dots,M,navy,13.28,4,tilt35,tilt,0,1,23,2
reference,dots,M,navy,13.28,4,mod2,size,0,0,4,0
reference,dots,M,navy,13.28,4,mod3,size,1,1,6,0
reference,dots,M,navy,13.28,4,mod4,size,0,1,9,1
reference,dots,M,navy,13.28,4,mod5,size,1,1,10,1
reference,dots,M,navy,13.28,4,mod6,size,1,1,15,3
reference,dots,M,navy,13.28,4,mod12,size,0,1,44,5
reference,dots,M,navy,13.28,4,blur10,blur,1,1,20,3
reference,dots,M,navy,13.28,4,blur20,blur,1,1,30,3
reference,dots,M,navy,13.28,4,blur35,blur,1,1,16,2
reference,dots,M,navy,13.28,4,jpeg60,jpeg,0,1,35,2
reference,dots,M,navy,13.28,4,jpeg30,jpeg,1,1,33,2
reference,dots,M,navy,13.28,4,jpeg15,jpeg,1,1,27,2
reference,dots,M,navy,13.28,4,light30,light,0,1,22,2
reference,dots,M,navy,13.28,4,light60,light,0,1,21,2
reference,dots,M,navy,13.28,4,persp,perspective,1,1,23,2
reference,dots,M,navy,13.28,4,phone,combined,1,1,19,2
reference,dots,M,navy,13.28,4,hard,combined,1,1,9,1
reference,dots,M,red,6.14,4,front,baseline,0,1,20,3
reference,dots,M,red,6.14,4,tilt10,tilt,0,1,22,2
reference,dots,M,red,6.14,4,tilt20,tilt,0,1,21,2
reference,dots,M,red,6.14,4,tilt28,tilt,0,1,21,3
reference,dots,M,red,6.14,4,tilt35,tilt,0,1,22,3
reference,dots,M,red,6.14,4,mod2,size,1,0,2,1
reference,dots,M,red,6.14,4,mod3,size,1,1,7,0
reference,dots,M,red,6.14,4,mod4,size,0,1,9,1
reference,dots,M,red,6.14,4,mod5,size,1,1,11,1
reference,dots,M,red,6.14,4,mod6,size,1,1,14,2
reference,dots,M,red,6.14,4,mod12,size,0,1,39,5
reference,dots,M,red,6.14,4,blur10,blur,1,1,20,3
reference,dots,M,red,6.14,4,blur20,blur,1,1,20,2
reference,dots,M,red,6.14,4,blur35,blur,1,1,16,2
reference,dots,M,red,6.14,4,jpeg60,jpeg,1,1,34,3
reference,dots,M,red,6.14,4,jpeg30,jpeg,1,1,21,2
reference,dots,M,red,6.14,4,jpeg15,jpeg,1,1,25,3
reference,dots,M,red,6.14,4,light30,light,0,1,21,2
reference,dots,M,red,6.14,4,light60,light,0,1,22,2
reference,dots,M,red,6.14,4,persp,perspective,1,1,22,3
reference,dots,M,red,6.14,4,phone,combined,1,1,14,2
reference,dots,M,red,6.14,4,hard,combined,1,1,7,0
reference,dots,M,pastel,3.00,4,front,baseline,1,1,20,3
reference,dots,M,pastel,3.00,4,tilt10,tilt,0,1,21,2
reference,dots,M,pastel,3.00,4,tilt20,tilt,0,1,21,3
reference,dots,M,pastel,3.00,4,tilt28,tilt,0,1,22,2
reference,dots,M,pastel,3.00,4,tilt35,tilt,1,1,21,3
reference,dots,M,pastel,3.00,4,mod2,size,1,0,3,0
reference,dots,M,pastel,3.00,4,mod3,size,1,1,5,1
reference,dots,M,pastel,3.00,4,mod4,size,0,1,9,1
reference,dots,M,pastel,3.00,4,mod5,size,1,1,11,1
reference,dots,M,pastel,3.00,4,mod6,size,1,1,14,2
reference,dots,M,pastel,3.00,4,mod12,size,0,0,41,5
reference,dots,M,pastel,3.00,4,blur10,blur,1,1,21,3
reference,dots,M,pastel,3.00,4,blur20,blur,1,1,20,2
reference,dots,M,pastel,3.00,4,blur35,blur,0,0,16,2
reference,dots,M,pastel,3.00,4,jpeg60,jpeg,0,1,29,2
reference,dots,M,pastel,3.00,4,jpeg30,jpeg,0,1,22,2
reference,dots,M,pastel,3.00,4,jpeg15,jpeg,1,1,25,2
reference,dots,M,pastel,3.00,4,light30,light,1,1,21,2
reference,dots,M,pastel,3.00,4,light60,light,1,1,21,3
reference,dots,M,pastel,3.00,4,persp,perspective,1,1,33,2
reference,dots,M,pastel,3.00,4,phone,combined,1,1,17,1
reference,dots,M,pastel,3.00,4,hard,combined,1,1,13,1
reference,dots,M,gray,3.95,4,front,baseline,1,1,24,5
reference,dots,M,gray,3.95,4,tilt10,tilt,0,1,25,3
reference,dots,M,gray,3.95,4,tilt20,tilt,0,1,22,3
reference,dots,M,gray,3.95,4,tilt28,tilt,0,1,23,2
reference,dots,M,gray,3.95,4,tilt35,tilt,1,1,26,5
reference,dots,M,gray,3.95,4,mod2,size,1,0,4,0
reference,dots,M,gray,3.95,4,mod3,size,1,1,7,1
reference,dots,M,gray,3.95,4,mod4,size,0,1,14,2
reference,dots,M,gray,3.95,4,mod5,size,1,1,14,1
reference,dots,M,gray,3.95,4,mod6,size,1,1,16,1
reference,dots,M,gray,3.95,4,mod12,size,0,1,41,5
reference,dots,M,gray,3.95,4,blur10,blur,1,1,22,2
reference,dots,M,gray,3.95,4,blur20,blur,1,1,22,2
reference,dots,M,gray,3.95,4,blur35,blur,1,1,17,3
reference,dots,M,gray,3.95,4,jpeg60,jpeg,0,1,34,3
reference,dots,M,gray,3.95,4,jpeg30,jpeg,1,1,25,3
reference,dots,M,gray,3.95,4,jpeg15,jpeg,0,1,24,3
reference,dots,M,gray,3.95,4,light30,light,1,1,21,2
reference,dots,M,gray,3.95,4,light60,light,1,1,22,2
reference,dots,M,gray,3.95,4,persp,perspective,1,1,29,4
reference,dots,M,gray,3.95,4,phone,combined,1,1,21,1
reference,dots,M,gray,3.95,4,hard,combined,1,1,7,1
reference,dots,M,inverted,21.00,4,front,baseline,0,0,25,3
reference,dots,M,inverted,21.00,4,tilt10,tilt,0,0,23,3
reference,dots,M,inverted,21.00,4,tilt20,tilt,0,0,24,2
reference,dots,M,inverted,21.00,4,tilt28,tilt,0,0,25,3
reference,dots,M,inverted,21.00,4,tilt35,tilt,0,0,24,3
reference,dots,M,inverted,21.00,4,mod2,size,0,0,2,0
reference,dots,M,inverted,21.00,4,mod3,size,0,0,7,0
reference,dots,M,inverted,21.00,4,mod4,size,0,0,11,1
reference,dots,M,inverted,21.00,4,mod5,size,0,0,19,2
reference,dots,M,inverted,21.00,4,mod6,size,0,0,27,3
reference,dots,M,inverted,21.00,4,mod12,size,0,0,39,5
reference,dots,M,inverted,21.00,4,blur10,blur,0,0,23,2
reference,dots,M,inverted,21.00,4,blur20,blur,0,0,20,2
reference,dots,M,inverted,21.00,4,blur35,blur,0,0,16,2
reference,dots,M,inverted,21.00,4,jpeg60,jpeg,0,0,43,3
reference,dots,M,inverted,21.00,4,jpeg30,jpeg,0,0,26,2
reference,dots,M,inverted,21.00,4,jpeg15,jpeg,0,0,38,2
reference,dots,M,inverted,21.00,4,light30,light,0,0,24,2
reference,dots,M,inverted,21.00,4,light60,light,0,0,24,2
reference,dots,M,inverted,21.00,4,persp,perspective,0,0,23,3
reference,dots,M,inverted,21.00,4,phone,combined,0,0,15,1
reference,dots,M,inverted,21.00,4,hard,combined,0,0,6,1
reference,dots,Q,bw,21.00,4,front,baseline,0,1,20,3
reference,dots,Q,bw,21.00,4,tilt10,tilt,0,1,23,2
reference,dots,Q,bw,21.00,4,tilt20,tilt,0,1,21,2
reference,dots,Q,bw,21.00,4,tilt28,tilt,1,1,21,3
reference,dots,Q,bw,21.00,4,tilt35,tilt,1,1,22,3
reference,dots,Q,bw,21.00,4,mod2,size,0,0,3,0
reference,dots,Q,bw,21.00,4,mod3,size,1,1,5,0
reference,dots,Q,bw,21.00,4,mod4,size,0,1,9,1
reference,dots,Q,bw,21.00,4,mod5,size,1,1,10,1
reference,dots,Q,bw,21.00,4,mod6,size,1,1,15,2
reference,dots,Q,bw,21.00,4,mod12,size,0,1,43,5
reference,dots,Q,bw,21.00,4,blur10,blur,0,1,21,3
reference,dots,Q,bw,21.00,4,blur20,blur,0,1,20,3
reference,dots,Q,bw,21.00,4,blur35,blur,1,1,16,2
reference,dots,Q,bw,21.00,4,jpeg60,jpeg,0,1,25,3
reference,dots,Q,bw,21.00,4,jpeg30,jpeg,0,1,28,3
reference,dots,Q,bw,21.00,4,jpeg15,jpeg,0,1,33,2
reference,dots,Q,bw,21.00,4,light30,light,0,1,20,2
reference,dots,Q,bw,21.00,4,light60,light,0,1,20,2
reference,dots,Q,bw,21.00,4,persp,perspective,0,1,22,2
reference,dots,Q,bw,21.00,4,phone,combined,1,1,12,1
reference,dots,Q,bw,21.00,4,hard,combined,1,1,11,1
reference,dots,Q,navy,13.28,4,front,baseline,0,1,21,2
reference,dots,Q,navy,13.28,4,tilt10,tilt,0,1,22,3
reference,dots,Q,navy,13.28,4,tilt20,tilt,0,1,25,3
reference,dots,Q,navy,13.28,4,tilt28,tilt,1,1,35,5
reference,dots,Q,navy,13.28,4,tilt35,tilt,1,1,20,3
reference,dots,Q,navy,13.28,4,mod2,size,0,0,3,1
reference,dots,Q,navy,13.28,4,mod3,size,1,1,6,1
reference,dots,Q,navy,13.28,4,mod4,size,0,1,9,1
reference,dots,Q,navy,13.28,4,mod5,size,1,1,11,1
reference,dots,Q,navy,13.28,4,mod6,size,1,1,14,1
reference,dots,Q,navy,13.28,4,mod12,size,0,1,46,5
reference,dots,Q,navy,13.28,4,blur10,blur,0,1,21,2
reference,dots,Q,navy,13.28,4,blur20,blur,0,1,21,3
reference,dots,Q,navy,13.28,4,blur35,blur,1,1,25,4
reference,dots,Q,navy,13.28,4,jpeg60,jpeg,0,1,45,6
reference,dots,Q,navy,13.28,4,jpeg30,jpeg,0,1,22,2
reference,dots,Q,navy,13.28,4,jpeg15,jpeg,0,1,24,3
reference,dots,Q,navy,13.28,4,light30,light,0,1,20,3
reference,dots,Q,navy,13.28,4,light60,light,0,1,20,2
reference,dots,Q,navy,13.28,4,persp,perspective,0,1,23,2
reference,dots,Q,navy,13.28,4,phone,combined,1,1,15,1
reference,dots,Q,navy,13.28,4,hard,combined,1,1,9,1
reference,dots,Q,red,6.14,4,front,baseline,0,1,24,2
reference,dots,Q,red,6.14,4,tilt10,tilt,0,1,36,5
reference,dots,Q,red,6.14,4,tilt20,tilt,0,1,21,2
reference,dots,Q,red,6.14,4,tilt28,tilt,1,1,22,3
reference,dots,Q,red,6.14,4,tilt35,tilt,1,1,23,2
reference,dots,Q,red,6.14,4,mod2,size,1,0,3,0
reference,dots,Q,red,6.14,4,mod3,size,1,1,6,0
reference,dots,Q,red,6.14,4,mod4,size,0,1,10,0
reference,dots,Q,red,6.14,4,mod5,size,1,1,11,1
reference,dots,Q,red,6.14,4,mod6,size,1,1,14,2
reference,dots,Q,red,6.14,4,mod12,size,0,1,44,7
reference,dots,Q,red,6.14,4,blur10,blur,0,1,26,2
reference,dots,Q,red,6.14,4,blur20,blur,0,1,20,3
reference,dots,Q,red,6.14,4,blur35,blur,1,1,16,3
reference,dots,Q,red,6.14,4,jpeg60,jpeg,0,1,34,3
reference,dots,Q,red,6.14,4,jpeg30,jpeg,0,1,22,2
reference,dots,Q,red,6.14,4,jpeg15,jpeg,0,1,24,3
reference,dots,Q,red,6.14,4,light30,light,0,1,20,3
reference,dots,Q,red,6.14,4,light60,light,0,1,20,2
reference,dots,Q,red,6.14,4,persp,perspective,0,1,22,2
reference,dots,Q,red,6.14,4,phone,combined,1,1,19,1
reference,dots,Q,red,6.14,4,hard,combined,1,1,9,1
reference,dots,Q,pastel,3.00,4,front,baseline,0,1,20,2
reference,dots,Q,pastel,3.00,4,tilt10,tilt,0,1,21,3
reference,dots,Q,pastel,3.00,4,tilt20,tilt,0,1,21,2
reference,dots,Q,pastel,3.00,4,tilt28,tilt,1,1,20,3
reference,dots,Q,pastel,3.00,4,tilt35,tilt,1,1,21,3
reference,dots,Q,pastel,3.00,4,mod2,size,0,0,4,0
reference,dots,Q,pastel,3.00,4,mod3,size,1,1,6,1
reference,dots,Q,pastel,3.00,4,mod4,size,0,1,12,1
reference,dots,Q,pastel,3.00,4,mod5,size,1,1,13,1
reference,dots,Q,pastel,3.00,4,mod6,size,1,1,13,2
reference,dots,Q,pastel,3.00,4,mod12,size,0,0,39,6
reference,dots,Q,pastel,3.00,4,blur10,blur,0,1,23,3
reference,dots,Q,pastel,3.00,4,blur20,blur,1,1,19,3
reference,dots,Q,pastel,3.00,4,blur35,blur,0,0,19,3
reference,dots,Q,pastel,3.00,4,jpeg60,jpeg,0,1,35,2
reference,dots,Q,pastel,3.00,4,jpeg30,jpeg,0,1,24,3
reference,dots,Q,pastel,3.00,4,jpeg15,jpeg,1,1,24,2
reference,dots,Q,pastel,3.00,4,light30,light,0,1,20,2
reference,dots,Q,pastel,3.00,4,light60,light,0,1,22,2
reference,dots,Q,pastel,3.00,4,persp,perspective,0,1,22,2
reference,dots,Q,pastel,3.00,4,phone,combined,1,1,20,1
reference,dots,Q,pastel,3.00,4,hard,combined,1,1,9,1
reference,dots,Q,gray,3.95,4,front,baseline,0,1,20,2
reference,dots,Q,gray,3.95,4,tilt10,tilt,0,1,20,3
reference,dots,Q,gray,3.95,4,tilt20,tilt,0,1,21,2
reference,dots,Q,gray,3.95,4,tilt28,tilt,1,1,21,3
reference,dots,Q,gray,3.95,4,tilt35,tilt,1,1,28,2
reference,dots,Q,gray,3.95,4,mod2,size,1,0,3,0
reference,dots,Q,gray,3.95,4,mod3,size,1,1,5,1
reference,dots,Q,gray,3.95,4,mod4,size,0,1,9,1
reference,dots,Q,gray,3.95,4,mod5,size,1,1,11,1
reference,dots,Q,gray,3.95,4,mod6,size,1,1,14,1
reference,dots,Q,gray,3.95,4,mod12,size,0,1,40,6
reference,dots,Q,gray,3.95,4,blur10,blur,0,1,21,2
reference,dots,Q,gray,3.95,4,blur20,blur,0,1,21,3
reference,dots,Q,gray,3.95,4,blur35,blur,1,1,16,2
reference,dots,Q,gray,3.95,4,jpeg60,jpeg,0,1,33,2
reference,dots,Q,gray,3.95,4,jpeg30,jpeg,0,1,25,3
reference,dots,Q,gray,3.95,4,jpeg15,jpeg,0,1,23,3
reference,dots,Q,gray,3.95,4,light30,light,0,1,20,3
reference,dots,Q,gray,3.95,4,light60,light,0,1,21,3
reference,dots,Q,gray,3.95,4,persp,perspective,0,1,22,2
reference,dots,Q,gray,3.95,4,phone,combined,1,1,14,1
reference,dots,Q,gray,3.95,4,hard,combined,1,1,7,1
reference,dots,Q,inverted,21.00,4,front,baseline,0,0,24,3
reference,dots,Q,inverted,21.00,4,tilt10,tilt,0,0,24,3
reference,dots,Q,inverted,21.00,4,tilt20,tilt,0,0,25,3
reference,dots,Q,inverted,21.00,4,tilt28,tilt,0,0,24,2
reference,dots,Q,inverted,21.00,4,tilt35,tilt,0,0,24,2
reference,dots,Q,inverted,21.00,4,mod2,size,0,0,3,0
reference,dots,Q,inverted,21.00,4,mod3,size,0,0,7,0
reference,dots,Q,inverted,21.00,4,mod4,size,0,0,9,1
reference,dots,Q,inverted,21.00,4,mod5,size,0,0,13,1
reference,dots,Q,inverted,21.00,4,mod6,size,0,0,15,1
reference,dots,Q,inverted,21.00,4,mod12,size,0,0,41,5
reference,dots,Q,inverted,21.00,4,blur10,blur,0,0,23,2
reference,dots,Q,inverted,21.00,4,blur20,blur,0,0,20,2
reference,dots,Q,inverted,21.00,4,blur35,blur,0,0,16,2
reference,dots,Q,inverted,21.00,4,jpeg60,jpeg,0,0,36,3
reference,dots,Q,inverted,21.00,4,jpeg30,jpeg,0,0,23,3
reference,dots,Q,inverted,21.00,4,jpeg15,jpeg,0,0,27,2
reference,dots,Q,inverted,21.00,4,light30,light,0,0,23,2
reference,dots,Q,inverted,21.00,4,light60,light,0,0,22,2
reference,dots,Q,inverted,21.00,4,persp,perspective,0,0,43,4
reference,dots,Q,inverted,21.00,4,phone,combined,0,0,29,2
reference,dots,Q,inverted,21.00,4,hard,combined,0,0,8,1
reference,dots,H,bw,21.00,5,front,baseline,1,1,27,3
reference,dots,H,bw,21.00,5,tilt10,tilt,1,1,28,3
reference,dots,H,bw,21.00,5,tilt20,tilt,1,1,27,3
reference,dots,H,bw,21.00,5,tilt28,tilt,1,1,28,4
reference,dots,H,bw,21.00,5,tilt35,tilt,1,1,39,5
reference,dots,H,bw,21.00,5,mod2,size,0,0,5,1
reference,dots,H,bw,21.00,5,mod3,size,1,1,10,1
reference,dots,H,bw,21.00,5,mod4,size,1,1,17,1
reference,dots,H,bw,21.00,5,mod5,size,1,1,21,2
reference,dots,H,bw,21.00,5,mod6,size,1,1,28,3
reference,dots,H,bw,21.00,5,mod12,size,1,1,60,9
reference,dots,H,bw,21.00,5,blur10,blur,1,1,25,3
reference,dots,H,bw,21.00,5,blur20,blur,1,1,24,3
reference,dots,H,bw,21.00,5,blur35,blur,1,1,20,2
reference,dots,H,bw,21.00,5,jpeg60,jpeg,1,1,33,3
reference,dots,H,bw,21.00,5,jpeg30,jpeg,1,1,30,3
reference,dots,H,bw,21.00,5,jpeg15,jpeg,1,1,30,3
reference,dots,H,bw,21.00,5,light30,light,1,1,26,3
reference,dots,H,bw,21.00,5,light60,light,1,1,26,3
reference,dots,H,bw,21.00,5,persp,perspective,1,1,28,3
reference,dots,H,bw,21.00,5,phone,combined,1,1,23,2
reference,dots,H,bw,21.00,5,hard,combined,1,1,15,2
reference,dots,H,navy,13.28,5,front,baseline,1,1,27,2
reference,dots,H,navy,13.28,5,tilt10,tilt,1,1,27,3
reference,dots,H,navy,13.28,5,tilt20,tilt,1,1,27,3
reference,dots,H,navy,13.28,5,tilt28,tilt,1,1,30,3
reference,dots,H,navy,13.28,5,tilt35,tilt,1,1,30,3
reference,dots,H,navy,13.28,5,mod2,size,0,0,5,0
reference,dots,H,navy,13.28,5,mod3,size,1,1,7,1
reference,dots,H,navy,13.28,5,mod4,size,1,1,15,1
reference,dots,H,navy,13.28,5,mod5,size,1,1,15,1
reference,dots,H,navy,13.28,5,mod6,size,1,1,23,2
reference,dots,H,navy,13.28,5,mod12,size,1,1,56,6
reference,dots,H,navy,13.28,5,blur10,blur,1,1,26,3
reference,dots,H,navy,13.28,5,blur20,blur,1,1,26,3
reference,dots,H,navy,13.28,5,blur35,blur,1,1,25,5
reference,dots,H,navy,13.28,5,jpeg60,jpeg,0,1,37,3
reference,dots,H,navy,13.28,5,jpeg30,jpeg,1,1,45,4
reference,dots,H,navy,13.28,5,jpeg15,jpeg,1,1,56,5
reference,dots,H,navy,13.28,5,light30,light,1,1,30,3
reference,dots,H,navy,13.28,5,light60,light,1,1,29,3
reference,dots,H,navy,13.28,5,persp,perspective,1,1,31,2
reference,dots,H,navy,13.28,5,phone,combined,1,1,26,1
reference,dots,H,navy,13.28,5,hard,combined,1,1,9,2
reference,dots,H,red,6.14,5,front,baseline,1,1,26,3
reference,dots,H,red,6.14,5,tilt10,tilt,1,1,28,6
reference,dots,H,red,6.14,5,tilt20,tilt,1,1,26,3
reference,dots,H,red,6.14,5,tilt28,tilt,1,1,27,3
reference,dots,H,red,6.14,5,tilt35,tilt,1,1,28,3
reference,dots,H,red,6.14,5,mod2,size,1,0,4,0
reference,dots,H,red,6.14,5,mod3,size,1,1,7,1
reference,dots,H,red,6.14,5,mod4,size,1,1,12,1
reference,dots,H,red,6.14,5,mod5,size,1,1,13,2
reference,dots,H,red,6.14,5,mod6,size,1,1,18,2
reference,dots,H,red,6.14,5,mod12,size,1,1,63,12
reference,dots,H,red,6.14,5,blur10,blur,1,1,28,3
reference,dots,H,red,6.14,5,blur20,blur,1,1,33,3
reference,dots,H,red,6.14,5,blur35,blur,1,1,21,3
reference,dots,H,red,6.14,5,jpeg60,jpeg,1,1,37,3
reference,dots,H,red,6.14,5,jpeg30,jpeg,1,1,34,3
reference,dots,H,red,6.14,5,jpeg15,jpeg,1,1,36,5
reference,dots,H,red,6.14,5,light30,light,1,1,26,3
reference,dots,H,red,6.14,5,light60,light,1,1,25,3
reference,dots,H,red,6.14,5,persp,perspective,1,1,28,3
reference,dots,H,red,6.14,5,phone,combined,1,1,19,1
reference,dots,H,red,6.14,5,hard,combined,1,1,11,1
reference,dots,H,pastel,3.00,5,front,baseline,1,1,26,2
reference,dots,H,pastel,3.00,5,tilt10,tilt,1,1,26,3
reference,dots,H,pastel,3.00,5,tilt20,tilt,1,1,27,3
reference,dots,H,pastel,3.00,5,tilt28,tilt,1,1,27,3
reference,dots,H,pastel,3.00,5,tilt35,tilt,1,1,27,3
reference,dots,H,pastel,3.00,5,mod2,size,1,0,3,1
reference,dots,H,pastel,3.00,5,mod3,size,1,1,8,1
reference,dots,H,pastel,3.00,5,mod4,size,1,1,11,1
reference,dots,H,pastel,3.00,5,mod5,size,1,1,16,1
reference,dots,H,pastel,3.00,5,mod6,size,1,1,18,2
reference,dots,H,pastel,3.00,5,mod12,size,1,1,66,6
reference,dots,H,pastel,3.00,5,blur10,blur,1,1,27,3
reference,dots,H,pastel,3.00,5,blur20,blur,1,1,25,3
reference,dots,H,pastel,3.00,5,blur35,blur,0,0,20,3
reference,dots,H,pastel,3.00,5,jpeg60,jpeg,1,1,33,4
reference,dots,H,pastel,3.00,5,jpeg30,jpeg,0,1,32,3
reference,dots,H,pastel,3.00,5,jpeg15,jpeg,1,1,33,3
reference,dots,H,pastel,3.00,5,light30,light,1,1,40,6
reference,dots,H,pastel,3.00,5,light60,light,1,1,26,2
reference,dots,H,pastel,3.00,5,persp,perspective,1,1,35,6
reference,dots,H,pastel,3.00,5,phone,combined,1,1,21,2
reference,dots,H,pastel,3.00,5,hard,combined,1,1,12,1
reference,dots,H,gray,3.95,5,front,baseline,1,1,27,3
reference,dots,H,gray,3.95,5,tilt10,tilt,1,1,27,3
reference,dots,H,gray,3.95,5,tilt20,tilt,1,1,27,3
reference,dots,H,gray,3.95,5,tilt28,tilt,1,1,28,3
reference,dots,H,gray,3.95,5,tilt35,tilt,1,1,28,3
reference,dots,H,gray,3.95,5,mod2,size,1,0,3,0
reference,dots,H,gray,3.95,5,mod3,size,1,1,8,1
reference,dots,H,gray,3.95,5,mod4,size,1,1,12,1
reference,dots,H,gray,3.95,5,mod5,size,1,1,19,1
reference,dots,H,gray,3.95,5,mod6,size,1,1,17,2
reference,dots,H,gray,3.95,5,mod12,size,1,1,50,11
reference,dots,H,gray,3.95,5,blur10,blur,1,1,32,3
reference,dots,H,gray,3.95,5,blur20,blur,1,1,24,3
reference,dots,H,gray,3.95,5,blur35,blur,1,1,20,3
reference,dots,H,gray,3.95,5,jpeg60,jpeg,1,1,34,3
reference,dots,H,gray,3.95,5,jpeg30,jpeg,0,1,32,3
reference,dots,H,gray,3.95,5,jpeg15,jpeg,1,1,38,3
reference,dots,H,gray,3.95,5,light30,light,1,1,27,2
reference,dots,H,gray,3.95,5,light60,light,1,1,26,3
reference,dots,H,gray,3.95,5,persp,perspective,1,1,28,3
reference,dots,H,gray,3.95,5,phone,combined,1,1,35,2
reference,dots,H,gray,3.95,5,hard,combined,1,1,11,1
reference,dots,H,inverted,21.00,5,front,baseline,0,0,31,3
reference,dots,H,inverted,21.00,5,tilt10,tilt,0,0,31,3
reference,dots,H,inverted,21.00,5,tilt20,tilt,0,0,30,3
reference,dots,H,inverted,21.00,5,tilt28,tilt,0,0,30,3
reference,dots,H,inverted,21.00,5,tilt35,tilt,0,0,30,4
reference,dots,H,inverted,21.00,5,mod2,size,0,0,5,0
reference,dots,H,inverted,21.00,5,mod3,size,0,0,9,1
reference,dots,H,inverted,21.00,5,mod4,size,0,0,13,1
reference,dots,H,inverted,21.00,5,mod5,size,0,0,16,1
reference,dots,H,inverted,21.00,5,mod6,size,0,0,21,2
reference,dots,H,inverted,21.00,5,mod12,size,0,0,54,6
reference,dots,H,inverted,21.00,5,blur10,blur,0,0,38,5
reference,dots,H,inverted,21.00,5,blur20,blur,0,0,25,3
reference,dots,H,inverted,21.00,5,blur35,blur,0,0,20,3
reference,dots,H,inverted,21.00,5,jpeg60,jpeg,0,0,37,3
reference,dots,H,inverted,21.00,5,jpeg30,jpeg,0,0,36,3
reference,dots,H,inverted,21.00,5,jpeg15,jpeg,0,0,33,3
reference,dots,H,inverted,21.00,5,light30,light,0,0,29,3
reference,dots,H,inverted,21.00,5,light60,light,0,0,30,3
reference,dots,H,inverted,21.00,5,persp,perspective,0,0,29,2
reference,dots,H,inverted,21.00,5,phone,combined,0,0,26,2
reference,dots,H,inverted,21.00,5,hard,combined,0,0,8,0
reference,rounded,L,bw,21.00,3,front,baseline,1,1,14,3
reference,rounded,L,bw,21.00,3,tilt10,tilt,1,1,14,2
reference,rounded,L,bw,21.00,3,tilt20,tilt,1,1,14,2
reference,rounded,L,bw,21.00,3,tilt28,tilt,1,1,14,3
reference,rounded,L,bw,21.00,3,tilt35,tilt,1,1,15,2
reference,rounded,L,bw,21.00,3,mod2,size,0,0,3,0
reference,rounded,L,bw,21.00,3,mod3,size,1,1,3,0
reference,rounded,L,bw,21.00,3,mod4,size,1,1,4,1
reference,rounded,L,bw,21.00,3,mod5,size,1,1,6,1
reference,rounded,L,bw,21.00,3,mod6,size,1,1,8,1
reference,rounded,L,bw,21.00,3,mod12,size,1,1,28,4
reference,rounded,L,bw,21.00,3,blur10,blur,1,1,13,2
reference,rounded,L,bw,21.00,3,blur20,blur,1,1,12,2
reference,rounded,L,bw,21.00,3,blur35,blur,0,0,13,3
reference,rounded,L,bw,21.00,3,jpeg60,jpeg,1,1,27,2
reference,rounded,L,bw,21.00,3,jpeg30,jpeg,0,1,16,2
reference,rounded,L,bw,21.00,3,jpeg15,jpeg,1,1,21,2
reference,rounded,L,bw,21.00,3,light30,light,1,1,15,2
reference,rounded,L,bw,21.00,3,light60,light,1,1,15,2
reference,rounded,L,bw,21.00,3,persp,perspective,0,1,15,2
reference,rounded,L,bw,21.00,3,phone,combined,1,1,14,1
reference,rounded,L,bw,21.00,3,hard,combined,1,0,10,2
reference,rounded,L,navy,13.28,3,front,baseline,1,1,14,2
reference,rounded,L,navy,13.28,3,tilt10,tilt,1,1,15,2
reference,rounded,L,navy,13.28,3,tilt20,tilt,1,1,15,2
reference,rounded,L,navy,13.28,3,tilt28,tilt,1,1,15,3
reference,rounded,L,navy,13.28,3,tilt35,tilt,1,1,15,2
reference,rounded,L,navy,13.28,3,mod2,size,0,0,3,1
reference,rounded,L,navy,13.28,3,mod3,size,1,1,3,0
reference,rounded,L,navy,13.28,3,mod4,size,1,1,5,1
reference,rounded,L,navy,13.28,3,mod5,size,1,1,6,1
reference,rounded,L,navy,13.28,3,mod6,size,1,1,8,1
reference,rounded,L,navy,13.28,3,mod12,size,0,1,29,5
reference,rounded,L,navy,13.28,3,blur10,blur,1,1,13,2
reference,rounded,L,navy,13.28,3,blur20,blur,1,1,13,2
reference,rounded,L,navy,13.28,3,blur35,blur,0,0,17,2
reference,rounded,L,navy,13.28,3,jpeg60,jpeg,0,1,28,2
reference,rounded,L,navy,13.28,3,jpeg30,jpeg,0,1,16,2
reference,rounded,L,navy,13.28,3,jpeg15,jpeg,0,0,19,4
reference,rounded,L,navy,13.28,3,light30,light,1,1,14,2
reference,rounded,L,navy,13.28,3,light60,light,1,1,15,2
reference,rounded,L,navy,13.28,3,persp,perspective,0,1,15,2
reference,rounded,L,navy,13.28,3,phone,combined,1,1,11,1
reference,rounded,L,navy,13.28,3,hard,combined,1,1,12,1
reference,rounded,L,red,6.14,3,front,baseline,1,1,15,2
reference,rounded,L,red,6.14,3,tilt10,tilt,1,1,14,2
reference,rounded,L,red,6.14,3,tilt20,tilt,1,1,15,2
reference,rounded,L,red,6.14,3,tilt28,tilt,1,1,13,2
reference,rounded,L,red,6.14,3,tilt35,tilt,1,1,14,2
reference,rounded,L,red,6.14,3,mod2,size,0,0,3,0
reference,rounded,L,red,6.14,3,mod3,size,1,1,3,0
reference,rounded,L,red,6.14,3,mod4,size,1,1,4,1
reference,rounded,L,red,6.14,3,mod5,size,1,1,6,1
reference,rounded,L,red,6.14,3,mod6,size,1,1,13,1
reference,rounded,L,red,6.14,3,mod12,size,0,1,27,4
reference,rounded,L,red,6.14,3,blur10,blur,1,1,13,3
reference,rounded,L,red,6.14,3,blur20,blur,1,1,12,2
reference,rounded,L,red,6.14,3,blur35,blur,0,0,13,2
reference,rounded,L,red,6.14,3,jpeg60,jpeg,1,1,45,3
reference,rounded,L,red,6.14,3,jpeg30,jpeg,0,1,16,2
reference,rounded,L,red,6.14,3,jpeg15,jpeg,0,0,20,2
reference,rounded,L,red,6.14,3,light30,light,1,1,15,2
reference,rounded,L,red,6.14,3,light60,light,1,1,14,2
reference,rounded,L,red,6.14,3,persp,perspective,0,1,21,3
reference,rounded,L,red,6.14,3,phone,combined,1,1,17,1
reference,rounded,L,red,6.14,3,hard,combined,1,0,6,2
reference,rounded,L,pastel,3.00,3,front,baseline,1,1,15,2
reference,rounded,L,pastel,3.00,3,tilt10,tilt,1,1,14,2
reference,rounded,L,pastel,3.00,3,tilt20,tilt,0,1,15,2
reference,rounded,L,pastel,3.00,3,tilt28,tilt,1,1,14,2
reference,rounded,L,pastel,3.00,3,tilt35,tilt,1,1,14,3
reference,rounded,L,pastel,3.00,3,mod2,size,1,0,2,0
reference,rounded,L,pastel,3.00,3,mod3,size,1,1,3,1
reference,rounded,L,pastel,3.00,3,mod4,size,1,1,4,1
reference,rounded,L,pastel,3.00,3,mod5,size,1,1,7,1
reference,rounded,L,pastel,3.00,3,mod6,size,1,1,8,1
reference,rounded,L,pastel,3.00,3,mod12,size,0,1,28,4
reference,rounded,L,pastel,3.00,3,blur10,blur,1,1,13,3
reference,rounded,L,pastel,3.00,3,blur20,blur,1,1,12,2
reference,rounded,L,pastel,3.00,3,blur35,blur,0,0,13,2
reference,rounded,L,pastel,3.00,3,jpeg60,jpeg,1,1,32,5
reference,rounded,L,pastel,3.00,3,jpeg30,jpeg,0,0,17,2
reference,rounded,L,pastel,3.00,3,jpeg15,jpeg,0,0,18,2
reference,rounded,L,pastel,3.00,3,light30,light,1,1,15,1
reference,rounded,L,pastel,3.00,3,light60,light,1,1,15,2
reference,rounded,L,pastel,3.00,3,persp,perspective,0,1,15,2
reference,rounded,L,pastel,3.00,3,phone,combined,1,1,9,1
reference,rounded,L,pastel,3.00,3,hard,combined,1,0,9,1
reference,rounded,L,gray,3.95,3,front,baseline,1,1,15,1
reference,rounded,L,gray,3.95,3,tilt10,tilt,1,1,14,3
reference,rounded,L,gray,3.95,3,tilt20,tilt,0,1,15,2
reference,rounded,L,gray,3.95,3,tilt28,tilt,1,1,14,2
reference,rounded,L,gray,3.95,3,tilt35,tilt,0,1,15,2
reference,rounded,L,gray,3.95,3,mod2,size,1,0,2,0
reference,rounded,L,gray,3.95,3,mod3,size,1,1,2,1
reference,rounded,L,gray,3.95,3,mod4,size,1,1,4,1
reference,rounded,L,gray,3.95,3,mod5,size,1,1,6,1
reference,rounded,L,gray,3.95,3,mod6,size,1,1,8,1
reference,rounded,L,gray,3.95,3,mod12,size,0,1,27,4
reference,rounded,L,gray,3.95,3,blur10,blur,1,1,13,2
reference,rounded,L,gray,3.95,3,blur20,blur,1,1,13,2
reference,rounded,L,gray,3.95,3,blur35,blur,0,0,13,2
reference,rounded,L,gray,3.95,3,jpeg60,jpeg,0,1,29,2
reference,rounded,L,gray,3.95,3,jpeg30,jpeg,0,1,17,2
reference,rounded,L,gray,3.95,3,jpeg15,jpeg,0,0,19,3
reference,rounded,L,gray,3.95,3,light30,light,1,1,15,2
reference,rounded,L,gray,3.95,3,light60,light,1,1,15,2
reference,rounded,L,gray,3.95,3,persp,perspective,0,1,15,2
reference,rounded,L,gray,3.95,3,phone,combined,1,1,15,1
reference,rounded,L,gray,3.95,3,hard,combined,1,0,6,1
reference,rounded,L,inverted,21.00,3,front,baseline,0,0,16,2
reference,rounded,L,inverted,21.00,3,tilt10,tilt,0,0,14,3
reference,rounded,L,inverted,21.00,3,tilt20,tilt,0,0,16,2
reference,rounded,L,inverted,21.00,3,tilt28,tilt,0,0,15,2
reference,rounded,L,inverted,21.00,3,tilt35,tilt,0,0,16,3
reference,rounded,L,inverted,21.00,3,mod2,size,0,0,2,0
reference,rounded,L,inverted,21.00,3,mod3,size,0,0,3,0
reference,rounded,L,inverted,21.00,3,mod4,size,0,0,4,1
reference,rounded,L,inverted,21.00,3,mod5,size,0,0,6,1
reference,rounded,L,inverted,21.00,3,mod6,size,0,0,8,2
reference,rounded,L,inverted,21.00,3,mod12,size,0,0,29,4
reference,rounded,L,inverted,21.00,3,blur10,blur,0,0,12,2
reference,rounded,L,inverted,21.00,3,blur20,blur,0,0,12,2
reference,rounded,L,inverted,21.00,3,blur35,blur,0,0,19,2
reference,rounded,L,inverted,21.00,3,jpeg60,jpeg,0,0,28,2
reference,rounded,L,inverted,21.00,3,jpeg30,jpeg,0,0,18,2
reference,rounded,L,inverted,21.00,3,jpeg15,jpeg,0,0,23,2
reference,rounded,L,inverted,21.00,3,light30,light,0,0,16,2
reference,rounded,L,inverted,21.00,3,light60,light,0,0,16,2
reference,rounded,L,inverted,21.00,3,persp,perspective,0,0,15,2
reference,rounded,L,inverted,21.00,3,phone,combined,0,0,9,1
reference,rounded,L,inverted,21.00,3,hard,combined,0,0,12,1
reference,rounded,M,bw,21.00,4,front,baseline,1,1,18,3
reference,rounded,M,bw,21.00,4,tilt10,tilt,1,1,18,2
reference,rounded,M,bw,21.00,4,tilt20,tilt,1,1,18,3
reference,rounded,M,bw,21.00,4,tilt28,tilt,1,1,18,3
reference,rounded,M,bw,21.00,4,tilt35,tilt,1,1,18,2
reference,rounded,M,bw,21.00,4,mod2,size,0,0,3,0
reference,rounded,M,bw,21.00,4,mod3,size,1,1,4,0
reference,rounded,M,bw,21.00,4,mod4,size,1,1,5,1
reference,rounded,M,bw,21.00,4,mod5,size,1,1,9,1
reference,rounded,M,bw,21.00,4,mod6,size,1,1,10,2
reference,rounded,M,bw,21.00,4,mod12,size,0,1,35,5
reference,rounded,M,bw,21.00,4,blur10,blur,0,1,16,2
reference,rounded,M,bw,21.00,4,blur20,blur,1,1,16,2
reference,rounded,M,bw,21.00,4,blur35,blur,0,0,18,3
reference,rounded,M,bw,21.00,4,jpeg60,jpeg,1,1,31,4
reference,rounded,M,bw,21.00,4,jpeg30,jpeg,1,1,23,2
reference,rounded,M,bw,21.00,4,jpeg15,jpeg,0,1,25,2
reference,rounded,M,bw,21.00,4,light30,light,1,1,18,2
reference,rounded,M,bw,21.00,4,light60,light,1,1,17,3
reference,rounded,M,bw,21.00,4,persp,perspective,0,1,19,2
reference,rounded,M,bw,21.00,4,phone,combined,1,0,11,1
reference,rounded,M,bw,21.00,4,hard,combined,1,0,8,2
reference,rounded,M,navy,13.28,4,front,baseline,1,1,17,3
reference,rounded,M,navy,13.28,4,tilt10,tilt,1,1,19,3
reference,rounded,M,navy,13.28,4,tilt20,tilt,1,1,18,3
reference,rounded,M,navy,13.28,4,tilt28,tilt,1,1,19,2
reference,rounded,M,navy,13.28,4,tilt35,tilt,1,1,17,3
reference,rounded,M,navy,13.28,4,mod2,size,0,0,3,0
reference,rounded,M,navy,13.28,4,mod3,size,1,1,4,0
reference,rounded,M,navy,13.28,4,mod4,size,1,1,6,1
reference,rounded,M,navy,13.28,4,mod5,size,1,1,8,2
reference,rounded,M,navy,13.28,4,mod6,size,1,1,11,1
reference,rounded,M,navy,13.28,4,mod12,size,0,1,35,5
reference,rounded,M,navy,13.28,4,blur10,blur,1,1,19,2
reference,rounded,M,navy,13.28,4,blur20,blur,1,1,16,2
reference,rounded,M,navy,13.28,4,blur35,blur,0,0,17,3
reference,rounded,M,navy,13.28,4,jpeg60,jpeg,1,1,26,3
reference,rounded,M,navy,13.28,4,jpeg30,jpeg,0,1,21,3
reference,rounded,M,navy,13.28,4,jpeg15,jpeg,0,0,24,3
reference,rounded,M,navy,13.28,4,light30,light,1,1,18,2
reference,rounded,M,navy,13.28,4,light60,light,1,1,18,2
reference,rounded,M,navy,13.28,4,persp,perspective,0,1,19,2
reference,rounded,M,navy,13.28,4,phone,combined,1,0,19,1
reference,rounded,M,navy,13.28,4,hard,combined,1,0,7,1
reference,rounded,M,red,6.14,4,front,baseline,0,1,18,3
reference,rounded,M,red,6.14,4,tilt10,tilt,1,1,20,2
reference,rounded,M,red,6.14,4,tilt20,tilt,1,1,18,3
reference,rounded,M,red,6.14,4,tilt28,tilt,1,1,19,3
reference,rounded,M,red,6.14,4,tilt35,tilt,1,1,28,5
reference,rounded,M,red,6.14,4,mod2,size,1,0,4,1
reference,rounded,M,red,6.14,4,mod3,size,1,1,4,1
reference,rounded,M,red,6.14,4,mod4,size,1,1,7,0
reference,rounded,M,red,6.14,4,mod5,size,1,1,8,1
reference,rounded,M,red,6.14,4,mod6,size,1,1,10,1
reference,rounded,M,red,6.14,4,mod12,size,0,1,35,5
reference,rounded,M,red,6.14,4,blur10,blur,0,1,16,2
reference,rounded,M,red,6.14,4,blur20,blur,1,1,17,2
reference,rounded,M,red,6.14,4,blur35,blur,0,0,16,3
reference,rounded,M,red,6.14,4,jpeg60,jpeg,0,1,33,3
reference,rounded,M,red,6.14,4,jpeg30,jpeg,0,1,20,2
reference,rounded,M,red,6.14,4,jpeg15,jpeg,0,0,34,6
reference,rounded,M,red,6.14,4,light30,light,0,1,19,2
reference,rounded,M,red,6.14,4,light60,light,0,1,19,2
reference,rounded,M,red,6.14,4,persp,perspective,0,1,20,2
reference,rounded,M,red,6.14,4,phone,combined,1,0,13,1
reference,rounded,M,red,6.14,4,hard,combined,1,0,10,2
reference,rounded,M,pastel,3.00,4,front,baseline,0,1,20,3
reference,rounded,M,pastel,3.00,4,tilt10,tilt,1,1,21,3
reference,rounded,M,pastel,3.00,4,tilt20,tilt,1,1,31,5
reference,rounded,M,pastel,3.00,4,tilt28,tilt,0,1,18,3
reference,rounded,M,pastel,3.00,4,tilt35,tilt,1,1,17,3
reference,rounded,M,pastel,3.00,4,mod2,size,1,0,3,0
reference,rounded,M,pastel,3.00,4,mod3,size,1,1,4,0
reference,rounded,M,pastel,3.00,4,mod4,size,1,1,10,1
reference,rounded,M,pastel,3.00,4,mod5,size,1,1,14,1
reference,rounded,M,pastel,3.00,4,mod6,size,1,1,11,2
reference,rounded,M,pastel,3.00,4,mod12,size,0,0,35,5
reference,rounded,M,pastel,3.00,4,blur10,blur,1,1,16,2
reference,rounded,M,pastel,3.00,4,blur20,blur,1,1,15,3
reference,rounded,M,pastel,3.00,4,blur35,blur,0,0,16,3
reference,rounded,M,pastel,3.00,4,jpeg60,jpeg,1,1,27,3
reference,rounded,M,pastel,3.00,4,jpeg30,jpeg,0,0,25,3
reference,rounded,M,pastel,3.00,4,jpeg15,jpeg,1,0,22,3
reference,rounded,M,pastel,3.00,4,light30,light,0,1,17,3
reference,rounded,M,pastel,3.00,4,light60,light,0,1,18,2
reference,rounded,M,pastel,3.00,4,persp,perspective,0,1,18,3
reference,rounded,M,pastel,3.00,4,phone,combined,1,1,16,1
reference,rounded,M,pastel,3.00,4,hard,combined,1,0,11,2
reference,rounded,M,gray,3.95,4,front,baseline,0,1,20,3
reference,rounded,M,gray,3.95,4,tilt10,tilt,1,1,20,2
reference,rounded,M,gray,3.95,4,tilt20,tilt,1,1,18,3
reference,rounded,M,gray,3.95,4,tilt28,tilt,0,1,19,2
reference,rounded,M,gray,3.95,4,tilt35,tilt,1,1,18,3
reference,rounded,M,gray,3.95,4,mod2,size,1,0,3,0
reference,rounded,M,gray,3.95,4,mod3,size,1,1,4,1
reference,rounded,M,gray,3.95,4,mod4,size,1,1,5,1
reference,rounded,M,gray,3.95,4,mod5,size,1,1,9,1
reference,rounded,M,gray,3.95,4,mod6,size,1,0,11,2
reference,rounded,M,gray,3.95,4,mod12,size,1,1,36,5
reference,rounded,M,gray,3.95,4,blur10,blur,0,1,17,2
reference,rounded,M,gray,3.95,4,blur20,blur,1,1,15,3
reference,rounded,M,gray,3.95,4,blur35,blur,0,1,16,4
reference,rounded,M,gray,3.95,4,jpeg60,jpeg,0,1,33,3
reference,rounded,M,gray,3.95,4,jpeg30,jpeg,0,1,20,2
reference,rounded,M,gray,3.95,4,jpeg15,jpeg,0,0,28,3
reference,rounded,M,gray,3.95,4,light30,light,0,1,20,2
reference,rounded,M,gray,3.95,4,light60,light,0,1,18,2
reference,rounded,M,gray,3.95,4,persp,perspective,0,1,21,3
reference,rounded,M,gray,3.95,4,phone,combined,1,1,24,1
reference,rounded,M,gray,3.95,4,hard,combined,1,0,9,1
reference,rounded,M,inverted,21.00,4,front,baseline,0,0,21,2
reference,rounded,M,inverted,21.00,4,tilt10,tilt,0,0,21,3
reference,rounded,M,inverted,21.00,4,tilt20,tilt,0,0,19,3
reference,rounded,M,inverted,21.00,4,tilt28,tilt,0,0,18,3
reference,rounded,M,inverted,21.00,4,tilt35,tilt,0,0,20,3
reference,rounded,M,inverted,21.00,4,mod2,size,0,0,3,0
reference,rounded,M,inverted,21.00,4,mod3,size,0,0,4,1
reference,rounded,M,inverted,21.00,4,mod4,size,0,0,8,1
reference,rounded,M,inverted,21.00,4,mod5,size,0,0,9,2
reference,rounded,M,inverted,21.00,4,mod6,size,0,0,11,1
reference,rounded,M,inverted,21.00,4,mod12,size,0,0,37,5
reference,rounded,M,inverted,21.00,4,blur10,blur,0,0,15,3
reference,rounded,M,inverted,21.00,4,blur20,blur,0,0,16,2
reference,rounded,M,inverted,21.00,4,blur35,blur,0,0,16,3
reference,rounded,M,inverted,21.00,4,jpeg60,jpeg,0,0,33,2
reference,rounded,M,inverted,21.00,4,jpeg30,jpeg,0,0,22,4
reference,rounded,M,inverted,21.00,4,jpeg15,jpeg,0,0,22,3
reference,rounded,M,inverted,21.00,4,light30,light,0,0,21,2
reference,rounded,M,inverted,21.00,4,light60,light,0,0,20,3
reference,rounded,M,inverted,21.00,4,persp,perspective,0,0,21,3
reference,rounded,M,inverted,21.00,4,phone,combined,0,0,21,1
reference,rounded,M,inverted,21.00,4,hard,combined,0,0,8,0
reference,rounded,Q,bw,21.00,4,front,baseline,0,1,20,2
reference,rounded,Q,bw,21.00,4,tilt10,tilt,1,1,19,2
reference,rounded,Q,bw,21.00,4,tilt20,tilt,1,1,19,3
reference,rounded,Q,bw,21.00,4,tilt28,tilt,1,1,21,3
reference,rounded,Q,bw,21.00,4,tilt35,tilt,1,1,18,2
reference,rounded,Q,bw,21.00,4,mod2,size,0,0,4,0
reference,rounded,Q,bw,21.00,4,mod3,size,1,1,4,1
reference,rounded,Q,bw,21.00,4,mod4,size,1,1,5,1
reference,rounded,Q,bw,21.00,4,mod5,size,1,1,8,2
reference,rounded,Q,bw,21.00,4,mod6,size,1,1,12,1
reference,rounded,Q,bw,21.00,4,mod12,size,0,1,35,5
reference,rounded,Q,bw,21.00,4,blur10,blur,1,1,16,2
reference,rounded,Q,bw,21.00,4,blur20,blur,1,1,15,3
reference,rounded,Q,bw,21.00,4,blur35,blur,0,1,16,3
reference,rounded,Q,bw,21.00,4,jpeg60,jpeg,0,1,28,2
reference,rounded,Q,bw,21.00,4,jpeg30,jpeg,0,1,22,3
reference,rounded,Q,bw,21.00,4,jpeg15,jpeg,0,1,25,3
reference,rounded,Q,bw,21.00,4,light30,light,0,1,19,2
reference,rounded,Q,bw,21.00,4,light60,light,0,1,18,3
reference,rounded,Q,bw,21.00,4,persp,perspective,1,1,19,2
reference,rounded,Q,bw,21.00,4,phone,combined,1,1,11,1
reference,rounded,Q,bw,21.00,4,hard,combined,1,0,12,2
reference,rounded,Q,navy,13.28,4,front,baseline,0,1,17,3
reference,rounded,Q,navy,13.28,4,tilt10,tilt,1,1,18,2
reference,rounded,Q,navy,13.28,4,tilt20,tilt,1,1,18,2
reference,rounded,Q,navy,13.28,4,tilt28,tilt,1,1,19,2
reference,rounded,Q,navy,13.28,4,tilt35,tilt,0,1,18,3
reference,rounded,Q,navy,13.28,4,mod2,size,0,0,3,1
reference,rounded,Q,navy,13.28,4,mod3,size,1,1,4,0
reference,rounded,Q,navy,13.28,4,mod4,size,1,1,5,1
reference,rounded,Q,navy,13.28,4,mod5,size,1,1,9,1
reference,rounded,Q,navy,13.28,4,mod6,size,1,1,11,2
reference,rounded,Q,navy,13.28,4,mod12,size,0,1,35,5
reference,rounded,Q,navy,13.28,4,blur10,blur,1,1,16,2
reference,rounded,Q,navy,13.28,4,blur20,blur,1,1,16,2
reference,rounded,Q,navy,13.28,4,blur35,blur,0,1,17,3
reference,rounded,Q,navy,13.28,4,jpeg60,jpeg,1,1,27,3
reference,rounded,Q,navy,13.28,4,jpeg30,jpeg,0,1,35,3
reference,rounded,Q,navy,13.28,4,jpeg15,jpeg,0,1,21,3
reference,rounded,Q,navy,13.28,4,light30,light,0,1,19,3
reference,rounded,Q,navy,13.28,4,light60,light,0,1,19,2
reference,rounded,Q,navy,13.28,4,persp,perspective,0,1,18,2
reference,rounded,Q,navy,13.28,4,phone,combined,1,1,11,1
reference,rounded,Q,navy,13.28,4,hard,combined,1,0,17,1
reference,rounded,Q,red,6.14,4,front,baseline,0,1,19,2
reference,rounded,Q,red,6.14,4,tilt10,tilt,0,1,18,3
reference,rounded,Q,red,6.14,4,tilt20,tilt,1,1,17,3
reference,rounded,Q,red,6.14,4,tilt28,tilt,1,1,20,3
reference,rounded,Q,red,6.14,4,tilt35,tilt,0,1,19,3
reference,rounded,Q,red,6.14,4,mod2,size,1,0,3,0
reference,rounded,Q,red,6.14,4,mod3,size,1,1,4,1
reference,rounded,Q,red,6.14,4,mod4,size,1,1,6,0
reference,rounded,Q,red,6.14,4,mod5,size,1,1,9,1
reference,rounded,Q,red,6.14,4,mod6,size,1,1,11,2
reference,rounded,Q,red,6.14,4,mod12,size,0,1,36,5
reference,rounded,Q,red,6.14,4,blur10,blur,1,1,16,2
reference,rounded,Q,red,6.14,4,blur20,blur,1,1,16,2
reference,rounded,Q,red,6.14,4,blur35,blur,0,1,16,3
reference,rounded,Q,red,6.14,4,jpeg60,jpeg,0,1,28,2
reference,rounded,Q,red,6.14,4,jpeg30,jpeg,1,1,19,2
reference,rounded,Q,red,6.14,4,jpeg15,jpeg,0,1,23,3
reference,rounded,Q,red,6.14,4,light30,light,0,1,18,2
reference,rounded,Q,red,6.14,4,light60,light,0,1,18,2
reference,rounded,Q,red,6.14,4,persp,perspective,0,1,19,3
reference,rounded,Q,red,6.14,4,phone,combined,1,1,19,2
reference,rounded,Q,red,6.14,4,hard,combined,1,0,7,1
reference,rounded,Q,pastel,3.00,4,front,baseline,0,1,18,2
reference,rounded,Q,pastel,3.00,4,tilt10,tilt,0,1,18,3
reference,rounded,Q,pastel,3.00,4,tilt20,tilt,1,1,18,2
reference,rounded,Q,pastel,3.00,4,tilt28,tilt,1,1,18,2
reference,rounded,Q,pastel,3.00,4,tilt35,tilt,1,1,18,2
reference,rounded,Q,pastel,3.00,4,mod2,size,1,0,3,1
reference,rounded,Q,pastel,3.00,4,mod3,size,1,1,4,0
reference,rounded,Q,pastel,3.00,4,mod4,size,1,1,5,1
reference,rounded,Q,pastel,3.00,4,mod5,size,1,1,9,1
reference,rounded,Q,pastel,3.00,4,mod6,size,1,1,10,2
reference,rounded,Q,pastel,3.00,4,mod12,size,0,0,35,6
reference,rounded,Q,pastel,3.00,4,blur10,blur,1,1,16,2
reference,rounded,Q,pastel,3.00,4,blur20,blur,1,1,16,3
reference,rounded,Q,pastel,3.00,4,blur35,blur,0,0,16,2
reference,rounded,Q,pastel,3.00,4,jpeg60,jpeg,0,1,37,3
reference,rounded,Q,pastel,3.00,4,jpeg30,jpeg,0,1,21,3
reference,rounded,Q,pastel,3.00,4,jpeg15,jpeg,0,1,23,3
reference,rounded,Q,pastel,3.00,4,light30,light,0,1,19,2
reference,rounded,Q,pastel,3.00,4,light60,light,0,1,18,2
reference,rounded,Q,pastel,3.00,4,persp,perspective,1,1,19,2
reference,rounded,Q,pastel,3.00,4,phone,combined,1,1,17,1
reference,rounded,Q,pastel,3.00,4,hard,combined,1,0,8,2
reference,rounded,Q,gray,3.95,4,front,baseline,0,1,19,2
reference,rounded,Q,gray,3.95,4,tilt10,tilt,0,1,20,3
reference,rounded,Q,gray,3.95,4,tilt20,tilt,1,1,19,3
reference,rounded,Q,gray,3.95,4,tilt28,tilt,1,1,18,2
reference,rounded,Q,gray,3.95,4,tilt35,tilt,0,1,18,3
reference,rounded,Q,gray,3.95,4,mod2,size,1,0,3,0
reference,rounded,Q,gray,3.95,4,mod3,size,1,1,4,1
reference,rounded,Q,gray,3.95,4,mod4,size,1,1,6,1
reference,rounded,Q,gray,3.95,4,mod5,size,1,1,9,1
reference,rounded,Q,gray,3.95,4,mod6,size,1,1,10,1
reference,rounded,Q,gray,3.95,4,mod12,size,0,1,36,5
reference,rounded,Q,gray,3.95,4,blur10,blur,1,1,30,5
reference,rounded,Q,gray,3.95,4,blur20,blur,1,1,16,3
reference,rounded,Q,gray,3.95,4,blur35,blur,0,1,16,4
reference,rounded,Q,gray,3.95,4,jpeg60,jpeg,0,1,32,2
reference,rounded,Q,gray,3.95,4,jpeg30,jpeg,0,1,23,2
reference,rounded,Q,gray,3.95,4,jpeg15,jpeg,0,1,25,3
reference,rounded,Q,gray,3.95,4,light30,light,0,1,19,2
reference,rounded,Q,gray,3.95,4,light60,light,0,1,18,2
reference,rounded,Q,gray,3.95,4,persp,perspective,0,1,18,3
reference,rounded,Q,gray,3.95,4,phone,combined,1,1,20,1
reference,rounded,Q,gray,3.95,4,hard,combined,1,0,7,1
reference,rounded,Q,inverted,21.00,4,front,baseline,0,0,22,2
reference,rounded,Q,inverted,21.00,4,tilt10,tilt,0,0,20,3
reference,rounded,Q,inverted,21.00,4,tilt20,tilt,0,0,22,3
reference,rounded,Q,inverted,21.00,4,tilt28,tilt,0,0,21,2
reference,rounded,Q,inverted,21.00,4,tilt35,tilt,0,0,20,3
reference,rounded,Q,inverted,21.00,4,mod2,size,0,0,4,0
reference,rounded,Q,inverted,21.00,4,mod3,size,0,0,3,1
reference,rounded,Q,inverted,21.00,4,mod4,size,0,0,6,1
reference,rounded,Q,inverted,21.00,4,mod5,size,0,0,10,1
reference,rounded,Q,inverted,21.00,4,mod6,size,0,0,11,2
reference,rounded,Q,inverted,21.00,4,mod12,size,0,0,38,5
reference,rounded,Q,inverted,21.00,4,blur10,blur,0,0,15,3
reference,rounded,Q,inverted,21.00,4,blur20,blur,0,0,16,3
reference,rounded,Q,inverted,21.00,4,blur35,blur,0,0,17,2
reference,rounded,Q,inverted,21.00,4,jpeg60,jpeg,0,0,33,3
reference,rounded,Q,inverted,21.00,4,jpeg30,jpeg,0,0,26,3
reference,rounded,Q,inverted,21.00,4,jpeg15,jpeg,0,0,30,2
reference,rounded,Q,inverted,21.00,4,light30,light,0,0,22,2
reference,rounded,Q,inverted,21.00,4,light60,light,0,0,22,2
reference,rounded,Q,inverted,21.00,4,persp,perspective,0,0,21,3
reference,rounded,Q,inverted,21.00,4,phone,combined,0,0,19,1
reference,rounded,Q,inverted,21.00,4,hard,combined,0,0,7,0
reference,rounded,H,bw,21.00,5,front,baseline,0,1,23,3
reference,rounded,H,bw,21.00,5,tilt10,tilt,0,1,24,3
reference,rounded,H,bw,21.00,5,tilt20,tilt,1,1,23,3
reference,rounded,H,bw,21.00,5,tilt28,tilt,1,1,23,3
reference,rounded,H,bw,21.00,5,tilt35,tilt,0,1,23,5
reference,rounded,H,bw,21.00,5,mod2,size,0,0,4,0
reference,rounded,H,bw,21.00,5,mod3,size,1,1,5,0
reference,rounded,H,bw,21.00,5,mod4,size,1,1,6,1
reference,rounded,H,bw,21.00,5,mod5,size,1,1,11,1
reference,rounded,H,bw,21.00,5,mod6,size,1,1,14,1
reference,rounded,H,bw,21.00,5,mod12,size,0,1,43,6
reference,rounded,H,bw,21.00,5,blur10,blur,1,1,25,4
reference,rounded,H,bw,21.00,5,blur20,blur,1,1,18,3
reference,rounded,H,bw,21.00,5,blur35,blur,0,0,20,4
reference,rounded,H,bw,21.00,5,jpeg60,jpeg,0,1,41,3
reference,rounded,H,bw,21.00,5,jpeg30,jpeg,0,1,25,3
reference,rounded,H,bw,21.00,5,jpeg15,jpeg,0,1,27,2
reference,rounded,H,bw,21.00,5,light30,light,0,1,27,3
reference,rounded,H,bw,21.00,5,light60,light,0,1,33,6
reference,rounded,H,bw,21.00,5,persp,perspective,0,1,25,3
reference,rounded,H,bw,21.00,5,phone,combined,1,1,16,1
reference,rounded,H,bw,21.00,5,hard,combined,1,1,22,1
reference,rounded,H,navy,13.28,5,front,baseline,0,1,23,3
reference,rounded,H,navy,13.28,5,tilt10,tilt,0,1,23,3
reference,rounded,H,navy,13.28,5,tilt20,tilt,1,1,22,3
reference,rounded,H,navy,13.28,5,tilt28,tilt,1,1,23,3
reference,rounded,H,navy,13.28,5,tilt35,tilt,0,1,23,3
reference,rounded,H,navy,13.28,5,mod2,size,0,0,4,0
reference,rounded,H,navy,13.28,5,mod3,size,1,1,4,1
reference,rounded,H,navy,13.28,5,mod4,size,1,1,7,0
reference,rounded,H,navy,13.28,5,mod5,size,1,1,11,1
reference,rounded,H,navy,13.28,5,mod6,size,1,1,13,2
reference,rounded,H,navy,13.28,5,mod12,size,0,1,44,5
reference,rounded,H,navy,13.28,5,blur10,blur,1,1,19,3
reference,rounded,H,navy,13.28,5,blur20,blur,1,1,19,2
reference,rounded,H,navy,13.28,5,blur35,blur,0,0,26,4
reference,rounded,H,navy,13.28,5,jpeg60,jpeg,0,1,28,3
reference,rounded,H,navy,13.28,5,jpeg30,jpeg,0,1,35,3
reference,rounded,H,navy,13.28,5,jpeg15,jpeg,0,1,23,3
reference,rounded,H,navy,13.28,5,light30,light,0,1,22,3
reference,rounded,H,navy,13.28,5,light60,light,0,1,22,3
reference,rounded,H,navy,13.28,5,persp,perspective,0,1,23,3
reference,rounded,H,navy,13.28,5,phone,combined,1,1,13,2
reference,rounded,H,navy,13.28,5,hard,combined,1,0,16,2
reference,rounded,H,red,6.14,5,front,baseline,0,1,26,3
reference,rounded,H,red,6.14,5,tilt10,tilt,0,1,23,3
reference,rounded,H,red,6.14,5,tilt20,tilt,1,1,22,3
reference,rounded,H,red,6.14,5,tilt28,tilt,1,1,22,3
reference,rounded,H,red,6.14,5,tilt35,tilt,0,1,23,3
reference,rounded,H,red,6.14,5,mod2,size,1,0,3,0
reference,rounded,H,red,6.14,5,mod3,size,1,1,5,1
reference,rounded,H,red,6.14,5,mod4,size,1,1,6,1
reference,rounded,H,red,6.14,5,mod5,size,1,1,10,1
reference,rounded,H,red,6.14,5,mod6,size,1,1,13,2
reference,rounded,H,red,6.14,5,mod12,size,0,1,43,6
reference,rounded,H,red,6.14,5,blur10,blur,1,1,28,3
reference,rounded,H,red,6.14,5,blur20,blur,1,1,19,2
reference,rounded,H,red,6.14,5,blur35,blur,0,0,20,4
reference,rounded,H,red,6.14,5,jpeg60,jpeg,0,1,28,3
reference,rounded,H,red,6.14,5,jpeg30,jpeg,0,1,24,3
reference,rounded,H,red,6.14,5,jpeg15,jpeg,0,0,28,3
reference,rounded,H,red,6.14,5,light30,light,0,1,23,3
reference,rounded,H,red,6.14,5,light60,light,0,1,21,3
reference,rounded,H,red,6.14,5,persp,perspective,0,1,24,3
reference,rounded,H,red,6.14,5,phone,combined,1,1,22,2
reference,rounded,H,red,6.14,5,hard,combined,1,0,9,1
reference,rounded,H,pastel,3.00,5,front,baseline,0,1,25,4
reference,rounded,H,pastel,3.00,5,tilt10,tilt,0,1,48,7
reference,rounded,H,pastel,3.00,5,tilt20,tilt,1,1,23,3
reference,rounded,H,pastel,3.00,5,tilt28,tilt,1,1,31,4
reference,rounded,H,pastel,3.00,5,tilt35,tilt,0,1,23,3
reference,rounded,H,pastel,3.00,5,mod2,size,1,0,3,0
reference,rounded,H,pastel,3.00,5,mod3,size,1,1,5,0
reference,rounded,H,pastel,3.00,5,mod4,size,1,1,6,1
reference,rounded,H,pastel,3.00,5,mod5,size,1,1,9,2
reference,rounded,H,pastel,3.00,5,mod6,size,1,1,14,2
reference,rounded,H,pastel,3.00,5,mod12,size,0,1,46,6
reference,rounded,H,pastel,3.00,5,blur10,blur,1,1,20,3
reference,rounded,H,pastel,3.00,5,blur20,blur,1,1,19,3
reference,rounded,H,pastel,3.00,5,blur35,blur,0,0,25,3
reference,rounded,H,pastel,3.00,5,jpeg60,jpeg,0,1,30,3
reference,rounded,H,pastel,3.00,5,jpeg30,jpeg,0,0,29,3
reference,rounded,H,pastel,3.00,5,jpeg15,jpeg,1,0,27,5
reference,rounded,H,pastel,3.00,5,light30,light,0,1,22,3
reference,rounded,H,pastel,3.00,5,light60,light,0,1,23,3
reference,rounded,H,pastel,3.00,5,persp,perspective,0,1,23,3
reference,rounded,H,pastel,3.00,5,phone,combined,1,1,16,1
reference,rounded,H,pastel,3.00,5,hard,combined,1,0,21,1
reference,rounded,H,gray,3.95,5,front,baseline,0,1,27,3
reference,rounded,H,gray,3.95,5,tilt10,tilt,0,1,24,3
reference,rounded,H,gray,3.95,5,tilt20,tilt,1,1,23,3
reference,rounded,H,gray,3.95,5,tilt28,tilt,1,1,23,3
reference,rounded,H,gray,3.95,5,tilt35,tilt,0,1,23,3
reference,rounded,H,gray,3.95,5,mod2,size,1,0,3,1
reference,rounded,H,gray,3.95,5,mod3,size,1,1,4,1
reference,rounded,H,gray,3.95,5,mod4,size,1,1,7,1
reference,rounded,H,gray,3.95,5,mod5,size,1,1,11,1
reference,rounded,H,gray,3.95,5,mod6,size,1,1,14,1
reference,rounded,H,gray,3.95,5,mod12,size,0,1,42,6
reference,rounded,H,gray,3.95,5,blur10,blur,1,1,20,3
reference,rounded,H,gray,3.95,5,blur20,blur,1,1,19,3
reference,rounded,H,gray,3.95,5,blur35,blur,0,0,19,3
reference,rounded,H,gray,3.95,5,jpeg60,jpeg,0,1,30,3
reference,rounded,H,gray,3.95,5,jpeg30,jpeg,0,1,26,3
reference,rounded,H,gray,3.95,5,jpeg15,jpeg,0,0,28,4
reference,rounded,H,gray,3.95,5,light30,light,0,1,22,3
reference,rounded,H,gray,3.95,5,light60,light,0,1,22,3
reference,rounded,H,gray,3.95,5,persp,perspective,0,1,23,3
reference,rounded,H,gray,3.95,5,phone,combined,1,1,16,2
reference,rounded,H,gray,3.95,5,hard,combined,1,0,11,1
reference,rounded,H,inverted,21.00,5,front,baseline,0,0,25,3
reference,rounded,H,inverted,21.00,5,tilt10,tilt,0,0,24,3
reference,rounded,H,inverted,21.00,5,tilt20,tilt,0,0,23,2
reference,rounded,H,inverted,21.00,5,tilt28,tilt,0,0,25,3
reference,rounded,H,inverted,21.00,5,tilt35,tilt,0,0,28,3
reference,rounded,H,inverted,21.00,5,mod2,size,0,0,3,0
reference,rounded,H,inverted,21.00,5,mod3,size,0,0,4,1
reference,rounded,H,inverted,21.00,5,mod4,size,0,0,7,0
reference,rounded,H,inverted,21.00,5,mod5,size,0,0,10,1
reference,rounded,H,inverted,21.00,5,mod6,size,0,0,13,2
reference,rounded,H,inverted,21.00,5,mod12,size,0,0,45,6
reference,rounded,H,inverted,21.00,5,blur10,blur,0,0,17,3
reference,rounded,H,inverted,21.00,5,blur20,blur,0,0,19,3
reference,rounded,H,inverted,21.00,5,blur35,blur,0,0,19,3
reference,rounded,H,inverted,21.00,5,jpeg60,jpeg,0,0,31,3
reference,rounded,H,inverted,21.00,5,jpeg30,jpeg,0,0,29,3
reference,rounded,H,inverted,21.00,5,jpeg15,jpeg,0,0,27,3
reference,rounded,H,inverted,21.00,5,light30,light,0,0,25,3
reference,rounded,H,inverted,21.00,5,light60,light,0,0,25,3
reference,rounded,H,inverted,21.00,5,persp,perspective,0,0,25,3
reference,rounded,H,inverted,21.00,5,phone,combined,0,0,12,1
reference,rounded,H,inverted,21.00,5,hard,combined,0,0,9,1
reference,bricks,L,bw,21.00,3,front,baseline,0,1,13,1
reference,bricks,L,bw,21.00,3,tilt10,tilt,1,1,19,2
reference,bricks,L,bw,21.00,3,tilt20,tilt,1,1,14,2
reference,bricks,L,bw,21.00,3,tilt28,tilt,1,1,14,2
reference,bricks,L,bw,21.00,3,tilt35,tilt,1,1,13,3
reference,bricks,L,bw,21.00,3,mod2,size,0,0,2,0
reference,bricks,L,bw,21.00,3,mod3,size,1,1,3,1
reference,bricks,L,bw,21.00,3,mod4,size,1,1,5,0
reference,bricks,L,bw,21.00,3,mod5,size,1,1,6,1
reference,bricks,L,bw,21.00,3,mod6,size,1,1,8,1
reference,bricks,L,bw,21.00,3,mod12,size,0,0,29,4
reference,bricks,L,bw,21.00,3,blur10,blur,1,1,14,2
reference,bricks,L,bw,21.00,3,blur20,blur,1,0,12,2
reference,bricks,L,bw,21.00,3,blur35,blur,1,1,13,2
reference,bricks,L,bw,21.00,3,jpeg60,jpeg,0,1,22,2
reference,bricks,L,bw,21.00,3,jpeg30,jpeg,1,1,25,3
reference,bricks,L,bw,21.00,3,jpeg15,jpeg,0,1,21,2
reference,bricks,L,bw,21.00,3,light30,light,0,1,16,2
reference,bricks,L,bw,21.00,3,light60,light,0,1,14,1
reference,bricks,L,bw,21.00,3,persp,perspective,1,1,15,2
reference,bricks,L,bw,21.00,3,phone,combined,1,1,17,2
reference,bricks,L,bw,21.00,3,hard,combined,1,1,13,0
reference,bricks,L,navy,13.28,3,front,baseline,1,1,14,2
reference,bricks,L,navy,13.28,3,tilt10,tilt,0,1,15,2
reference,bricks,L,navy,13.28,3,tilt20,tilt,1,1,14,2
reference,bricks,L,navy,13.28,3,tilt28,tilt,1,1,14,2
reference,bricks,L,navy,13.28,3,tilt35,tilt,1,1,14,2
reference,bricks,L,navy,13.28,3,mod2,size,0,0,2,1
reference,bricks,L,navy,13.28,3,mod3,size,1,1,3,1
reference,bricks,L,navy,13.28,3,mod4,size,1,1,6,0
reference,bricks,L,navy,13.28,3,mod5,size,1,1,7,1
reference,bricks,L,navy,13.28,3,mod6,size,1,1,8,2
reference,bricks,L,navy,13.28,3,mod12,size,0,0,34,4
reference,bricks,L,navy,13.28,3,blur10,blur,1,1,18,3
reference,bricks,L,navy,13.28,3,blur20,blur,1,1,13,2
reference,bricks,L,navy,13.28,3,blur35,blur,1,1,14,1
reference,bricks,L,navy,13.28,3,jpeg60,jpeg,0,1,16,3
reference,bricks,L,navy,13.28,3,jpeg30,jpeg,0,1,18,2
reference,bricks,L,navy,13.28,3,jpeg15,jpeg,0,0,21,2
reference,bricks,L,navy,13.28,3,light30,light,1,1,14,2
reference,bricks,L,navy,13.28,3,light60,light,1,1,14,2
reference,bricks,L,navy,13.28,3,persp,perspective,1,1,15,2
reference,bricks,L,navy,13.28,3,phone,combined,1,1,9,1
reference,bricks,L,navy,13.28,3,hard,combined,1,1,8,1
reference,bricks,L,red,6.14,3,front,baseline,1,1,15,2
reference,bricks,L,red,6.14,3,tilt10,tilt,1,1,14,2
reference,bricks,L,red,6.14,3,tilt20,tilt,1,1,14,2
reference,bricks,L,red,6.14,3,tilt28,tilt,1,1,14,2
reference,bricks,L,red,6.14,3,tilt35,tilt,1,1,14,2
reference,bricks,L,red,6.14,3,mod2,size,1,0,2,1
reference,bricks,L,red,6.14,3,mod3,size,1,1,4,0
reference,bricks,L,red,6.14,3,mod4,size,1,1,6,1
reference,bricks,L,red,6.14,3,mod5,size,1,1,6,1
reference,bricks,L,red,6.14,3,mod6,size,1,1,9,1
reference,bricks,L,red,6.14,3,mod12,size,0,0,30,4
reference,bricks,L,red,6.14,3,blur10,blur,1,1,13,2
reference,bricks,L,red,6.14,3,blur20,blur,1,1,14,2
reference,bricks,L,red,6.14,3,blur35,blur,1,1,13,2
reference,bricks,L,red,6.14,3,jpeg60,jpeg,1,1,30,3
reference,bricks,L,red,6.14,3,jpeg30,jpeg,1,1,19,2
reference,bricks,L,red,6.14,3,jpeg15,jpeg,1,1,21,3
reference,bricks,L,red,6.14,3,light30,light,1,1,14,2
reference,bricks,L,red,6.14,3,light60,light,1,1,14,2
reference,bricks,L,red,6.14,3,persp,perspective,1,1,15,2
reference,bricks,L,red,6.14,3,phone,combined,1,1,9,1
reference,bricks,L,red,6.14,3,hard,combined,1,1,9,1
reference,bricks,L,pastel,3.00,3,front,baseline,0,0,17,3
reference,bricks,L,pastel,3.00,3,tilt10,tilt,0,0,18,3
reference,bricks,L,pastel,3.00,3,tilt20,tilt,0,0,18,3
reference,bricks,L,pastel,3.00,3,tilt28,tilt,0,0,16,2
reference,bricks,L,pastel,3.00,3,tilt35,tilt,0,0,18,3
reference,bricks,L,pastel,3.00,3,mod2,size,0,0,2,0
reference,bricks,L,pastel,3.00,3,mod3,size,0,0,5,0
reference,bricks,L,pastel,3.00,3,mod4,size,1,1,5,1
reference,bricks,L,pastel,3.00,3,mod5,size,1,1,7,1
reference,bricks,L,pastel,3.00,3,mod6,size,0,1,9,2
reference,bricks,L,pastel,3.00,3,mod12,size,0,0,32,4
reference,bricks,L,pastel,3.00,3,blur10,blur,0,1,15,3
reference,bricks,L,pastel,3.00,3,blur20,blur,1,1,14,2
reference,bricks,L,pastel,3.00,3,blur35,blur,1,1,12,2
reference,bricks,L,pastel,3.00,3,jpeg60,jpeg,0,0,30,3
reference,bricks,L,pastel,3.00,3,jpeg30,jpeg,0,0,24,2
reference,bricks,L,pastel,3.00,3,jpeg15,jpeg,0,0,24,2
reference,bricks,L,pastel,3.00,3,light30,light,0,0,30,4
reference,bricks,L,pastel,3.00,3,light60,light,0,0,19,2
reference,bricks,L,pastel,3.00,3,persp,perspective,0,0,16,2
reference,bricks,L,pastel,3.00,3,phone,combined,0,1,9,1
reference,bricks,L,pastel,3.00,3,hard,combined,1,1,8,1
reference,bricks,L,gray,3.95,3,front,baseline,0,0,18,2
reference,bricks,L,gray,3.95,3,tilt10,tilt,0,1,15,2
reference,bricks,L,gray,3.95,3,tilt20,tilt,0,0,15,2
reference,bricks,L,gray,3.95,3,tilt28,tilt,0,0,15,2
reference,bricks,L,gray,3.95,3,tilt35,tilt,0,0,14,2
reference,bricks,L,gray,3.95,3,mod2,size,0,0,1,1
reference,bricks,L,gray,3.95,3,mod3,size,0,1,4,0
reference,bricks,L,gray,3.95,3,mod4,size,1,1,5,0
reference,bricks,L,gray,3.95,3,mod5,size,1,1,7,1
reference,bricks,L,gray,3.95,3,mod6,size,0,1,10,2
reference,bricks,L,gray,3.95,3,mod12,size,0,0,32,4
reference,bricks,L,gray,3.95,3,blur10,blur,1,1,18,2
reference,bricks,L,gray,3.95,3,blur20,blur,1,1,14,2
reference,bricks,L,gray,3.95,3,blur35,blur,1,1,14,1
reference,bricks,L,gray,3.95,3,jpeg60,jpeg,0,0,31,2
reference,bricks,L,gray,3.95,3,jpeg30,jpeg,0,0,26,2
reference,bricks,L,gray,3.95,3,jpeg15,jpeg,0,0,25,2
reference,bricks,L,gray,3.95,3,light30,light,0,0,18,2
reference,bricks,L,gray,3.95,3,light60,light,0,0,18,2
reference,bricks,L,gray,3.95,3,persp,perspective,0,0,15,2
reference,bricks,L,gray,3.95,3,phone,combined,1,1,12,1
reference,bricks,L,gray,3.95,3,hard,combined,1,1,8,1
reference,bricks,L,inverted,21.00,3,front,baseline,0,0,20,2
reference,bricks,L,inverted,21.00,3,tilt10,tilt,0,0,14,2
reference,bricks,L,inverted,21.00,3,tilt20,tilt,0,0,14,2
reference,bricks,L,inverted,21.00,3,tilt28,tilt,0,0,14,2
reference,bricks,L,inverted,21.00,3,tilt35,tilt,0,0,14,2
reference,bricks,L,inverted,21.00,3,mod2,size,0,0,1,1
reference,bricks,L,inverted,21.00,3,mod3,size,0,0,5,0
reference,bricks,L,inverted,21.00,3,mod4,size,0,0,4,1
reference,bricks,L,inverted,21.00,3,mod5,size,0,0,7,1
reference,bricks,L,inverted,21.00,3,mod6,size,0,0,9,1
reference,bricks,L,inverted,21.00,3,mod12,size,0,0,35,4
reference,bricks,L,inverted,21.00,3,blur10,blur,0,0,12,2
reference,bricks,L,inverted,21.00,3,blur20,blur,0,0,13,2
reference,bricks,L,inverted,21.00,3,blur35,blur,0,0,12,2
reference,bricks,L,inverted,21.00,3,jpeg60,jpeg,0,0,28,3
reference,bricks,L,inverted,21.00,3,jpeg30,jpeg,0,0,19,2
reference,bricks,L,inverted,21.00,3,jpeg15,jpeg,0,0,25,2
reference,bricks,L,inverted,21.00,3,light30,light,0,0,22,4
reference,bricks,L,inverted,21.00,3,light60,light,0,0,14,2
reference,bricks,L,inverted,21.00,3,persp,perspective,0,0,14,2
reference,bricks,L,inverted,21.00,3,phone,combined,0,0,9,0
reference,bricks,L,inverted,21.00,3,hard,combined,0,0,11,0
reference,bricks,M,bw,21.00,4,front,baseline,1,1,18,2
reference,bricks,M,bw,21.00,4,tilt10,tilt,1,1,19,2
reference,bricks,M,bw,21.00,4,tilt20,tilt,1,1,17,3
reference,bricks,M,bw,21.00,4,tilt28,tilt,1,1,17,3
reference,bricks,M,bw,21.00,4,tilt35,tilt,1,1,17,3
reference,bricks,M,bw,21.00,4,mod2,size,1,0,3,0
reference,bricks,M,bw,21.00,4,mod3,size,1,1,4,1
reference,bricks,M,bw,21.00,4,mod4,size,1,1,6,1
reference,bricks,M,bw,21.00,4,mod5,size,1,1,9,1
reference,bricks,M,bw,21.00,4,mod6,size,1,1,14,2
reference,bricks,M,bw,21.00,4,mod12,size,0,0,37,5
reference,bricks,M,bw,21.00,4,blur10,blur,1,1,16,2
reference,bricks,M,bw,21.00,4,blur20,blur,1,1,17,3
reference,bricks,M,bw,21.00,4,blur35,blur,1,1,15,3
reference,bricks,M,bw,21.00,4,jpeg60,jpeg,1,1,28,3
reference,bricks,M,bw,21.00,4,jpeg30,jpeg,1,1,26,2
reference,bricks,M,bw,21.00,4,jpeg15,jpeg,1,1,23,2
reference,bricks,M,bw,21.00,4,light30,light,1,1,18,2
reference,bricks,M,bw,21.00,4,light60,light,1,1,17,2
reference,bricks,M,bw,21.00,4,persp,perspective,1,1,18,2
reference,bricks,M,bw,21.00,4,phone,combined,1,1,14,2
reference,bricks,M,bw,21.00,4,hard,combined,1,1,9,1
reference,bricks,M,navy,13.28,4,front,baseline,1,1,18,2
reference,bricks,M,navy,13.28,4,tilt10,tilt,1,1,18,3
reference,bricks,M,navy,13.28,4,tilt20,tilt,0,1,18,2
reference,bricks,M,navy,13.28,4,tilt28,tilt,1,1,22,4
reference,bricks,M,navy,13.28,4,tilt35,tilt,1,1,17,3
reference,bricks,M,navy,13.28,4,mod2,size,1,0,3,0
reference,bricks,M,navy,13.28,4,mod3,size,1,1,4,1
reference,bricks,M,navy,13.28,4,mod4,size,1,1,7,0
reference,bricks,M,navy,13.28,4,mod5,size,1,1,8,1
reference,bricks,M,navy,13.28,4,mod6,size,1,1,10,2
reference,bricks,M,navy,13.28,4,mod12,size,0,0,35,6
reference,bricks,M,navy,13.28,4,blur10,blur,1,1,17,3
reference,bricks,M,navy,13.28,4,blur20,blur,1,1,16,3
reference,bricks,M,navy,13.28,4,blur35,blur,1,1,30,4
reference,bricks,M,navy,13.28,4,jpeg60,jpeg,0,1,30,3
reference,bricks,M,navy,13.28,4,jpeg30,jpeg,1,1,23,3
reference,bricks,M,navy,13.28,4,jpeg15,jpeg,0,1,26,3
reference,bricks,M,navy,13.28,4,light30,light,1,1,19,2
reference,bricks,M,navy,13.28,4,light60,light,1,1,18,2
reference,bricks,M,navy,13.28,4,persp,perspective,1,1,19,4
reference,bricks,M,navy,13.28,4,phone,combined,1,1,12,1
reference,bricks,M,navy,13.28,4,hard,combined,1,1,9,1
reference,bricks,M,red,6.14,4,front,baseline,1,1,18,3
reference,bricks,M,red,6.14,4,tilt10,tilt,1,1,18,3
reference,bricks,M,red,6.14,4,tilt20,tilt,1,1,17,2
reference,bricks,M,red,6.14,4,tilt28,tilt,1,1,24,3
reference,bricks,M,red,6.14,4,tilt35,tilt,1,1,18,3
reference,bricks,M,red,6.14,4,mod2,size,1,0,4,0
reference,bricks,M,red,6.14,4,mod3,size,1,1,5,0
reference,bricks,M,red,6.14,4,mod4,size,1,1,7,0
reference,bricks,M,red,6.14,4,mod5,size,1,1,7,1
reference,bricks,M,red,6.14,4,mod6,size,1,1,11,2
reference,bricks,M,red,6.14,4,mod12,size,0,0,37,5
reference,bricks,M,red,6.14,4,blur10,blur,1,1,18,2
reference,bricks,M,red,6.14,4,blur20,blur,1,1,16,3
reference,bricks,M,red,6.14,4,blur35,blur,1,1,16,3
reference,bricks,M,red,6.14,4,jpeg60,jpeg,0,1,34,3
reference,bricks,M,red,6.14,4,jpeg30,jpeg,0,1,31,3
reference,bricks,M,red,6.14,4,jpeg15,jpeg,1,0,25,3
reference,bricks,M,red,6.14,4,light30,light,1,1,17,3
reference,bricks,M,red,6.14,4,light60,light,1,1,17,3
reference,bricks,M,red,6.14,4,persp,perspective,1,1,18,2
reference,bricks,M,red,6.14,4,phone,combined,1,1,15,1
reference,bricks,M,red,6.14,4,hard,combined,1,1,9,1
reference,bricks,M,pastel,3.00,4,front,baseline,0,0,22,2
reference,bricks,M,pastel,3.00,4,tilt10,tilt,0,0,22,3
reference,bricks,M,pastel,3.00,4,tilt20,tilt,0,0,24,3
reference,bricks,M,pastel,3.00,4,tilt28,tilt,0,0,27,2
reference,bricks,M,pastel,3.00,4,tilt35,tilt,0,0,21,3
reference,bricks,M,pastel,3.00,4,mod2,size,0,0,3,0
reference,bricks,M,pastel,3.00,4,mod3,size,0,1,5,1
reference,bricks,M,pastel,3.00,4,mod4,size,0,0,9,1
reference,bricks,M,pastel,3.00,4,mod5,size,1,1,10,2
reference,bricks,M,pastel,3.00,4,mod6,size,0,1,12,2
reference,bricks,M,pastel,3.00,4,mod12,size,0,0,41,5
reference,bricks,M,pastel,3.00,4,blur10,blur,0,1,20,2
reference,bricks,M,pastel,3.00,4,blur20,blur,1,1,18,2
reference,bricks,M,pastel,3.00,4,blur35,blur,1,1,16,3
reference,bricks,M,pastel,3.00,4,jpeg60,jpeg,0,0,47,5
reference,bricks,M,pastel,3.00,4,jpeg30,jpeg,0,0,29,2
reference,bricks,M,pastel,3.00,4,jpeg15,jpeg,0,0,29,2
reference,bricks,M,pastel,3.00,4,light30,light,0,0,25,4
reference,bricks,M,pastel,3.00,4,light60,light,0,0,28,2
reference,bricks,M,pastel,3.00,4,persp,perspective,0,0,25,2
reference,bricks,M,pastel,3.00,4,phone,combined,1,1,16,1
reference,bricks,M,pastel,3.00,4,hard,combined,1,0,13,0
reference,bricks,M,gray,3.95,4,front,baseline,0,0,22,3
reference,bricks,M,gray,3.95,4,tilt10,tilt,0,0,20,3
reference,bricks,M,gray,3.95,4,tilt20,tilt,0,0,19,3
reference,bricks,M,gray,3.95,4,tilt28,tilt,0,0,24,3
reference,bricks,M,gray,3.95,4,tilt35,tilt,0,1,20,3
reference,bricks,M,gray,3.95,4,mod2,size,0,0,3,0
reference,bricks,M,gray,3.95,4,mod3,size,1,1,9,1
reference,bricks,M,gray,3.95,4,mod4,size,0,0,12,1
reference,bricks,M,gray,3.95,4,mod5,size,1,1,9,1
reference,bricks,M,gray,3.95,4,mod6,size,1,1,12,2
reference,bricks,M,gray,3.95,4,mod12,size,0,0,61,8
reference,bricks,M,gray,3.95,4,blur10,blur,1,1,20,3
reference,bricks,M,gray,3.95,4,blur20,blur,1,1,25,5
reference,bricks,M,gray,3.95,4,blur35,blur,1,1,16,2
reference,bricks,M,gray,3.95,4,jpeg60,jpeg,0,0,39,3
reference,bricks,M,gray,3.95,4,jpeg30,jpeg,0,1,49,3
reference,bricks,M,gray,3.95,4,jpeg15,jpeg,0,0,31,3
reference,bricks,M,gray,3.95,4,light30,light,0,0,22,2
reference,bricks,M,gray,3.95,4,light60,light,0,0,22,3
reference,bricks,M,gray,3.95,4,persp,perspective,0,0,32,4
reference,bricks,M,gray,3.95,4,phone,combined,1,1,11,2
reference,bricks,M,gray,3.95,4,hard,combined,1,1,10,0
reference,bricks,M,inverted,21.00,4,front,baseline,0,0,19,3
reference,bricks,M,inverted,21.00,4,tilt10,tilt,0,0,20,2
reference,bricks,M,inverted,21.00,4,tilt20,tilt,0,0,24,3
reference,bricks,M,inverted,21.00,4,tilt28,tilt,0,0,17,3
reference,bricks,M,inverted,21.00,4,tilt35,tilt,0,0,17,3
reference,bricks,M,inverted,21.00,4,mod2,size,0,0,3,1
reference,bricks,M,inverted,21.00,4,mod3,size,0,0,4,1
reference,bricks,M,inverted,21.00,4,mod4,size,0,0,4,1
reference,bricks,M,inverted,21.00,4,mod5,size,0,0,10,1
reference,bricks,M,inverted,21.00,4,mod6,size,0,0,10,2
reference,bricks,M,inverted,21.00,4,mod12,size,0,0,45,6
reference,bricks,M,inverted,21.00,4,blur10,blur,0,0,16,2
reference,bricks,M,inverted,21.00,4,blur20,blur,0,0,16,2
reference,bricks,M,inverted,21.00,4,blur35,blur,0,0,16,2
reference,bricks,M,inverted,21.00,4,jpeg60,jpeg,0,0,35,2
reference,bricks,M,inverted,21.00,4,jpeg30,jpeg,0,0,30,2
reference,bricks,M,inverted,21.00,4,jpeg15,jpeg,0,0,34,2
reference,bricks,M,inverted,21.00,4,light30,light,0,0,21,3
reference,bricks,M,inverted,21.00,4,light60,light,0,0,19,3
reference,bricks,M,inverted,21.00,4,persp,perspective,0,0,18,3
reference,bricks,M,inverted,21.00,4,phone,combined,0,0,11,1
reference,bricks,M,inverted,21.00,4,hard,combined,0,0,10,0
reference,bricks,Q,bw,21.00,4,front,baseline,1,1,24,3
reference,bricks,Q,bw,21.00,4,tilt10,tilt,1,1,18,3
reference,bricks,Q,bw,21.00,4,tilt20,tilt,0,1,18,3
reference,bricks,Q,bw,21.00,4,tilt28,tilt,1,1,27,4
reference,bricks,Q,bw,21.00,4,tilt35,tilt,1,1,18,3
reference,bricks,Q,bw,21.00,4,mod2,size,1,0,3,0
reference,bricks,Q,bw,21.00,4,mod3,size,1,1,3,1
reference,bricks,Q,bw,21.00,4,mod4,size,1,1,7,0
reference,bricks,Q,bw,21.00,4,mod5,size,1,1,8,1
reference,bricks,Q,bw,21.00,4,mod6,size,1,1,11,2
reference,bricks,Q,bw,21.00,4,mod12,size,0,0,39,6
reference,bricks,Q,bw,21.00,4,blur10,blur,1,1,18,2
reference,bricks,Q,bw,21.00,4,blur20,blur,1,1,16,3
reference,bricks,Q,bw,21.00,4,blur35,blur,1,1,18,2
reference,bricks,Q,bw,21.00,4,jpeg60,jpeg,0,1,33,2
reference,bricks,Q,bw,21.00,4,jpeg30,jpeg,0,1,24,4
reference,bricks,Q,bw,21.00,4,jpeg15,jpeg,1,1,25,3
reference,bricks,Q,bw,21.00,4,light30,light,1,1,24,2
reference,bricks,Q,bw,21.00,4,light60,light,1,1,18,2
reference,bricks,Q,bw,21.00,4,persp,perspective,1,1,19,2
reference,bricks,Q,bw,21.00,4,phone,combined,1,1,12,1
reference,bricks,Q,bw,21.00,4,hard,combined,1,1,9,1
reference,bricks,Q,navy,13.28,4,front,baseline,1,1,18,2
reference,bricks,Q,navy,13.28,4,tilt10,tilt,1,1,17,3
reference,bricks,Q,navy,13.28,4,tilt20,tilt,0,1,17,2
reference,bricks,Q,navy,13.28,4,tilt28,tilt,1,1,22,3
reference,bricks,Q,navy,13.28,4,tilt35,tilt,1,1,17,3
reference,bricks,Q,navy,13.28,4,mod2,size,1,0,4,0
reference,bricks,Q,navy,13.28,4,mod3,size,1,1,4,1
reference,bricks,Q,navy,13.28,4,mod4,size,1,1,6,1
reference,bricks,Q,navy,13.28,4,mod5,size,1,1,7,1
reference,bricks,Q,navy,13.28,4,mod6,size,1,1,10,1
reference,bricks,Q,navy,13.28,4,mod12,size,0,0,36,5
reference,bricks,Q,navy,13.28,4,blur10,blur,1,1,16,3
reference,bricks,Q,navy,13.28,4,blur20,blur,1,1,15,3
reference,bricks,Q,navy,13.28,4,blur35,blur,1,1,16,2
reference,bricks,Q,navy,13.28,4,jpeg60,jpeg,0,1,35,5
reference,bricks,Q,navy,13.28,4,jpeg30,jpeg,0,1,34,2
reference,bricks,Q,navy,13.28,4,jpeg15,jpeg,0,1,25,2
reference,bricks,Q,navy,13.28,4,light30,light,1,1,18,2
reference,bricks,Q,navy,13.28,4,light60,light,1,1,17,3
reference,bricks,Q,navy,13.28,4,persp,perspective,1,1,18,2
reference,bricks,Q,navy,13.28,4,phone,combined,1,1,11,1
reference,bricks,Q,navy,13.28,4,hard,combined,1,1,9,1
reference,bricks,Q,red,6.14,4,front,baseline,1,1,18,3
reference,bricks,Q,red,6.14,4,tilt10,tilt,1,1,19,3
reference,bricks,Q,red,6.14,4,tilt20,tilt,1,0,18,3
reference,bricks,Q,red,6.14,4,tilt28,tilt,1,1,28,5
reference,bricks,Q,red,6.14,4,tilt35,tilt,1,1,18,3
reference,bricks,Q,red,6.14,4,mod2,size,1,0,3,1
reference,bricks,Q,red,6.14,4,mod3,size,1,1,6,0
reference,bricks,Q,red,6.14,4,mod4,size,1,1,8,1
reference,bricks,Q,red,6.14,4,mod5,size,1,1,8,1
reference,bricks,Q,red,6.14,4,mod6,size,1,1,11,2
reference,bricks,Q,red,6.14,4,mod12,size,0,0,40,9
reference,bricks,Q,red,6.14,4,blur10,blur,1,1,17,3
reference,bricks,Q,red,6.14,4,blur20,blur,1,1,16,3
reference,bricks,Q,red,6.14,4,blur35,blur,1,1,15,3
reference,bricks,Q,red,6.14,4,jpeg60,jpeg,0,1,50,5
reference,bricks,Q,red,6.14,4,jpeg30,jpeg,0,1,29,3
reference,bricks,Q,red,6.14,4,jpeg15,jpeg,1,0,24,2
reference,bricks,Q,red,6.14,4,light30,light,1,1,18,2
reference,bricks,Q,red,6.14,4,light60,light,1,1,20,2
reference,bricks,Q,red,6.14,4,persp,perspective,1,1,19,3
reference,bricks,Q,red,6.14,4,phone,combined,1,1,15,1
reference,bricks,Q,red,6.14,4,hard,combined,1,1,10,1
reference,bricks,Q,pastel,3.00,4,front,baseline,0,0,28,2
reference,bricks,Q,pastel,3.00,4,tilt10,tilt,0,0,22,2
reference,bricks,Q,pastel,3.00,4,tilt20,tilt,0,0,22,3
reference,bricks,Q,pastel,3.00,4,tilt28,tilt,0,0,27,3
reference,bricks,Q,pastel,3.00,4,tilt35,tilt,0,0,22,3
reference,bricks,Q,pastel,3.00,4,mod2,size,0,0,3,0
reference,bricks,Q,pastel,3.00,4,mod3,size,0,0,6,0
reference,bricks,Q,pastel,3.00,4,mod4,size,0,0,10,0
reference,bricks,Q,pastel,3.00,4,mod5,size,1,1,10,1
reference,bricks,Q,pastel,3.00,4,mod6,size,1,1,13,2
reference,bricks,Q,pastel,3.00,4,mod12,size,0,0,48,6
reference,bricks,Q,pastel,3.00,4,blur10,blur,1,1,21,2
reference,bricks,Q,pastel,3.00,4,blur20,blur,1,1,18,2
reference,bricks,Q,pastel,3.00,4,blur35,blur,1,1,16,3
reference,bricks,Q,pastel,3.00,4,jpeg60,jpeg,0,0,34,3
reference,bricks,Q,pastel,3.00,4,jpeg30,jpeg,0,0,30,3
reference,bricks,Q,pastel,3.00,4,jpeg15,jpeg,0,0,30,2
reference,bricks,Q,pastel,3.00,4,light30,light,0,0,23,2
reference,bricks,Q,pastel,3.00,4,light60,light,0,0,23,2
reference,bricks,Q,pastel,3.00,4,persp,perspective,0,0,22,2
reference,bricks,Q,pastel,3.00,4,phone,combined,1,1,12,1
reference,bricks,Q,pastel,3.00,4,hard,combined,1,1,9,1
reference,bricks,Q,gray,3.95,4,front,baseline,0,0,23,3
reference,bricks,Q,gray,3.95,4,tilt10,tilt,0,0,20,2
reference,bricks,Q,gray,3.95,4,tilt20,tilt,1,0,19,3
reference,bricks,Q,gray,3.95,4,tilt28,tilt,0,0,30,3
reference,bricks,Q,gray,3.95,4,tilt35,tilt,0,1,19,2
reference,bricks,Q,gray,3.95,4,mod2,size,1,0,3,1
reference,bricks,Q,gray,3.95,4,mod3,size,1,1,6,0
reference,bricks,Q,gray,3.95,4,mod4,size,0,0,7,1
reference,bricks,Q,gray,3.95,4,mod5,size,1,1,9,1
reference,bricks,Q,gray,3.95,4,mod6,size,1,1,12,1
reference,bricks,Q,gray,3.95,4,mod12,size,0,0,40,5
reference,bricks,Q,gray,3.95,4,blur10,blur,1,1,19,2
reference,bricks,Q,gray,3.95,4,blur20,blur,1,1,17,3
reference,bricks,Q,gray,3.95,4,blur35,blur,1,1,17,3
reference,bricks,Q,gray,3.95,4,jpeg60,jpeg,0,0,36,2
reference,bricks,Q,gray,3.95,4,jpeg30,jpeg,0,1,31,3
reference,bricks,Q,gray,3.95,4,jpeg15,jpeg,0,0,49,5
reference,bricks,Q,gray,3.95,4,light30,light,0,0,22,2
reference,bricks,Q,gray,3.95,4,light60,light,0,0,22,2
reference,bricks,Q,gray,3.95,4,persp,perspective,0,0,20,3
reference,bricks,Q,gray,3.95,4,phone,combined,1,1,12,1
reference,bricks,Q,gray,3.95,4,hard,combined,1,1,9,1
reference,bricks,Q,inverted,21.00,4,front,baseline,0,0,20,2
reference,bricks,Q,inverted,21.00,4,tilt10,tilt,0,0,18,2
reference,bricks,Q,inverted,21.00,4,tilt20,tilt,0,0,18,2
reference,bricks,Q,inverted,21.00,4,tilt28,tilt,0,0,22,2
reference,bricks,Q,inverted,21.00,4,tilt35,tilt,0,0,17,3
reference,bricks,Q,inverted,21.00,4,mod2,size,0,0,3,0
reference,bricks,Q,inverted,21.00,4,mod3,size,0,0,4,0
reference,bricks,Q,inverted,21.00,4,mod4,size,0,0,5,0
reference,bricks,Q,inverted,21.00,4,mod5,size,0,0,8,1
reference,bricks,Q,inverted,21.00,4,mod6,size,0,0,10,2
reference,bricks,Q,inverted,21.00,4,mod12,size,0,0,46,5
reference,bricks,Q,inverted,21.00,4,blur10,blur,0,0,17,2
reference,bricks,Q,inverted,21.00,4,blur20,blur,0,0,17,2
reference,bricks,Q,inverted,21.00,4,blur35,blur,0,0,16,3
reference,bricks,Q,inverted,21.00,4,jpeg60,jpeg,0,0,30,2
reference,bricks,Q,inverted,21.00,4,jpeg30,jpeg,0,0,35,4
reference,bricks,Q,inverted,21.00,4,jpeg15,jpeg,0,0,35,3
reference,bricks,Q,inverted,21.00,4,light30,light,0,0,19,2
reference,bricks,Q,inverted,21.00,4,light60,light,0,0,20,3
reference,bricks,Q,inverted,21.00,4,persp,perspective,0,0,31,4
reference,bricks,Q,inverted,21.00,4,phone,combined,0,0,11,1
reference,bricks,Q,inverted,21.00,4,hard,combined,0,0,11,1
reference,bricks,H,bw,21.00,5,front,baseline,1,1,22,3
reference,bricks,H,bw,21.00,5,tilt10,tilt,1,1,25,3
reference,bricks,H,bw,21.00,5,tilt20,tilt,1,1,22,3
reference,bricks,H,bw,21.00,5,tilt28,tilt,1,1,21,3
reference,bricks,H,bw,21.00,5,tilt35,tilt,1,1,22,3
reference,bricks,H,bw,21.00,5,mod2,size,1,0,3,1
reference,bricks,H,bw,21.00,5,mod3,size,1,1,4,1
reference,bricks,H,bw,21.00,5,mod4,size,1,1,7,1
reference,bricks,H,bw,21.00,5,mod5,size,1,1,8,2
reference,bricks,H,bw,21.00,5,mod6,size,1,1,12,1
reference,bricks,H,bw,21.00,5,mod12,size,0,0,44,6
reference,bricks,H,bw,21.00,5,blur10,blur,1,1,21,3
reference,bricks,H,bw,21.00,5,blur20,blur,1,1,20,3
reference,bricks,H,bw,21.00,5,blur35,blur,1,1,25,3
reference,bricks,H,bw,21.00,5,jpeg60,jpeg,0,1,36,3
reference,bricks,H,bw,21.00,5,jpeg30,jpeg,1,1,26,3
reference,bricks,H,bw,21.00,5,jpeg15,jpeg,1,1,29,3
reference,bricks,H,bw,21.00,5,light30,light,1,1,22,2
reference,bricks,H,bw,21.00,5,light60,light,1,1,21,3
reference,bricks,H,bw,21.00,5,persp,perspective,1,1,21,3
reference,bricks,H,bw,21.00,5,phone,combined,1,1,15,1
reference,bricks,H,bw,21.00,5,hard,combined,1,1,8,2
reference,bricks,H,navy,13.28,5,front,baseline,1,1,24,3
reference,bricks,H,navy,13.28,5,tilt10,tilt,1,1,22,3
reference,bricks,H,navy,13.28,5,tilt20,tilt,1,1,21,4
reference,bricks,H,navy,13.28,5,tilt28,tilt,1,1,21,3
reference,bricks,H,navy,13.28,5,tilt35,tilt,1,1,21,4
reference,bricks,H,navy,13.28,5,mod2,size,1,0,4,0
reference,bricks,H,navy,13.28,5,mod3,size,1,1,5,1
reference,bricks,H,navy,13.28,5,mod4,size,1,1,8,1
reference,bricks,H,navy,13.28,5,mod5,size,1,1,10,1
reference,bricks,H,navy,13.28,5,mod6,size,1,1,12,1
reference,bricks,H,navy,13.28,5,mod12,size,0,0,47,5
reference,bricks,H,navy,13.28,5,blur10,blur,1,1,26,3
reference,bricks,H,navy,13.28,5,blur20,blur,1,1,21,3
reference,bricks,H,navy,13.28,5,blur35,blur,1,1,20,3
reference,bricks,H,navy,13.28,5,jpeg60,jpeg,0,1,33,3
reference,bricks,H,navy,13.28,5,jpeg30,jpeg,0,1,33,3
reference,bricks,H,navy,13.28,5,jpeg15,jpeg,0,0,35,3
reference,bricks,H,navy,13.28,5,light30,light,1,1,23,3
reference,bricks,H,navy,13.28,5,light60,light,1,1,24,2
reference,bricks,H,navy,13.28,5,persp,perspective,1,1,24,3
reference,bricks,H,navy,13.28,5,phone,combined,1,1,16,1
reference,bricks,H,navy,13.28,5,hard,combined,1,1,11,1
reference,bricks,H,red,6.14,5,front,baseline,1,1,31,3
reference,bricks,H,red,6.14,5,tilt10,tilt,1,1,24,3
reference,bricks,H,red,6.14,5,tilt20,tilt,1,1,22,3
reference,bricks,H,red,6.14,5,tilt28,tilt,1,1,22,3
reference,bricks,H,red,6.14,5,tilt35,tilt,1,1,22,4
reference,bricks,H,red,6.14,5,mod2,size,1,0,4,0
reference,bricks,H,red,6.14,5,mod3,size,1,1,6,1
reference,bricks,H,red,6.14,5,mod4,size,1,1,8,1
reference,bricks,H,red,6.14,5,mod5,size,1,1,9,2
reference,bricks,H,red,6.14,5,mod6,size,1,1,21,3
reference,bricks,H,red,6.14,5,mod12,size,0,0,49,7
reference,bricks,H,red,6.14,5,blur10,blur,1,1,21,3
reference,bricks,H,red,6.14,5,blur20,blur,1,1,31,3
reference,bricks,H,red,6.14,5,blur35,blur,1,1,20,3
reference,bricks,H,red,6.14,5,jpeg60,jpeg,1,1,43,3
reference,bricks,H,red,6.14,5,jpeg30,jpeg,0,1,32,3
reference,bricks,H,red,6.14,5,jpeg15,jpeg,1,1,32,3
reference,bricks,H,red,6.14,5,light30,light,1,1,23,3
reference,bricks,H,red,6.14,5,light60,light,1,1,22,3
reference,bricks,H,red,6.14,5,persp,perspective,1,1,23,3
reference,bricks,H,red,6.14,5,phone,combined,1,1,24,2
reference,bricks,H,red,6.14,5,hard,combined,1,1,8,1
reference,bricks,H,pastel,3.00,5,front,baseline,0,0,28,3
reference,bricks,H,pastel,3.00,5,tilt10,tilt,0,0,28,4
reference,bricks,H,pastel,3.00,5,tilt20,tilt,0,0,25,4
reference,bricks,H,pastel,3.00,5,tilt28,tilt,0,0,26,3
reference,bricks,H,pastel,3.00,5,tilt35,tilt,0,0,48,7
reference,bricks,H,pastel,3.00,5,mod2,size,1,0,8,1
reference,bricks,H,pastel,3.00,5,mod3,size,1,1,12,1
reference,bricks,H,pastel,3.00,5,mod4,size,1,1,17,2
reference,bricks,H,pastel,3.00,5,mod5,size,1,1,12,1
reference,bricks,H,pastel,3.00,5,mod6,size,1,1,15,2
reference,bricks,H,pastel,3.00,5,mod12,size,0,0,50,6
reference,bricks,H,pastel,3.00,5,blur10,blur,0,1,30,2
reference,bricks,H,pastel,3.00,5,blur20,blur,1,1,21,3
reference,bricks,H,pastel,3.00,5,blur35,blur,1,1,19,3
reference,bricks,H,pastel,3.00,5,jpeg60,jpeg,0,0,38,3
reference,bricks,H,pastel,3.00,5,jpeg30,jpeg,0,0,34,3
reference,bricks,H,pastel,3.00,5,jpeg15,jpeg,0,0,34,3
reference,bricks,H,pastel,3.00,5,light30,light,0,0,27,3
reference,bricks,H,pastel,3.00,5,light60,light,0,0,30,3
reference,bricks,H,pastel,3.00,5,persp,perspective,0,0,27,2
reference,bricks,H,pastel,3.00,5,phone,combined,1,1,14,2
reference,bricks,H,pastel,3.00,5,hard,combined,1,1,10,2
reference,bricks,H,gray,3.95,5,front,baseline,0,0,30,2
reference,bricks,H,gray,3.95,5,tilt10,tilt,1,1,26,4
reference,bricks,H,gray,3.95,5,tilt20,tilt,0,0,23,8
reference,bricks,H,gray,3.95,5,tilt28,tilt,1,0,24,3
reference,bricks,H,gray,3.95,5,tilt35,tilt,0,0,24,3
reference,bricks,H,gray,3.95,5,mod2,size,1,0,4,1
reference,bricks,H,gray,3.95,5,mod3,size,1,1,6,1
reference,bricks,H,gray,3.95,5,mod4,size,1,1,8,1
reference,bricks,H,gray,3.95,5,mod5,size,1,1,11,2
reference,bricks,H,gray,3.95,5,mod6,size,1,1,14,2
reference,bricks,H,gray,3.95,5,mod12,size,0,0,50,6
reference,bricks,H,gray,3.95,5,blur10,blur,1,1,22,3
reference,bricks,H,gray,3.95,5,blur20,blur,1,1,25,3
reference,bricks,H,gray,3.95,5,blur35,blur,1,1,20,3
reference,bricks,H,gray,3.95,5,jpeg60,jpeg,0,0,46,4
reference,bricks,H,gray,3.95,5,jpeg30,jpeg,0,0,34,3
reference,bricks,H,gray,3.95,5,jpeg15,jpeg,0,0,35,3
reference,bricks,H,gray,3.95,5,light30,light,0,0,26,3
reference,bricks,H,gray,3.95,5,light60,light,0,0,30,3
reference,bricks,H,gray,3.95,5,persp,perspective,0,1,26,3
reference,bricks,H,gray,3.95,5,phone,combined,1,1,25,2
reference,bricks,H,gray,3.95,5,hard,combined,1,0,8,2
reference,bricks,H,inverted,21.00,5,front,baseline,0,0,25,3
reference,bricks,H,inverted,21.00,5,tilt10,tilt,0,0,22,3
reference,bricks,H,inverted,21.00,5,tilt20,tilt,0,0,23,3
reference,bricks,H,inverted,21.00,5,tilt28,tilt,0,0,22,3
reference,bricks,H,inverted,21.00,5,tilt35,tilt,0,0,22,3
reference,bricks,H,inverted,21.00,5,mod2,size,0,0,3,0
reference,bricks,H,inverted,21.00,5,mod3,size,0,0,4,1
reference,bricks,H,inverted,21.00,5,mod4,size,0,0,7,1
reference,bricks,H,inverted,21.00,5,mod5,size,0,0,12,1
reference,bricks,H,inverted,21.00,5,mod6,size,0,0,25,3
reference,bricks,H,inverted,21.00,5,mod12,size,0,0,58,6
reference,bricks,H,inverted,21.00,5,blur10,blur,0,0,20,3
reference,bricks,H,inverted,21.00,5,blur20,blur,0,0,26,3
reference,bricks,H,inverted,21.00,5,blur35,blur,0,0,21,6
reference,bricks,H,inverted,21.00,5,jpeg60,jpeg,0,0,52,6
reference,bricks,H,inverted,21.00,5,jpeg30,jpeg,0,0,52,3
reference,bricks,H,inverted,21.00,5,jpeg15,jpeg,0,0,34,4
reference,bricks,H,inverted,21.00,5,light30,light,0,0,23,3
reference,bricks,H,inverted,21.00,5,light60,light,0,0,26,3
reference,bricks,H,inverted,21.00,5,persp,perspective,0,0,24,3
reference,bricks,H,inverted,21.00,5,phone,combined,0,0,16,1
reference,bricks,H,inverted,21.00,5,hard,combined,0,0,10,2
reference,glow,L,bw,21.00,3,front,baseline,1,1,16,2
reference,glow,L,bw,21.00,3,tilt10,tilt,1,1,15,2
reference,glow,L,bw,21.00,3,tilt20,tilt,0,1,17,2
reference,glow,L,bw,21.00,3,tilt28,tilt,1,1,21,3
reference,glow,L,bw,21.00,3,tilt35,tilt,0,1,15,3
reference,glow,L,bw,21.00,3,mod2,size,0,0,3,0
reference,glow,L,bw,21.00,3,mod3,size,1,1,3,1
reference,glow,L,bw,21.00,3,mod4,size,1,1,5,1
reference,glow,L,bw,21.00,3,mod5,size,1,1,7,1
reference,glow,L,bw,21.00,3,mod6,size,1,1,10,1
reference,glow,L,bw,21.00,3,mod12,size,0,0,31,4
reference,glow,L,bw,21.00,3,blur10,blur,1,1,16,2
reference,glow,L,bw,21.00,3,blur20,blur,1,1,14,2
reference,glow,L,bw,21.00,3,blur35,blur,1,1,13,2
reference,glow,L,bw,21.00,3,jpeg60,jpeg,0,1,25,2
reference,glow,L,bw,21.00,3,jpeg30,jpeg,1,1,23,2
reference,glow,L,bw,21.00,3,jpeg15,jpeg,1,1,23,2
reference,glow,L,bw,21.00,3,light30,light,1,1,31,3
reference,glow,L,bw,21.00,3,light60,light,1,1,16,2
reference,glow,L,bw,21.00,3,persp,perspective,1,1,15,2
reference,glow,L,bw,21.00,3,phone,combined,1,1,12,1
reference,glow,L,bw,21.00,3,hard,combined,1,1,8,1
reference,glow,L,navy,13.28,3,front,baseline,1,1,29,4
reference,glow,L,navy,13.28,3,tilt10,tilt,1,1,16,2
reference,glow,L,navy,13.28,3,tilt20,tilt,0,1,16,2
reference,glow,L,navy,13.28,3,tilt28,tilt,0,1,16,2
reference,glow,L,navy,13.28,3,tilt35,tilt,0,1,15,2
reference,glow,L,navy,13.28,3,mod2,size,0,0,2,1
reference,glow,L,navy,13.28,3,mod3,size,1,1,3,1
reference,glow,L,navy,13.28,3,mod4,size,1,1,6,0
reference,glow,L,navy,13.28,3,mod5,size,1,1,8,1
reference,glow,L,navy,13.28,3,mod6,size,1,1,10,2
reference,glow,L,navy,13.28,3,mod12,size,0,0,31,4
reference,glow,L,navy,13.28,3,blur10,blur,1,1,19,3
reference,glow,L,navy,13.28,3,blur20,blur,1,1,21,1
reference,glow,L,navy,13.28,3,blur35,blur,1,1,13,3
reference,glow,L,navy,13.28,3,jpeg60,jpeg,1,1,32,2
reference,glow,L,navy,13.28,3,jpeg30,jpeg,1,1,19,2
reference,glow,L,navy,13.28,3,jpeg15,jpeg,0,1,23,2
reference,glow,L,navy,13.28,3,light30,light,1,1,16,2
reference,glow,L,navy,13.28,3,light60,light,1,1,16,2
reference,glow,L,navy,13.28,3,persp,perspective,1,1,16,2
reference,glow,L,navy,13.28,3,phone,combined,1,1,16,1
reference,glow,L,navy,13.28,3,hard,combined,1,1,5,1
reference,glow,L,red,6.14,3,front,baseline,1,1,17,2
reference,glow,L,red,6.14,3,tilt10,tilt,1,1,16,2
reference,glow,L,red,6.14,3,tilt20,tilt,0,1,16,3
reference,glow,L,red,6.14,3,tilt28,tilt,0,1,16,2
reference,glow,L,red,6.14,3,tilt35,tilt,0,1,15,3
reference,glow,L,red,6.14,3,mod2,size,0,0,2,1
reference,glow,L,red,6.14,3,mod3,size,1,1,4,0
reference,glow,L,red,6.14,3,mod4,size,1,1,5,1
reference,glow,L,red,6.14,3,mod5,size,1,1,6,0
reference,glow,L,red,6.14,3,mod6,size,1,1,10,1
reference,glow,L,red,6.14,3,mod12,size,0,0,31,4
reference,glow,L,red,6.14,3,blur10,blur,1,1,25,2
reference,glow,L,red,6.14,3,blur20,blur,1,1,16,3
reference,glow,L,red,6.14,3,blur35,blur,1,1,13,2
reference,glow,L,red,6.14,3,jpeg60,jpeg,0,1,33,3
reference,glow,L,red,6.14,3,jpeg30,jpeg,0,1,25,3
reference,glow,L,red,6.14,3,jpeg15,jpeg,0,1,25,2
reference,glow,L,red,6.14,3,light30,light,1,1,17,2
reference,glow,L,red,6.14,3,light60,light,1,1,17,2
reference,glow,L,red,6.14,3,persp,perspective,1,0,18,3
reference,glow,L,red,6.14,3,phone,combined,1,1,10,1
reference,glow,L,red,6.14,3,hard,combined,1,0,9,1
reference,glow,L,pastel,3.00,3,front,baseline,0,1,18,3
reference,glow,L,pastel,3.00,3,tilt10,tilt,0,0,18,2
reference,glow,L,pastel,3.00,3,tilt20,tilt,0,0,23,5
reference,glow,L,pastel,3.00,3,tilt28,tilt,0,0,17,2
reference,glow,L,pastel,3.00,3,tilt35,tilt,0,0,16,2
reference,glow,L,pastel,3.00,3,mod2,size,0,0,2,0
reference,glow,L,pastel,3.00,3,mod3,size,0,0,4,1
reference,glow,L,pastel,3.00,3,mod4,size,1,1,6,0
reference,glow,L,pastel,3.00,3,mod5,size,1,1,7,1
reference,glow,L,pastel,3.00,3,mod6,size,1,1,10,2
reference,glow,L,pastel,3.00,3,mod12,size,0,0,31,4
reference,glow,L,pastel,3.00,3,blur10,blur,1,1,17,2
reference,glow,L,pastel,3.00,3,blur20,blur,0,1,16,2
reference,glow,L,pastel,3.00,3,blur35,blur,0,0,13,2
reference,glow,L,pastel,3.00,3,jpeg60,jpeg,0,0,33,3
reference,glow,L,pastel,3.00,3,jpeg30,jpeg,0,1,22,2
reference,glow,L,pastel,3.00,3,jpeg15,jpeg,0,0,26,2
reference,glow,L,pastel,3.00,3,light30,light,0,1,26,2
reference,glow,L,pastel,3.00,3,light60,light,0,1,17,3
reference,glow,L,pastel,3.00,3,persp,perspective,0,0,18,2
reference,glow,L,pastel,3.00,3,phone,combined,0,0,14,1
reference,glow,L,pastel,3.00,3,hard,combined,0,0,9,1
reference,glow,L,gray,3.95,3,front,baseline,1,1,18,2
reference,glow,L,gray,3.95,3,tilt10,tilt,1,1,16,3
reference,glow,L,gray,3.95,3,tilt20,tilt,0,0,18,2
reference,glow,L,gray,3.95,3,tilt28,tilt,0,1,17,2
reference,glow,L,gray,3.95,3,tilt35,tilt,0,0,16,3
reference,glow,L,gray,3.95,3,mod2,size,0,0,2,0
reference,glow,L,gray,3.95,3,mod3,size,0,0,4,1
reference,glow,L,gray,3.95,3,mod4,size,1,1,6,0
reference,glow,L,gray,3.95,3,mod5,size,0,1,7,1
reference,glow,L,gray,3.95,3,mod6,size,1,1,11,1
reference,glow,L,gray,3.95,3,mod12,size,0,0,30,4
reference,glow,L,gray,3.95,3,blur10,blur,1,1,17,2
reference,glow,L,gray,3.95,3,blur20,blur,0,1,15,2
reference,glow,L,gray,3.95,3,blur35,blur,0,0,14,2
reference,glow,L,gray,3.95,3,jpeg60,jpeg,0,0,30,2
reference,glow,L,gray,3.95,3,jpeg30,jpeg,0,1,19,2
reference,glow,L,gray,3.95,3,jpeg15,jpeg,0,1,24,2
reference,glow,L,gray,3.95,3,light30,light,0,1,18,2
reference,glow,L,gray,3.95,3,light60,light,0,1,17,3
reference,glow,L,gray,3.95,3,persp,perspective,0,0,17,2
reference,glow,L,gray,3.95,3,phone,combined,1,0,11,1
reference,glow,L,gray,3.95,3,hard,combined,0,0,11,0
reference,glow,L,inverted,21.00,3,front,baseline,0,0,15,2
reference,glow,L,inverted,21.00,3,tilt10,tilt,0,0,16,2
reference,glow,L,inverted,21.00,3,tilt20,tilt,0,0,15,2
reference,glow,L,inverted,21.00,3,tilt28,tilt,0,0,16,2
reference,glow,L,inverted,21.00,3,tilt35,tilt,0,0,14,2
reference,glow,L,inverted,21.00,3,mod2,size,0,0,1,0
reference,glow,L,inverted,21.00,3,mod3,size,0,0,3,0
reference,glow,L,inverted,21.00,3,mod4,size,0,0,5,0
reference,glow,L,inverted,21.00,3,mod5,size,0,0,8,1
reference,glow,L,inverted,21.00,3,mod6,size,0,0,10,1
reference,glow,L,inverted,21.00,3,mod12,size,0,0,30,5
reference,glow,L,inverted,21.00,3,blur10,blur,0,0,28,4
reference,glow,L,inverted,21.00,3,blur20,blur,0,0,15,2
reference,glow,L,inverted,21.00,3,blur35,blur,0,0,14,2
reference,glow,L,inverted,21.00,3,jpeg60,jpeg,0,0,31,2
reference,glow,L,inverted,21.00,3,jpeg30,jpeg,0,0,26,2
reference,glow,L,inverted,21.00,3,jpeg15,jpeg,0,0,29,3
reference,glow,L,inverted,21.00,3,light30,light,0,0,20,2
reference,glow,L,inverted,21.00,3,light60,light,0,0,16,2
reference,glow,L,inverted,21.00,3,persp,perspective,0,0,18,3
reference,glow,L,inverted,21.00,3,phone,combined,0,0,15,1
reference,glow,L,inverted,21.00,3,hard,combined,0,0,5,1
reference,glow,M,bw,21.00,4,front,baseline,0,1,20,2
reference,glow,M,bw,21.00,4,tilt10,tilt,0,1,21,2
reference,glow,M,bw,21.00,4,tilt20,tilt,1,1,19,2
reference,glow,M,bw,21.00,4,tilt28,tilt,1,1,20,2
reference,glow,M,bw,21.00,4,tilt35,tilt,0,0,20,3
reference,glow,M,bw,21.00,4,mod2,size,1,0,3,0
reference,glow,M,bw,21.00,4,mod3,size,1,1,5,1
reference,glow,M,bw,21.00,4,mod4,size,1,1,7,1
reference,glow,M,bw,21.00,4,mod5,size,1,1,9,2
reference,glow,M,bw,21.00,4,mod6,size,1,1,13,2
reference,glow,M,bw,21.00,4,mod12,size,0,0,38,5
reference,glow,M,bw,21.00,4,blur10,blur,0,1,21,2
reference,glow,M,bw,21.00,4,blur20,blur,0,1,18,2
reference,glow,M,bw,21.00,4,blur35,blur,1,0,16,4
reference,glow,M,bw,21.00,4,jpeg60,jpeg,1,1,31,2
reference,glow,M,bw,21.00,4,jpeg30,jpeg,0,1,30,3
reference,glow,M,bw,21.00,4,jpeg15,jpeg,0,1,28,3
reference,glow,M,bw,21.00,4,light30,light,0,1,21,3
reference,glow,M,bw,21.00,4,light60,light,0,1,21,2
reference,glow,M,bw,21.00,4,persp,perspective,1,1,19,2
reference,glow,M,bw,21.00,4,phone,combined,1,1,12,2
reference,glow,M,bw,21.00,4,hard,combined,1,1,9,1
reference,glow,M,navy,13.28,4,front,baseline,0,1,25,2
reference,glow,M,navy,13.28,4,tilt10,tilt,0,1,21,3
reference,glow,M,navy,13.28,4,tilt20,tilt,1,1,25,5
reference,glow,M,navy,13.28,4,tilt28,tilt,1,1,27,3
reference,glow,M,navy,13.28,4,tilt35,tilt,0,0,21,4
reference,glow,M,navy,13.28,4,mod2,size,1,0,2,1
reference,glow,M,navy,13.28,4,mod3,size,1,1,7,1
reference,glow,M,navy,13.28,4,mod4,size,1,1,8,1
reference,glow,M,navy,13.28,4,mod5,size,1,1,9,1
reference,glow,M,navy,13.28,4,mod6,size,1,1,14,2
reference,glow,M,navy,13.28,4,mod12,size,0,0,42,5
reference,glow,M,navy,13.28,4,blur10,blur,0,1,21,2
reference,glow,M,navy,13.28,4,blur20,blur,1,1,18,2
reference,glow,M,navy,13.28,4,blur35,blur,1,0,16,3
reference,glow,M,navy,13.28,4,jpeg60,jpeg,0,0,32,3
reference,glow,M,navy,13.28,4,jpeg30,jpeg,0,1,31,2
reference,glow,M,navy,13.28,4,jpeg15,jpeg,0,1,30,2
reference,glow,M,navy,13.28,4,light30,light,0,1,22,2
reference,glow,M,navy,13.28,4,light60,light,0,1,21,3
reference,glow,M,navy,13.28,4,persp,perspective,1,1,20,2
reference,glow,M,navy,13.28,4,phone,combined,1,1,15,1
reference,glow,M,navy,13.28,4,hard,combined,1,1,9,1
reference,glow,M,red,6.14,4,front,baseline,0,1,21,3
reference,glow,M,red,6.14,4,tilt10,tilt,0,1,24,3
reference,glow,M,red,6.14,4,tilt20,tilt,1,1,19,3
reference,glow,M,red,6.14,4,tilt28,tilt,1,1,21,2
reference,glow,M,red,6.14,4,tilt35,tilt,0,0,36,7
reference,glow,M,red,6.14,4,mod2,size,1,0,4,0
reference,glow,M,red,6.14,4,mod3,size,1,1,6,0
reference,glow,M,red,6.14,4,mod4,size,0,1,9,1
reference,glow,M,red,6.14,4,mod5,size,1,1,10,1
reference,glow,M,red,6.14,4,mod6,size,1,1,13,1
reference,glow,M,red,6.14,4,mod12,size,0,0,40,5
reference,glow,M,red,6.14,4,blur10,blur,0,1,24,3
reference,glow,M,red,6.14,4,blur20,blur,0,1,18,2
reference,glow,M,red,6.14,4,blur35,blur,1,0,16,4
reference,glow,M,red,6.14,4,jpeg60,jpeg,0,1,32,2
reference,glow,M,red,6.14,4,jpeg30,jpeg,0,1,28,3
reference,glow,M,red,6.14,4,jpeg15,jpeg,0,1,27,3
reference,glow,M,red,6.14,4,light30,light,0,1,22,2
reference,glow,M,red,6.14,4,light60,light,0,1,21,3
reference,glow,M,red,6.14,4,persp,perspective,1,0,20,2
reference,glow,M,red,6.14,4,phone,combined,1,1,12,1
reference,glow,M,red,6.14,4,hard,combined,1,1,11,2
reference,glow,M,pastel,3.00,4,front,baseline,0,1,30,9
reference,glow,M,pastel,3.00,4,tilt10,tilt,0,0,48,5
reference,glow,M,pastel,3.00,4,tilt20,tilt,0,0,22,2
reference,glow,M,pastel,3.00,4,tilt28,tilt,0,0,22,2
reference,glow,M,pastel,3.00,4,tilt35,tilt,0,0,28,3
reference,glow,M,pastel,3.00,4,mod2,size,0,0,2,0
reference,glow,M,pastel,3.00,4,mod3,size,0,0,6,1
reference,glow,M,pastel,3.00,4,mod4,size,0,0,9,1
reference,glow,M,pastel,3.00,4,mod5,size,0,1,11,2
reference,glow,M,pastel,3.00,4,mod6,size,0,1,16,2
reference,glow,M,pastel,3.00,4,mod12,size,0,0,42,5
reference,glow,M,pastel,3.00,4,blur10,blur,0,1,23,2
reference,glow,M,pastel,3.00,4,blur20,blur,0,1,21,2
reference,glow,M,pastel,3.00,4,blur35,blur,0,0,17,3
reference,glow,M,pastel,3.00,4,jpeg60,jpeg,0,0,33,3
reference,glow,M,pastel,3.00,4,jpeg30,jpeg,0,1,27,3
reference,glow,M,pastel,3.00,4,jpeg15,jpeg,0,0,32,3
reference,glow,M,pastel,3.00,4,light30,light,0,1,24,2
reference,glow,M,pastel,3.00,4,light60,light,0,1,28,4
reference,glow,M,pastel,3.00,4,persp,perspective,0,0,23,2
reference,glow,M,pastel,3.00,4,phone,combined,0,1,12,1
reference,glow,M,pastel,3.00,4,hard,combined,0,0,9,1
reference,glow,M,gray,3.95,4,front,baseline,0,1,21,3
reference,glow,M,gray,3.95,4,tilt10,tilt,0,0,23,3
reference,glow,M,gray,3.95,4,tilt20,tilt,0,0,22,2
reference,glow,M,gray,3.95,4,tilt28,tilt,0,1,21,3
reference,glow,M,gray,3.95,4,tilt35,tilt,0,0,22,4
reference,glow,M,gray,3.95,4,mod2,size,0,0,3,0
reference,glow,M,gray,3.95,4,mod3,size,0,1,5,1
reference,glow,M,gray,3.95,4,mod4,size,0,0,8,1
reference,glow,M,gray,3.95,4,mod5,size,1,1,12,1
reference,glow,M,gray,3.95,4,mod6,size,0,1,19,2
reference,glow,M,gray,3.95,4,mod12,size,0,0,41,5
reference,glow,M,gray,3.95,4,blur10,blur,0,1,21,3
reference,glow,M,gray,3.95,4,blur20,blur,0,1,19,2
reference,glow,M,gray,3.95,4,blur35,blur,0,0,17,2
reference,glow,M,gray,3.95,4,jpeg60,jpeg,0,1,32,3
reference,glow,M,gray,3.95,4,jpeg30,jpeg,0,1,30,2
reference,glow,M,gray,3.95,4,jpeg15,jpeg,0,0,30,3
reference,glow,M,gray,3.95,4,light30,light,0,1,23,2
reference,glow,M,gray,3.95,4,light60,light,0,1,22,2
reference,glow,M,gray,3.95,4,persp,perspective,0,0,23,2
reference,glow,M,gray,3.95,4,phone,combined,0,1,11,2
reference,glow,M,gray,3.95,4,hard,combined,1,0,9,1
reference,glow,M,inverted,21.00,4,front,baseline,0,0,20,2
reference,glow,M,inverted,21.00,4,tilt10,tilt,0,0,21,2
reference,glow,M,inverted,21.00,4,tilt20,tilt,0,0,21,2
reference,glow,M,inverted,21.00,4,tilt28,tilt,0,0,19,3
reference,glow,M,inverted,21.00,4,tilt35,tilt,0,0,26,3
reference,glow,M,inverted,21.00,4,mod2,size,0,0,3,0
reference,glow,M,inverted,21.00,4,mod3,size,0,0,5,1
reference,glow,M,inverted,21.00,4,mod4,size,0,0,8,1
reference,glow,M,inverted,21.00,4,mod5,size,0,0,10,1
reference,glow,M,inverted,21.00,4,mod6,size,0,0,13,2
reference,glow,M,inverted,21.00,4,mod12,size,0,0,42,6
reference,glow,M,inverted,21.00,4,blur10,blur,0,0,20,3
reference,glow,M,inverted,21.00,4,blur20,blur,0,0,18,3
reference,glow,M,inverted,21.00,4,blur35,blur,0,0,16,3
reference,glow,M,inverted,21.00,4,jpeg60,jpeg,0,0,31,3
reference,glow,M,inverted,21.00,4,jpeg30,jpeg,0,0,30,3
reference,glow,M,inverted,21.00,4,jpeg15,jpeg,0,0,30,3
reference,glow,M,inverted,21.00,4,light30,light,0,0,21,2
reference,glow,M,inverted,21.00,4,light60,light,0,0,23,4
reference,glow,M,inverted,21.00,4,persp,perspective,0,0,22,2
reference,glow,M,inverted,21.00,4,phone,combined,0,0,12,1
reference,glow,M,inverted,21.00,4,hard,combined,0,0,7,1
reference,glow,Q,bw,21.00,4,front,baseline,1,1,21,2
reference,glow,Q,bw,21.00,4,tilt10,tilt,0,1,20,3
reference,glow,Q,bw,21.00,4,tilt20,tilt,1,1,19,2
reference,glow,Q,bw,21.00,4,tilt28,tilt,0,0,20,3
reference,glow,Q,bw,21.00,4,tilt35,tilt,0,1,21,3
reference,glow,Q,bw,21.00,4,mod2,size,1,0,3,1
reference,glow,Q,bw,21.00,4,mod3,size,1,1,7,1
reference,glow,Q,bw,21.00,4,mod4,size,1,1,8,1
reference,glow,Q,bw,21.00,4,mod5,size,1,1,9,1
reference,glow,Q,bw,21.00,4,mod6,size,1,1,13,1
reference,glow,Q,bw,21.00,4,mod12,size,0,0,41,5
reference,glow,Q,bw,21.00,4,blur10,blur,0,1,20,2
reference,glow,Q,bw,21.00,4,blur20,blur,1,1,17,2
reference,glow,Q,bw,21.00,4,blur35,blur,1,1,17,3
reference,glow,Q,bw,21.00,4,jpeg60,jpeg,0,1,31,2
reference,glow,Q,bw,21.00,4,jpeg30,jpeg,0,1,29,2
reference,glow,Q,bw,21.00,4,jpeg15,jpeg,0,1,28,2
reference,glow,Q,bw,21.00,4,light30,light,1,1,21,2
reference,glow,Q,bw,21.00,4,light60,light,1,1,20,2
reference,glow,Q,bw,21.00,4,persp,perspective,0,1,20,3
reference,glow,Q,bw,21.00,4,phone,combined,1,1,12,2
reference,glow,Q,bw,21.00,4,hard,combined,1,1,10,1
reference,glow,Q,navy,13.28,4,front,baseline,1,1,20,3
reference,glow,Q,navy,13.28,4,tilt10,tilt,1,1,21,2
reference,glow,Q,navy,13.28,4,tilt20,tilt,0,1,20,2
reference,glow,Q,navy,13.28,4,tilt28,tilt,0,0,19,4
reference,glow,Q,navy,13.28,4,tilt35,tilt,0,1,27,3
reference,glow,Q,navy,13.28,4,mod2,size,1,0,3,0
reference,glow,Q,navy,13.28,4,mod3,size,1,1,5,0
reference,glow,Q,navy,13.28,4,mod4,size,1,1,8,1
reference,glow,Q,navy,13.28,4,mod5,size,1,1,9,1
reference,glow,Q,navy,13.28,4,mod6,size,1,1,14,1
reference,glow,Q,navy,13.28,4,mod12,size,0,0,39,5
reference,glow,Q,navy,13.28,4,blur10,blur,0,1,21,2
reference,glow,Q,navy,13.28,4,blur20,blur,1,1,17,3
reference,glow,Q,navy,13.28,4,blur35,blur,0,1,17,3
reference,glow,Q,navy,13.28,4,jpeg60,jpeg,0,0,34,4
reference,glow,Q,navy,13.28,4,jpeg30,jpeg,0,1,29,3
reference,glow,Q,navy,13.28,4,jpeg15,jpeg,0,1,37,2
reference,glow,Q,navy,13.28,4,light30,light,1,1,20,3
reference,glow,Q,navy,13.28,4,light60,light,1,1,21,2
reference,glow,Q,navy,13.28,4,persp,perspective,0,1,20,3
reference,glow,Q,navy,13.28,4,phone,combined,1,1,22,3
reference,glow,Q,navy,13.28,4,hard,combined,1,1,10,1
reference,glow,Q,red,6.14,4,front,baseline,1,1,21,3
reference,glow,Q,red,6.14,4,tilt10,tilt,0,1,21,3
reference,glow,Q,red,6.14,4,tilt20,tilt,0,1,20,2
reference,glow,Q,red,6.14,4,tilt28,tilt,0,0,21,4
reference,glow,Q,red,6.14,4,tilt35,tilt,0,1,20,3
reference,glow,Q,red,6.14,4,mod2,size,1,0,3,0
reference,glow,Q,red,6.14,4,mod3,size,1,1,15,1
reference,glow,Q,red,6.14,4,mod4,size,0,1,8,1
reference,glow,Q,red,6.14,4,mod5,size,1,1,12,2
reference,glow,Q,red,6.14,4,mod6,size,1,1,13,2
reference,glow,Q,red,6.14,4,mod12,size,0,0,40,5
reference,glow,Q,red,6.14,4,blur10,blur,0,1,20,3
reference,glow,Q,red,6.14,4,blur20,blur,1,1,19,2
reference,glow,Q,red,6.14,4,blur35,blur,1,1,21,4
reference,glow,Q,red,6.14,4,jpeg60,jpeg,0,1,32,2
reference,glow,Q,red,6.14,4,jpeg30,jpeg,0,1,36,5
reference,glow,Q,red,6.14,4,jpeg15,jpeg,0,1,39,4
reference,glow,Q,red,6.14,4,light30,light,1,1,21,2
reference,glow,Q,red,6.14,4,light60,light,0,1,22,3
reference,glow,Q,red,6.14,4,persp,perspective,0,0,21,2
reference,glow,Q,red,6.14,4,phone,combined,1,1,14,1
reference,glow,Q,red,6.14,4,hard,combined,1,1,9,1
reference,glow,Q,pastel,3.00,4,front,baseline,0,1,25,3
reference,glow,Q,pastel,3.00,4,tilt10,tilt,0,0,23,3
reference,glow,Q,pastel,3.00,4,tilt20,tilt,0,0,22,3
reference,glow,Q,pastel,3.00,4,tilt28,tilt,0,0,23,4
reference,glow,Q,pastel,3.00,4,tilt35,tilt,0,0,43,4
reference,glow,Q,pastel,3.00,4,mod2,size,0,0,3,0
reference,glow,Q,pastel,3.00,4,mod3,size,0,0,6,1
reference,glow,Q,pastel,3.00,4,mod4,size,0,0,8,1
reference,glow,Q,pastel,3.00,4,mod5,size,0,1,10,1
reference,glow,Q,pastel,3.00,4,mod6,size,0,1,16,1
reference,glow,Q,pastel,3.00,4,mod12,size,0,0,39,6
reference,glow,Q,pastel,3.00,4,blur10,blur,0,1,22,2
reference,glow,Q,pastel,3.00,4,blur20,blur,0,1,20,2
reference,glow,Q,pastel,3.00,4,blur35,blur,0,0,16,3
reference,glow,Q,pastel,3.00,4,jpeg60,jpeg,0,0,31,3
reference,glow,Q,pastel,3.00,4,jpeg30,jpeg,0,1,27,2
reference,glow,Q,pastel,3.00,4,jpeg15,jpeg,0,0,28,4
reference,glow,Q,pastel,3.00,4,light30,light,0,1,40,2
reference,glow,Q,pastel,3.00,4,light60,light,0,1,22,3
reference,glow,Q,pastel,3.00,4,persp,perspective,0,0,22,5
reference,glow,Q,pastel,3.00,4,phone,combined,0,1,20,6
reference,glow,Q,pastel,3.00,4,hard,combined,0,0,10,1
reference,glow,Q,gray,3.95,4,front,baseline,0,1,21,2
reference,glow,Q,gray,3.95,4,tilt10,tilt,0,0,23,4
reference,glow,Q,gray,3.95,4,tilt20,tilt,0,0,21,3
reference,glow,Q,gray,3.95,4,tilt28,tilt,0,0,21,4
reference,glow,Q,gray,3.95,4,tilt35,tilt,0,0,29,4
reference,glow,Q,gray,3.95,4,mod2,size,0,0,2,1
reference,glow,Q,gray,3.95,4,mod3,size,0,0,6,0
reference,glow,Q,gray,3.95,4,mod4,size,0,0,8,1
reference,glow,Q,gray,3.95,4,mod5,size,1,1,11,1
reference,glow,Q,gray,3.95,4,mod6,size,0,1,15,1
reference,glow,Q,gray,3.95,4,mod12,size,0,0,38,6
reference,glow,Q,gray,3.95,4,blur10,blur,0,1,21,2
reference,glow,Q,gray,3.95,4,blur20,blur,0,1,18,3
reference,glow,Q,gray,3.95,4,blur35,blur,0,0,31,5
reference,glow,Q,gray,3.95,4,jpeg60,jpeg,0,1,31,2
reference,glow,Q,gray,3.95,4,jpeg30,jpeg,0,1,34,2
reference,glow,Q,gray,3.95,4,jpeg15,jpeg,0,0,32,2
reference,glow,Q,gray,3.95,4,light30,light,0,1,22,2
reference,glow,Q,gray,3.95,4,light60,light,0,1,23,2
reference,glow,Q,gray,3.95,4,persp,perspective,0,0,22,2
reference,glow,Q,gray,3.95,4,phone,combined,0,1,11,2
reference,glow,Q,gray,3.95,4,hard,combined,0,0,11,1
reference,glow,Q,inverted,21.00,4,front,baseline,0,0,24,2
reference,glow,Q,inverted,21.00,4,tilt10,tilt,0,0,20,2
reference,glow,Q,inverted,21.00,4,tilt20,tilt,0,0,20,2
reference,glow,Q,inverted,21.00,4,tilt28,tilt,0,0,20,3
reference,glow,Q,inverted,21.00,4,tilt35,tilt,0,0,19,2
reference,glow,Q,inverted,21.00,4,mod2,size,0,0,2,0
reference,glow,Q,inverted,21.00,4,mod3,size,0,0,5,0
reference,glow,Q,inverted,21.00,4,mod4,size,0,0,7,1
reference,glow,Q,inverted,21.00,4,mod5,size,0,0,10,1
reference,glow,Q,inverted,21.00,4,mod6,size,0,0,13,2
reference,glow,Q,inverted,21.00,4,mod12,size,0,0,44,5
reference,glow,Q,inverted,21.00,4,blur10,blur,0,0,20,2
reference,glow,Q,inverted,21.00,4,blur20,blur,0,0,17,2
reference,glow,Q,inverted,21.00,4,blur35,blur,0,0,16,3
reference,glow,Q,inverted,21.00,4,jpeg60,jpeg,0,0,32,3
reference,glow,Q,inverted,21.00,4,jpeg30,jpeg,0,0,31,2
reference,glow,Q,inverted,21.00,4,jpeg15,jpeg,0,0,30,2
reference,glow,Q,inverted,21.00,4,light30,light,0,0,21,2
reference,glow,Q,inverted,21.00,4,light60,light,0,0,19,3
reference,glow,Q,inverted,21.00,4,persp,perspective,0,0,18,3
reference,glow,Q,inverted,21.00,4,phone,combined,0,0,12,1
reference,glow,Q,inverted,21.00,4,hard,combined,0,0,8,1
reference,glow,H,bw,21.00,5,front,baseline,1,1,24,3
reference,glow,H,bw,21.00,5,tilt10,tilt,1,1,26,3
reference,glow,H,bw,21.00,5,tilt20,tilt,1,1,46,5
reference,glow,H,bw,21.00,5,tilt28,tilt,0,1,24,3
reference,glow,H,bw,21.00,5,tilt35,tilt,1,1,24,3
reference,glow,H,bw,21.00,5,mod2,size,1,0,3,1
reference,glow,H,bw,21.00,5,mod3,size,1,1,6,1
reference,glow,H,bw,21.00,5,mod4,size,1,1,9,1
reference,glow,H,bw,21.00,5,mod5,size,1,1,11,1
reference,glow,H,bw,21.00,5,mod6,size,1,1,15,2
reference,glow,H,bw,21.00,5,mod12,size,0,0,48,6
reference,glow,H,bw,21.00,5,blur10,blur,1,1,24,3
reference,glow,H,bw,21.00,5,blur20,blur,1,1,21,3
reference,glow,H,bw,21.00,5,blur35,blur,1,0,20,4
reference,glow,H,bw,21.00,5,jpeg60,jpeg,0,1,38,3
reference,glow,H,bw,21.00,5,jpeg30,jpeg,0,1,35,3
reference,glow,H,bw,21.00,5,jpeg15,jpeg,0,1,39,3
reference,glow,H,bw,21.00,5,light30,light,1,1,25,5
reference,glow,H,bw,21.00,5,light60,light,1,1,30,3
reference,glow,H,bw,21.00,5,persp,perspective,1,1,25,3
reference,glow,H,bw,21.00,5,phone,combined,1,1,14,1
reference,glow,H,bw,21.00,5,hard,combined,1,1,11,1
reference,glow,H,navy,13.28,5,front,baseline,1,1,25,2
reference,glow,H,navy,13.28,5,tilt10,tilt,1,1,24,2
reference,glow,H,navy,13.28,5,tilt20,tilt,1,1,24,3
reference,glow,H,navy,13.28,5,tilt28,tilt,1,1,23,3
reference,glow,H,navy,13.28,5,tilt35,tilt,1,1,23,3
reference,glow,H,navy,13.28,5,mod2,size,1,0,3,0
reference,glow,H,navy,13.28,5,mod3,size,1,1,6,0
reference,glow,H,navy,13.28,5,mod4,size,1,1,8,1
reference,glow,H,navy,13.28,5,mod5,size,1,1,11,1
reference,glow,H,navy,13.28,5,mod6,size,1,1,15,2
reference,glow,H,navy,13.28,5,mod12,size,0,0,50,6
reference,glow,H,navy,13.28,5,blur10,blur,1,1,25,2
reference,glow,H,navy,13.28,5,blur20,blur,1,1,22,3
reference,glow,H,navy,13.28,5,blur35,blur,1,0,21,4
reference,glow,H,navy,13.28,5,jpeg60,jpeg,0,1,43,3
reference,glow,H,navy,13.28,5,jpeg30,jpeg,0,1,47,3
reference,glow,H,navy,13.28,5,jpeg15,jpeg,0,1,31,3
reference,glow,H,navy,13.28,5,light30,light,1,1,26,3
reference,glow,H,navy,13.28,5,light60,light,1,1,29,3
reference,glow,H,navy,13.28,5,persp,perspective,1,1,27,3
reference,glow,H,navy,13.28,5,phone,combined,1,1,17,2
reference,glow,H,navy,13.28,5,hard,combined,1,0,23,3
reference,glow,H,red,6.14,5,front,baseline,1,1,25,3
reference,glow,H,red,6.14,5,tilt10,tilt,1,1,28,6
reference,glow,H,red,6.14,5,tilt20,tilt,0,1,38,3
reference,glow,H,red,6.14,5,tilt28,tilt,1,1,24,4
reference,glow,H,red,6.14,5,tilt35,tilt,0,0,25,4
reference,glow,H,red,6.14,5,mod2,size,1,0,4,0
reference,glow,H,red,6.14,5,mod3,size,1,1,6,0
reference,glow,H,red,6.14,5,mod4,size,1,1,9,1
reference,glow,H,red,6.14,5,mod5,size,1,1,12,1
reference,glow,H,red,6.14,5,mod6,size,1,1,15,2
reference,glow,H,red,6.14,5,mod12,size,0,0,50,7
reference,glow,H,red,6.14,5,blur10,blur,1,1,25,4
reference,glow,H,red,6.14,5,blur20,blur,1,1,22,3
reference,glow,H,red,6.14,5,blur35,blur,1,0,21,4
reference,glow,H,red,6.14,5,jpeg60,jpeg,0,1,37,3
reference,glow,H,red,6.14,5,jpeg30,jpeg,0,1,35,3
reference,glow,H,red,6.14,5,jpeg15,jpeg,0,1,33,3
reference,glow,H,red,6.14,5,light30,light,1,1,25,3
reference,glow,H,red,6.14,5,light60,light,1,1,26,2
reference,glow,H,red,6.14,5,persp,perspective,1,1,26,4
reference,glow,H,red,6.14,5,phone,combined,1,1,16,1
reference,glow,H,red,6.14,5,hard,combined,1,1,13,1
reference,glow,H,pastel,3.00,5,front,baseline,0,1,33,3
reference,glow,H,pastel,3.00,5,tilt10,tilt,0,0,27,3
reference,glow,H,pastel,3.00,5,tilt20,tilt,0,0,27,3
reference,glow,H,pastel,3.00,5,tilt28,tilt,0,0,27,3
reference,glow,H,pastel,3.00,5,tilt35,tilt,0,0,27,3
reference,glow,H,pastel,3.00,5,mod2,size,0,0,4,0
reference,glow,H,pastel,3.00,5,mod3,size,1,1,7,1
reference,glow,H,pastel,3.00,5,mod4,size,1,1,9,1
reference,glow,H,pastel,3.00,5,mod5,size,1,1,17,2
reference,glow,H,pastel,3.00,5,mod6,size,0,1,17,2
reference,glow,H,pastel,3.00,5,mod12,size,0,0,49,5
reference,glow,H,pastel,3.00,5,blur10,blur,1,1,27,3
reference,glow,H,pastel,3.00,5,blur20,blur,0,1,23,3
reference,glow,H,pastel,3.00,5,blur35,blur,0,0,28,3
reference,glow,H,pastel,3.00,5,jpeg60,jpeg,0,0,43,3
reference,glow,H,pastel,3.00,5,jpeg30,jpeg,0,1,30,3
reference,glow,H,pastel,3.00,5,jpeg15,jpeg,0,1,37,3
reference,glow,H,pastel,3.00,5,light30,light,0,1,28,2
reference,glow,H,pastel,3.00,5,light60,light,0,1,27,3
reference,glow,H,pastel,3.00,5,persp,perspective,0,0,28,3
reference,glow,H,pastel,3.00,5,phone,combined,1,0,19,1
reference,glow,H,pastel,3.00,5,hard,combined,0,0,9,1
reference,glow,H,gray,3.95,5,front,baseline,1,1,27,3
reference,glow,H,gray,3.95,5,tilt10,tilt,0,0,27,3
reference,glow,H,gray,3.95,5,tilt20,tilt,0,0,26,3
reference,glow,H,gray,3.95,5,tilt28,tilt,0,1,25,4
reference,glow,H,gray,3.95,5,tilt35,tilt,0,0,25,3
reference,glow,H,gray,3.95,5,mod2,size,0,0,3,0
reference,glow,H,gray,3.95,5,mod3,size,1,1,7,0
reference,glow,H,gray,3.95,5,mod4,size,1,1,9,1
reference,glow,H,gray,3.95,5,mod5,size,1,1,12,1
reference,glow,H,gray,3.95,5,mod6,size,0,1,18,1
reference,glow,H,gray,3.95,5,mod12,size,0,0,49,6
reference,glow,H,gray,3.95,5,blur10,blur,1,1,25,3
reference,glow,H,gray,3.95,5,blur20,blur,0,1,21,3
reference,glow,H,gray,3.95,5,blur35,blur,0,0,19,3
reference,glow,H,gray,3.95,5,jpeg60,jpeg,0,0,33,3
reference,glow,H,gray,3.95,5,jpeg30,jpeg,0,1,41,3
reference,glow,H,gray,3.95,5,jpeg15,jpeg,0,0,53,6
reference,glow,H,gray,3.95,5,light30,light,0,1,26,3
reference,glow,H,gray,3.95,5,light60,light,0,1,28,2
reference,glow,H,gray,3.95,5,persp,perspective,0,0,28,3
reference,glow,H,gray,3.95,5,phone,combined,1,0,16,1
reference,glow,H,gray,3.95,5,hard,combined,1,0,13,1
reference,glow,H,inverted,21.00,5,front,baseline,0,0,28,3
reference,glow,H,inverted,21.00,5,tilt10,tilt,0,0,27,3
reference,glow,H,inverted,21.00,5,tilt20,tilt,0,0,24,3
reference,glow,H,inverted,21.00,5,tilt28,tilt,0,0,25,3
reference,glow,H,inverted,21.00,5,tilt35,tilt,0,0,24,3
reference,glow,H,inverted,21.00,5,mod2,size,0,0,3,0
reference,glow,H,inverted,21.00,5,mod3,size,0,0,6,0
reference,glow,H,inverted,21.00,5,mod4,size,0,0,9,1
reference,glow,H,inverted,21.00,5,mod5,size,0,0,12,1
reference,glow,H,inverted,21.00,5,mod6,size,0,0,16,2
reference,glow,H,inverted,21.00,5,mod12,size,0,0,51,6
reference,glow,H,inverted,21.00,5,blur10,blur,0,0,24,3
reference,glow,H,inverted,21.00,5,blur20,blur,0,0,21,3
reference,glow,H,inverted,21.00,5,blur35,blur,0,0,20,2
reference,glow,H,inverted,21.00,5,jpeg60,jpeg,0,0,44,4
reference,glow,H,inverted,21.00,5,jpeg30,jpeg,0,0,41,3
reference,glow,H,inverted,21.00,5,jpeg15,jpeg,0,0,37,3
reference,glow,H,inverted,21.00,5,light30,light,0,0,34,3
reference,glow,H,inverted,21.00,5,light60,light,0,0,24,3
reference,glow,H,inverted,21.00,5,persp,perspective,0,0,23,3
reference,glow,H,inverted,21.00,5,phone,combined,0,0,13,1
reference,glow,H,inverted,21.00,5,hard,combined,0,0,9,1
